0000000 457f 464c 0102 0001 0000 0000 0000 0000
0000010 0003 003e 0001 0000 1080 0000 0000 0000
0000020 0040 0000 0000 0000 f018 0003 0000 0000
0000030 0000 0000 0040 0038 000d 0040 0026 0025
0000040 0006 0000 0004 0000 0040 0000 0000 0000
0000050 0040 0000 0000 0000 0040 0000 0000 0000
0000060 02d8 0000 0000 0000 02d8 0000 0000 0000
0000070 0008 0000 0000 0000 0003 0000 0004 0000
0000080 0318 0000 0000 0000 0318 0000 0000 0000
0000090 0318 0000 0000 0000 001c 0000 0000 0000
00000a0 001c 0000 0000 0000 0001 0000 0000 0000
00000b0 0001 0000 0004 0000 0000 0000 0000 0000
00000c0 0000 0000 0000 0000 0000 0000 0000 0000
00000d0 0718 0000 0000 0000 0718 0000 0000 0000
00000e0 1000 0000 0000 0000 0001 0000 0005 0000
00000f0 1000 0000 0000 0000 1000 0000 0000 0000
0000100 1000 0000 0000 0000 01f5 0000 0000 0000
0000110 01f5 0000 0000 0000 1000 0000 0000 0000
0000120 0001 0000 0004 0000 2000 0000 0000 0000
0000130 2000 0000 0000 0000 2000 0000 0000 0000
0000140 01e4 0000 0000 0000 01e4 0000 0000 0000
0000150 1000 0000 0000 0000 0001 0000 0006 0000
0000160 2d90 0000 0000 0000 3d90 0000 0000 0000
0000170 3d90 0000 0000 0000 0280 0000 0000 0000
0000180 0288 0000 0000 0000 1000 0000 0000 0000
0000190 0002 0000 0006 0000 2da8 0000 0000 0000
00001a0 3da8 0000 0000 0000 3da8 0000 0000 0000
00001b0 0200 0000 0000 0000 0200 0000 0000 0000
00001c0 0008 0000 0000 0000 0004 0000 0004 0000
00001d0 0338 0000 0000 0000 0338 0000 0000 0000
00001e0 0338 0000 0000 0000 0030 0000 0000 0000
00001f0 0030 0000 0000 0000 0008 0000 0000 0000
0000200 0004 0000 0004 0000 0368 0000 0000 0000
0000210 0368 0000 0000 0000 0368 0000 0000 0000
0000220 0044 0000 0000 0000 0044 0000 0000 0000
0000230 0004 0000 0000 0000 e553 6474 0004 0000
0000240 0338 0000 0000 0000 0338 0000 0000 0000
0000250 0338 0000 0000 0000 0030 0000 0000 0000
0000260 0030 0000 0000 0000 0008 0000 0000 0000
0000270 e550 6474 0004 0000 20b0 0000 0000 0000
0000280 20b0 0000 0000 0000 20b0 0000 0000 0000
0000290 0044 0000 0000 0000 0044 0000 0000 0000
00002a0 0004 0000 0000 0000 e551 6474 0006 0000
00002b0 0000 0000 0000 0000 0000 0000 0000 0000
*
00002d0 0000 0000 0000 0000 0010 0000 0000 0000
00002e0 e552 6474 0004 0000 2d90 0000 0000 0000
00002f0 3d90 0000 0000 0000 3d90 0000 0000 0000
0000300 0270 0000 0000 0000 0270 0000 0000 0000
0000310 0001 0000 0000 0000 6c2f 6269 3436 6c2f
0000320 2d64 696c 756e 2d78 3878 2d36 3436 732e
0000330 2e6f 0032 0000 0000 0004 0000 0020 0000
0000340 0005 0000 4e47 0055 0002 c000 0004 0000
0000350 0003 0000 0000 0000 8002 c000 0004 0000
0000360 0001 0000 0000 0000 0004 0000 0014 0000
0000370 0003 0000 4e47 0055 78e6 53da 8a00 fddc
0000380 a51a 2f8d 1afa 2cd8 18a0 ab48 0004 0000
0000390 0010 0000 0001 0000 4e47 0055 0000 0000
00003a0 0003 0000 0002 0000 0000 0000 0000 0000
00003b0 0002 0000 0008 0000 0001 0000 0006 0000
00003c0 0000 0081 0000 0000 0008 0000 0000 0000
00003d0 65d1 6dce 0000 0000 0000 0000 0000 0000
00003e0 0000 0000 0000 0000 0000 0000 0000 0000
00003f0 0085 0000 0012 0000 0000 0000 0000 0000
0000400 0000 0000 0000 0000 0097 0000 0012 0000
0000410 0000 0000 0000 0000 0000 0000 0000 0000
0000420 005e 0000 0012 0000 0000 0000 0000 0000
0000430 0000 0000 0000 0000 0010 0000 0020 0000
0000440 0000 0000 0000 0000 0000 0000 0000 0000
0000450 0001 0000 0020 0000 0000 0000 0000 0000
0000460 0000 0000 0000 0000 002c 0000 0020 0000
0000470 0000 0000 0000 0000 0000 0000 0000 0000
0000480 0046 0000 0012 0000 0000 0000 0000 0000
0000490 0000 0000 0000 0000 0076 0000 0022 0000
00004a0 0000 0000 0000 0000 0000 0000 0000 0000
00004b0 5f00 675f 6f6d 5f6e 7473 7261 5f74 005f
00004c0 495f 4d54 645f 7265 6765 7369 6574 5472
00004d0 434d 6f6c 656e 6154 6c62 0065 495f 4d54
00004e0 725f 6765 7369 6574 5472 434d 6f6c 656e
00004f0 6154 6c62 0065 5a5f 534e 3874 6f69 5f73
0000500 6162 6573 4934 696e 4474 4531 0076 5a5f
0000510 534e 3874 6f69 5f73 6162 6573 4934 696e
0000520 4374 4531 0076 5f5f 7863 5f61 6966 616e
0000530 696c 657a 5f00 6c5f 6269 5f63 7473 7261
0000540 5f74 616d 6e69 5f00 635f 6178 615f 6574
0000550 6978 0074 696c 7362 6474 2b63 2e2b 6f73
0000560 362e 6c00 6269 2e63 6f73 362e 4700 494c
0000570 4342 5858 335f 342e 4700 494c 4342 325f
0000580 332e 0034 4c47 4249 5f43 2e32 2e32 0035
0000590 0000 0003 0002 0004 0001 0001 0001 0004
00005a0 0002 0000 0000 0000 0001 0001 00a4 0000
00005b0 0010 0000 0020 0000 2974 0892 0000 0004
00005c0 00bd 0000 0000 0000 0001 0002 00b3 0000
00005d0 0010 0000 0000 0000 91b4 0696 0000 0003
00005e0 00c9 0000 0010 0000 1a75 0969 0000 0002
00005f0 00d4 0000 0000 0000 3d90 0000 0000 0000
0000600 0008 0000 0000 0000 1160 0000 0000 0000
0000610 3d98 0000 0000 0000 0008 0000 0000 0000
0000620 11ce 0000 0000 0000 3da0 0000 0000 0000
0000630 0008 0000 0000 0000 1120 0000 0000 0000
0000640 4008 0000 0000 0000 0008 0000 0000 0000
0000650 4008 0000 0000 0000 3fd0 0000 0000 0000
0000660 0006 0000 0008 0000 0000 0000 0000 0000
0000670 3fd8 0000 0000 0000 0006 0000 0001 0000
0000680 0000 0000 0000 0000 3fe0 0000 0000 0000
0000690 0006 0000 0004 0000 0000 0000 0000 0000
00006a0 3fe8 0000 0000 0000 0006 0000 0005 0000
00006b0 0000 0000 0000 0000 3ff0 0000 0000 0000
00006c0 0006 0000 0006 0000 0000 0000 0000 0000
00006d0 3ff8 0000 0000 0000 0006 0000 0007 0000
00006e0 0000 0000 0000 0000 3fc0 0000 0000 0000
00006f0 0007 0000 0002 0000 0000 0000 0000 0000
0000700 3fc8 0000 0000 0000 0007 0000 0003 0000
0000710 0000 0000 0000 0000 0000 0000 0000 0000
*
0001000 0ff3 fa1e 8348 08ec 8b48 d905 002f 4800
0001010 c085 0274 d0ff 8348 08c4 00c3 0000 0000
0001020 35ff 2f8a 0000 fff2 8b25 002f 0f00 001f
0001030 0ff3 fa1e 0068 0000 f200 e1e9 ffff 90ff
0001040 0ff3 fa1e 0168 0000 f200 d1e9 ffff 90ff
0001050 0ff3 fa1e fff2 7525 002f 0f00 441f 0000
0001060 0ff3 fa1e fff2 5525 002f 0f00 441f 0000
0001070 0ff3 fa1e fff2 4d25 002f 0f00 441f 0000
0001080 0ff3 fa1e ed31 8949 5ed1 8948 48e2 e483
0001090 50f0 4554 c031 c931 8d48 ca3d 0000 ff00
00010a0 3315 002f f400 2e66 1f0f 0084 0000 0000
00010b0 8d48 593d 002f 4800 058d 2f52 0000 3948
00010c0 74f8 4815 058b 2f16 0000 8548 74c0 ff09
00010d0 0fe0 801f 0000 0000 0fc3 801f 0000 0000
00010e0 8d48 293d 002f 4800 358d 2f22 0000 2948
00010f0 48fe f089 c148 3fee c148 03f8 0148 48c6
0001100 fed1 1474 8b48 e505 002e 4800 c085 0874
0001110 e0ff 0f66 441f 0000 0fc3 801f 0000 0000
0001120 0ff3 fa1e 3d80 2ee5 0000 7500 552b 8348
0001130 9a3d 002e 0000 8948 74e5 480c 3d8b 2ec6
0001140 0000 09e8 ffff e8ff ff64 ffff 05c6 2ebd
0001150 0000 5d01 0fc3 001f 0fc3 801f 0000 0000
0001160 0ff3 fa1e 77e9 ffff f3ff 1e0f 55fa 8948
0001170 b8e5 0000 0000 c35d 0ff3 fa1e 4855 e589
0001180 8348 10ec 7d89 89fc f875 7d83 01fc 3b75
0001190 7d81 fff8 00ff 7500 4832 058d 2e71 0000
00011a0 8948 e8c7 fec8 ffff 8d48 5905 002e 4800
00011b0 c289 8d48 5805 002e 4800 c689 8b48 3505
00011c0 002e 4800 c789 95e8 fffe 90ff c3c9 0ff3
00011d0 fa1e 4855 e589 ffbe 00ff bf00 0001 0000
00011e0 93e8 ffff 5dff 00c3 0ff3 fa1e 8348 08ec
00011f0 8348 08c4 00c3 0000 0000 0000 0000 0000
0001200 0000 0000 0000 0000 0000 0000 0000 0000
*
0002000 0001 0002 0000 0000 0002 0000 0000 0000
0002010 0004 0000 0000 0000 000c 0000 0010 0000
0002020 0000 0000 0003 0000 07b2 0000 0000 0000
0002030 0001 0000 0000 0000 0001 0000 0000 0000
0002040 0000 0000 0000 0000 0000 0000 0000 0000
*
0002070 0000 0000 0001 0000 0002 0000 0003 0000
0002080 0004 0000 0005 0000 0006 0000 0007 0000
0002090 0008 0000 0009 0000 000a 0000 000b 0000
00020a0 000c 0000 0000 0000 ffff ffff ffff ffff
00020b0 1b01 3b03 0044 0000 0007 0000 ef70 ffff
00020c0 0078 0000 efa0 ffff 00a0 0000 efb0 ffff
00020d0 00b8 0000 efd0 ffff 0060 0000 f0b9 ffff
00020e0 00d0 0000 f0c8 ffff 00f0 0000 f11e ffff
00020f0 0110 0000 0000 0000 0014 0000 0000 0000
0002100 7a01 0052 7801 0110 0c1b 0807 0190 0000
0002110 0014 0000 001c 0000 ef68 ffff 0026 0000
0002120 4400 1007 0000 0000 0024 0000 0034 0000
0002130 eef0 ffff 0030 0000 0e00 4610 180e 0f4a
0002140 770b 8008 3f00 3a1a 332a 2224 0000 0000
0002150 0014 0000 005c 0000 eef8 ffff 0010 0000
0002160 0000 0000 0000 0000 0014 0000 0074 0000
0002170 eef0 ffff 0020 0000 0000 0000 0000 0000
0002180 001c 0000 008c 0000 efe1 ffff 000f 0000
0002190 4500 100e 0286 0d43 4606 070c 0008 0000
00021a0 001c 0000 00ac 0000 efd0 ffff 0056 0000
00021b0 4500 100e 0286 0d43 0206 0c4d 0807 0000
00021c0 001c 0000 00cc 0000 f006 ffff 0019 0000
00021d0 4500 100e 0286 0d43 5006 070c 0008 0000
00021e0 0000 0000 0000 0000 0000 0000 0000 0000
*
0002d90 1160 0000 0000 0000 11ce 0000 0000 0000
0002da0 1120 0000 0000 0000 0001 0000 0000 0000
0002db0 00a4 0000 0000 0000 0001 0000 0000 0000
0002dc0 00b3 0000 0000 0000 000c 0000 0000 0000
0002dd0 1000 0000 0000 0000 000d 0000 0000 0000
0002de0 11e8 0000 0000 0000 0019 0000 0000 0000
0002df0 3d90 0000 0000 0000 001b 0000 0000 0000
0002e00 0010 0000 0000 0000 001a 0000 0000 0000
0002e10 3da0 0000 0000 0000 001c 0000 0000 0000
0002e20 0008 0000 0000 0000 fef5 6fff 0000 0000
0002e30 03b0 0000 0000 0000 0005 0000 0000 0000
0002e40 04b0 0000 0000 0000 0006 0000 0000 0000
0002e50 03d8 0000 0000 0000 000a 0000 0000 0000
0002e60 00e0 0000 0000 0000 000b 0000 0000 0000
0002e70 0018 0000 0000 0000 0015 0000 0000 0000
0002e80 0000 0000 0000 0000 0003 0000 0000 0000
0002e90 3fa8 0000 0000 0000 0002 0000 0000 0000
0002ea0 0030 0000 0000 0000 0014 0000 0000 0000
0002eb0 0007 0000 0000 0000 0017 0000 0000 0000
0002ec0 06e8 0000 0000 0000 0007 0000 0000 0000
0002ed0 05f8 0000 0000 0000 0008 0000 0000 0000
0002ee0 00f0 0000 0000 0000 0009 0000 0000 0000
0002ef0 0018 0000 0000 0000 001e 0000 0000 0000
0002f00 0008 0000 0000 0000 fffb 6fff 0000 0000
0002f10 0001 0800 0000 0000 fffe 6fff 0000 0000
0002f20 05a8 0000 0000 0000 ffff 6fff 0000 0000
0002f30 0002 0000 0000 0000 fff0 6fff 0000 0000
0002f40 0590 0000 0000 0000 fff9 6fff 0000 0000
0002f50 0004 0000 0000 0000 0000 0000 0000 0000
0002f60 0000 0000 0000 0000 0000 0000 0000 0000
*
0002fa0 0000 0000 0000 0000 3da8 0000 0000 0000
0002fb0 0000 0000 0000 0000 0000 0000 0000 0000
0002fc0 1030 0000 0000 0000 1040 0000 0000 0000
0002fd0 0000 0000 0000 0000 0000 0000 0000 0000
*
0003000 0000 0000 0000 0000 4008 0000 0000 0000
0003010 4347 3a43 2820 6255 6e75 7574 3120 2e31
0003020 2e34 2d30 7531 7562 746e 3175 327e 2e32
0003030 3430 2029 3131 342e 302e 2c00 0000 0200
0003040 0000 0000 0800 0000 0000 6900 0011 0000
0003050 0000 7e00 0000 0000 0000 0000 0000 0000
0003060 0000 0000 0000 0000 0000 3300 0084 0500
0003070 0100 0008 0000 5800 875e 0002 0021 0000
0003080 2b00 0000 6900 0011 0000 0000 7e00 0000
0003090 0000 0000 0000 0000 0000 0000 1900 0320
00030a0 b995 0001 1019 0304 009d 1900 0404 03bc
00030b0 0002 0819 1404 013a 1900 0410 3a0f 0001
00030c0 0e05 0059 0300 17d1 0061 0000 0819 de07
00030d0 0189 0500 ddcd 0000 2804 741b 0000 5900
00030e0 d738 0001 007d 0000 8d2e 0000 8d00 0000
00030f0 2f00 0061 0000 0000 bc5a 01a3 1800 0005
0003100 00c2 0000 7d32 017f c200 0000 0000 0d32
0003110 0210 c200 0000 0400 7032 0047 c900 0000
0003120 0800 c632 006f c900 0000 1000 1900 0704
0003130 2180 0002 085b a405 01e4 0600 1714 00c2
0003140 0000 0833 0e07 1401 0166 2100 0001 4300
0003150 0704 0311 0106 0000 8f34 01f6 0700 1312
0003160 00c2 0000 2d34 015b 0700 0a13 0121 0000
0003170 0600 bf0b 0000 0f07 3d07 0001 0000 8006
0003180 017b 0700 0514 00e4 0000 0004 312e 0001
0003190 3100 0001 2f00 0061 0000 0003 0119 9706
00031a0 0153 0a00 0131 0000 045c 6905 746e 0a00
00031b0 013d 0000 1605 0166 0700 0315 00d7 0000
00031c0 1805 0166 0800 1506 0149 0000 550a 0001
00031d0 0500 46b8 0002 0509 7219 0001 1a00 503f
00031e0 0001 0ad8 0831 02f9 0000 9106 0102 0a00
00031f0 0733 013d 0000 0600 3356 0002 360a 0209
0003200 0061 0800 9706 00e4 0a00 0937 6102 0000
0003210 0610 2438 0001 380a 0209 0061 1800 2d06
0003220 0282 0a00 0939 6102 0000 0620 3bc8 0002
0003230 3a0a 0209 0061 2800 ce06 00ec 0a00 093b
0003240 6102 0000 0630 516e 0002 3c0a 0209 0061
0003250 3800 e106 021e 0a00 093d 6102 0000 0640
0003260 4c29 0001 400a 0209 0061 4800 6406 012f
0003270 0a00 0941 6102 0000 0650 8df7 0000 420a
0003280 0209 0061 5800 0806 00a1 0a00 1644 7893
0003290 0000 0660 f6a3 0001 460a 9814 0078 6800
00032a0 2106 016a 0a00 0748 013d 0000 0670 f4e9
00032b0 0001 490a 3d07 0001 7400 ab06 0198 0a00
00032c0 0b4a 710d 0000 0678 9d97 0001 4d0a 0512
00032d0 0003 8000 c306 0073 0a00 0f4e 6fba 0000
00032e0 0682 8619 0000 4f0a 9d08 0078 8300 4d06
00032f0 0026 0a00 0f51 78ad 0000 0688 98af 0001
0003300 590a 190d 0071 9000 9d06 01fe 0a00 175b
0003310 78b7 0000 0698 c36b 0000 5c0a c119 0078
0003320 a000 c006 00b7 0a00 145d 7898 0000 06a8
0003330 1fc3 0000 5e0a c909 0000 b000 f906 026e
0003340 0a00 0a5f 0055 0000 06b8 a79e 0000 600a
0003350 3d07 0001 c000 5106 01b6 0a00 0862 78c6
0003360 0000 00c4 0d05 0064 0b00 1907 0172 0000
0003370 0219 b307 0278 0800 0138 0000 0c0a 0003
0003380 5d00 7473 0064 160e 0b01 5dca 0000 0c04
0003390 0b40 0155 0000 0c04 0b8d 00cb 0000 0c04
00033a0 0b8f 5dca 0000 0c04 0b90 5de1 0000 0c04
00033b0 0b91 5dfd 0000 0c04 0b92 5e2f 0000 0c04
00033c0 0b93 5e4b 0000 0c04 0b94 5e6c 0000 0c04
00033d0 0b95 5e88 0000 0c04 0b96 5ea5 0000 0c04
00033e0 0b97 5ec6 0000 0c04 0b98 5edd 0000 0c04
00033f0 0b99 5eea 0000 0c04 0b9a 5f10 0000 0c04
0003400 0b9b 5f36 0000 0c04 0b9c 5f52 0000 0c04
0003410 0b9d 5f7d 0000 0c04 0b9e 5f99 0000 0c04
0003420 0ba0 5fb0 0000 0c04 0ba2 5fd2 0000 0c04
0003430 0ba3 5ff3 0000 0c04 0ba4 600f 0000 0c04
0003440 0ba6 6035 0000 0c04 0ba9 605a 0000 0c04
0003450 0bac 6080 0000 0c04 0bae 60a5 0000 0c04
0003460 0bb0 60c1 0000 0c04 0bb2 60e1 0000 0c04
0003470 0bb3 610c 0000 0c04 0bb4 6127 0000 0c04
0003480 0bb5 6142 0000 0c04 0bb6 615d 0000 0c04
0003490 0bb7 6178 0000 0c04 0bb8 6193 0000 0c04
00034a0 0bb9 625f 0000 0c04 0bba 6275 0000 0c04
00034b0 0bbb 6295 0000 0c04 0bbc 62b5 0000 0c04
00034c0 0bbd 62d5 0000 0c04 0bbe 6300 0000 0c04
00034d0 0bbf 631b 0000 0c04 0bc1 633c 0000 0c04
00034e0 0bc3 6358 0000 0c04 0bc4 6378 0000 0c04
00034f0 0bc5 63a0 0000 0c04 0bc6 63c1 0000 0c04
0003500 0bc7 63e1 0000 0c04 0bc8 63f8 0000 0c04
0003510 0bc9 6419 0000 0c04 0bca 643a 0000 0c04
0003520 0bcb 645b 0000 0c04 0bcc 647c 0000 0c04
0003530 0bcd 6494 0000 0c04 0bce 64b0 0000 0c04
0003540 0bce 64cf 0000 0c04 0bcf 64ee 0000 0c04
0003550 0bcf 650d 0000 0c04 0bd0 652c 0000 0c04
0003560 0bd0 654b 0000 0c04 0bd1 656a 0000 0c04
0003570 0bd1 6589 0000 0c04 0bd2 65a8 0000 0c04
0003580 0bd2 65cc 0000 0c17 010b f016 006e 1700
0003590 0c0c 1601 6f0c 0000 0c17 010d 3416 006f
00035a0 1700 1b0c 0e01 633c 0000 0c17 011e 350e
00035b0 0060 1700 210c 0e01 6080 0000 0c17 0124
00035c0 c10e 0060 1700 280c 0e01 6ef0 0000 0c17
00035d0 0129 0c0e 006f 1700 2a0c 0e01 6f34 0000
00035e0 471a 018f 0100 410d de0c 0005 0500 b6eb
00035f0 0001 440d 9b2d 006f 2000 b6bd 0001 460d
0003600 f111 0277 8200 0005 a600 0005 ac00 0005
0003610 0200 6fa2 0000 2000 4fcd 0001 4b0d f11c
0003620 0267 8200 0005 c400 0005 ca00 0005 0200
0003630 6fa2 0000 2100 545f 0070 6f9b 0000 5f44
0003640 765f 9b00 006f 0000 0a00 0575 0000 891a
0003650 0056 0100 410d 4c0c 0006 0500 b6eb 0001
0003660 440d 9b2d 006f 2000 61a6 0001 460d 8111
0003670 026e f000 0005 1400 0006 1a00 0006 0200
0003680 6fa7 0000 2000 4fcd 0001 4b0d d21c 00f3
0003690 f000 0005 3200 0006 3800 0006 0200 6fa7
00036a0 0000 2100 545f 0070 6f9b 0000 5f44 765f
00036b0 9b00 006f 0100 0a00 05e3 0000 8605 011b
00036c0 0d00 0956 0575 0000 0e18 0059 0e00 0118
00036d0 611a 0000 0a00 065d 0000 4629 0018 0d00
00036e0 0a80 290d 59a3 0002 d60d 0d0a 4425 0076
00036f0 0f00 0d3f 085e 0000 461f 0076 0800 5a0f
0003700 500b 0008 0600 9c03 0001 5c0f c90d 0000
0003710 0000 463c 0076 0f00 105e 8b58 0002 06bb
0003720 0000 06c6 0000 e402 006f 0100 00c9 0000
0003730 1200 e5f7 0001 600f f70c 014b da00 0006
0003740 e000 0006 0200 6fe4 0000 1200 0087 0000
0003750 610f 5d0c 0022 f400 0006 fa00 0006 0200
0003760 6fe4 0000 2000 457e 0002 630f 870d 00c9
0003770 c900 0000 1200 0007 1800 0007 0200 6fe9
0003780 0000 1400 7646 0000 6b0f bf07 026d 2c00
0003790 0007 3200 0007 0200 6fe4 0000 1400 7646
00037a0 0000 6d0f aa07 0250 4600 0007 5100 0007
00037b0 0200 6fe4 0000 ee01 006f 0000 4614 0076
00037c0 0f00 0770 7f23 0002 0765 0000 0770 0000
00037d0 e402 006f 0100 087c 0000 1400 7646 0000
00037e0 740f 9e07 020b 8400 0007 8f00 0007 0200
00037f0 6fe4 0000 f301 006f 0000 3f10 003d 0f00
0003800 0781 d99f 0000 6ff8 0000 a801 0007 b300
0003810 0007 0200 6fe4 0000 ee01 006f 0000 3f10
0003820 003d 0f00 0785 5dc9 0002 6ff8 0000 cc01
0003830 0007 d700 0007 0200 6fe4 0000 f301 006f
0003840 0000 4914 004e 0f00 078c 5e2b 0000 07eb
0003850 0000 07f6 0000 e402 006f 0200 013d 0000
0003860 1400 e204 0001 8f0f 2207 00c4 0a00 0008
0003870 1500 0008 0200 6fe4 0000 f801 006f 0000
0003880 275e 025d 0f00 109b da9f 0001 6f9b 0000
0003890 2e01 0008 3400 0008 0200 6fe9 0000 5f00
00038a0 1e50 0002 b00f 9307 028c fd00 006f 0100
00038b0 0849 0000 e902 006f 0000 0a00 068d 0000
00038c0 0f04 1054 0866 0000 0400 440f 8d1a 0006
00038d0 6000 2435 0000 500f fc08 0210 7c00 0008
00038e0 0100 068d 0000 1800 bd10 0001 1c0e 1d01
00038f0 6f96 0000 6722 0225 0a00 0889 0000 7225
0003900 0107 1000 0da3 08d2 0000 751d 026e 1000
0003910 0fa5 ca45 00e2 1000 16e1 d71d 020d 1100
0003920 0f50 5629 0278 1100 031d 290d fe31 0000
0003930 a011 1503 b71d 01a2 1200 0d40 1d00 9503
0003940 0000 3113 250d a2b7 0001 3610 810d 0009
0003950 1500 8f2d 0001 3d14 6a1d 0006 0400 0346
0003960 004a 3d00 0001 1400 3f56 0009 0e00 8a44
0003970 0002 0e00 a6ea 0000 0e00 a94b 0000 0e01
0003980 253e 0001 0e09 b44e 0000 0e0a 17c1 0002
0003990 0e00 5c05 0000 0e01 bf78 0000 0e09 32ca
00039a0 0002 610a e877 0001 007f 4115 01dd 1400
00039b0 1491 0144 0000 150c 105f 0000 9214 4414
00039c0 0001 1000 4429 0045 1500 1b50 0517 4438
00039d0 0000 3016 9910 0063 0a00 0962 0000 ea62
00039e0 012e 1600 1a31 096e 0000 007f a629 0221
00039f0 1300 020e 470d 7d42 0002 5713 1d03 7a56
0003a00 0000 3217 3d0d 37ad 0000 5818 7f01 000b
0003a10 2700 3cf1 0000 6418 2401 0151 c100 0009
0003a20 0100 7017 0000 1c01 0070 0000 3418 0019
0003a30 1800 015a 3121 0001 0a00 09c1 0000 6548
0003a40 0071 0168 8942 0002 6f9b 0000 09f0 0000
0003a50 1c01 0070 0100 701c 0000 4800 746c 6c00
0003a60 d101 0103 9b00 006f 0d00 000a 0100 701c
0003a70 0000 1c01 0070 0000 ee0d 0062 1800 0174
0003a80 4407 00fb 3d00 0001 3200 000a 0100 7021
0003a90 0000 2101 0070 0100 065d 0000 0d00 b904
0003aa0 0000 8918 0701 6c7c 0000 065d 0000 0a4d
0003ab0 0000 2101 0070 0000 e60d 0088 1800 0193
0003ac0 1e07 0067 2100 0070 7200 000a 0100 7021
0003ad0 0000 5d01 0006 0100 701c 0000 0d00 763f
0003ae0 0000 a118 0701 6039 0000 7026 0000 0a97
0003af0 0000 2601 0070 0100 7021 0000 5d01 0006
0003b00 0000 120d 01da 1800 01ad cd07 0195 2600
0003b10 0070 bc00 000a 0100 7026 0000 2101 0070
0003b20 0100 065d 0000 0d00 3cf1 0000 b918 0701
0003b30 ca48 0001 7026 0000 0ae1 0000 2601 0070
0003b40 0100 065d 0000 c101 0009 0000 310d 0019
0003b50 1800 01c5 3b07 0061 c100 0009 fc00 000a
0003b60 0100 702b 0000 1800 797e 0001 5b18 2101
0003b70 013d 0000 fc0a 000a 0d00 797b 0001 cb18
0003b80 0701 b65a 0001 0afc 0000 0b29 0000 1c01
0003b90 0070 0000 de0d 01e0 1800 01cf aa07 018a
0003ba0 9b00 006f 4900 000b 0100 702b 0000 2b01
0003bb0 0070 0000 6563 666f 1800 01d3 1307 028a
0003bc0 fc00 000a 0d00 44fd 0002 d718 0701 5281
0003bd0 0001 0afc 0000 0b75 0000 2b01 0070 0000
0003be0 b126 0167 3100 0001 0000 1904 0b2f 7149
0003bf0 0000 1904 0b30 7155 0000 1904 0b31 7161
0003c00 0000 1904 0b32 716d 0000 1904 0b34 7209
0003c10 0000 1904 0b35 7215 0000 1904 0b36 7221
0003c20 0000 1904 0b37 722d 0000 1904 0b39 71a9
0003c30 0000 1904 0b3a 71b5 0000 1904 0b3b 71c1
0003c40 0000 1904 0b3c 71cd 0000 1904 0b3e 7281
0003c50 0000 1904 0b3f 7269 0000 1904 0b41 7179
0003c60 0000 1904 0b42 7185 0000 1904 0b43 7191
0003c70 0000 1904 0b44 719d 0000 1904 0b46 7239
0003c80 0000 1904 0b47 7245 0000 1904 0b48 7251
0003c90 0000 1904 0b49 725d 0000 1904 0b4b 71d9
0003ca0 0000 1904 0b4c 71e5 0000 1904 0b4d 71f1
0003cb0 0000 1904 0b4e 71fd 0000 1904 0b50 728d
0003cc0 0000 1904 0b51 7275 0000 1a04 0b35 7299
0003cd0 0000 1a04 0b36 73df 0000 1a04 0b37 73fa
0003ce0 0000 2e18 00b5 0e00 0119 991c 0063 0500
0003cf0 9a04 0001 530d e309 0005 1f00 6d5f 0000
0003d00 1b01 0b7c 0d61 0000 1f35 0066 0100 7d14
0003d10 00c4 1b00 079c e70e 0000 0cb7 0000 0cbd
0003d20 0000 6502 0074 0000 7d14 00c4 1b00 079f
0003d30 8b08 0002 0cd1 0000 0cdc 0000 6502 0074
0003d40 0100 746a 0000 3e00 3d3f 0000 a41b 5512
0003d50 0054 6f00 0074 f400 000c ff00 000c 0200
0003d60 7465 0000 6a01 0074 0000 7314 011a 1b00
0003d70 07ae 5c72 0001 0d13 0000 0d1e 0000 6502
0003d80 0074 0200 013d 0000 1000 0f45 0001 b31b
0003d90 d407 00e9 0200 0061 0100 0d37 0000 0d42
0003da0 0000 6502 0074 0100 065d 0000 4900 c029
0003db0 0001 7dbe 0237 5000 000d 0200 7465 0000
0003dc0 0201 0061 0100 065d 0000 0000 900a 000c
0003dd0 0400 7f1c 9b0b 0074 0400 801c ce0b 0074
0003de0 0400 861c 330b 0075 0400 891c 500b 0075
0003df0 0400 8c1c 6b0b 0075 0400 8d1c 810b 0075
0003e00 0400 8e1c 970b 0075 0400 8f1c ad0b 0075
0003e10 0400 911c d80b 0075 0400 941c f40b 0075
0003e20 0400 961c 0b0b 0076 0400 991c 270b 0076
0003e30 0400 9a1c 430b 0076 0400 9b1c 640b 0076
0003e40 0400 9d1c 850b 0076 0400 a01c a60b 0076
0003e50 0400 a31c b90b 0076 0400 a51c c60b 0076
0003e60 0400 a61c d80b 0076 0400 a71c f80b 0076
0003e70 0400 a81c 180b 0077 0400 a91c 380b 0077
0003e80 0400 ab1c 4f0b 0077 0400 ac1c 700b 0077
0003e90 0400 f01c 0116 0075 0400 f51c 2416 0067
0003ea0 0400 f61c 8c16 0077 0400 f81c a816 0077
0003eb0 0400 f91c fe16 0077 0400 fa1c be16 0077
0003ec0 0400 fb1c de16 0077 0400 fc1c 1916 0078
0003ed0 1d00 208c 0002 301d 1f0b a6f1 0000 1e10
0003ee0 0b62 1900 0000 b316 0050 1e00 0d75 065d
0003ef0 0000 1401 38f4 0000 7c1e c007 01b0 9c00
0003f00 000e a200 000e 0200 7834 0000 6400 38f4
0003f10 0000 801e 1811 028e 0100 b801 000e c300
0003f20 000e 0200 7834 0000 3901 0078 0000 f414
0003f30 0038 1e00 0783 1d6e 0001 0ed7 0000 0ee2
0003f40 0000 3402 0078 0100 030c 0000 1400 38f4
0003f50 0000 891e 5e07 0253 f600 000e 0600 000f
0003f60 0200 7834 0000 0c01 0003 0100 0e7b 0000
0003f70 3e00 3d3f 0000 ac1e 7f07 00ff 3e00 0078
0003f80 1e00 000f 2900 000f 0200 7834 0000 3901
0003f90 0078 0000 d016 01ac 1e00 0d71 7843 0000
0003fa0 1601 b6eb 0001 6c1e 310d 0001 0100 360a
0003fb0 000f 1000 4874 0001 b11e b107 024a 2900
0003fc0 000f 0100 0f61 0000 0f67 0000 4802 0078
0003fd0 0000 6536 646e 1e00 e9b5 01a7 2900 000f
0003fe0 7e00 000f 8400 000f 0200 7848 0000 1000
0003ff0 4873 0001 b91e f107 01d8 2900 000f 0100
0004000 0f9d 0000 0fa3 0000 4802 0078 0000 7910
0004010 021c 1e00 07bd 6969 0001 0f29 0000 bc01
0004020 000f c200 000f 0200 7848 0000 1600 aafa
0004030 0001 731e 050d 0019 0100 f910 0095 1e00
0004040 07c1 2987 0001 0fc2 0000 e801 000f ee00
0004050 000f 0200 7848 0000 1000 4a2e 0000 c51e
0004060 e207 0055 c200 000f 0100 1007 0000 100d
0004070 0000 4802 0078 0000 f810 0095 1e00 07c9
0004080 3b7a 0002 0fc2 0000 2601 0010 2c00 0010
0004090 0200 7848 0000 1000 4a2d 0000 cd1e 6107
00040a0 0264 c200 000f 0100 1045 0000 104b 0000
00040b0 4802 0078 0000 dc10 01f4 1e00 07d3 8c98
00040c0 0000 0e7b 0000 6401 0010 6a00 0010 0200
00040d0 7848 0000 1000 b904 0000 d71e 1b07 027c
00040e0 7b00 000e 0100 1083 0000 1089 0000 4802
00040f0 0078 0000 d810 01f4 1e00 07db 02dd 0001
0004100 0e7b 0000 a201 0010 a800 0010 0200 7848
0004110 0000 1000 e931 0000 e21e dc07 0021 9b00
0004120 006f 0100 10c1 0000 10c7 0000 4802 0078
0004130 0000 ed16 0075 1e00 0d70 784d 0000 1001
0004140 8e53 0001 e81e 8707 00ba c700 0010 0100
0004150 10ed 0000 10f8 0000 4802 0078 0100 0e7b
0004160 0000 3600 7461 1e00 7aef 0148 c700 0010
0004170 0e00 0011 1900 0011 0200 7848 0000 7b01
0004180 000e 0000 4c10 0125 1e00 07f9 84e7 0001
0004190 10c7 0000 3201 0011 3800 0011 0200 7848
00041a0 0000 0300 e1d8 0000 001e 0701 e8aa 0001
00041b0 10c7 0000 5201 0011 5800 0011 0200 7848
00041c0 0000 1600 3906 0000 6e1e 430d 0078 0100
00041d0 9303 00f7 1e00 0107 7607 0113 5800 0011
00041e0 0100 117f 0000 1185 0000 4802 0078 0000
00041f0 9d07 006c 1e00 010d 6707 0217 0100 119b
0004200 0000 11a6 0000 3402 0078 0100 0e7b 0000
0004210 0700 9156 0001 151e 0701 49e6 0001 bc01
0004220 0011 c700 0011 0200 7834 0000 7b01 000e
0004230 0000 0407 01e2 1e00 0119 b307 01a1 0100
0004240 11dd 0000 11e8 0000 3402 0078 0100 783e
0004250 0000 0300 da12 0001 241e 0701 cfe6 0001
0004260 0e7b 0000 0201 0012 1700 0012 0200 7848
0004270 0000 0201 0061 0100 0e7b 0000 7b01 000e
0004280 0000 b203 01d1 1e00 0130 2d07 01b4 6e00
0004290 000e 0100 1231 0000 1241 0000 4802 0078
00042a0 0100 0e7b 0000 7b01 000e 0000 ee03 0062
00042b0 1e00 0138 a507 0171 3d00 0001 0100 125b
00042c0 0000 1266 0000 4802 0078 0100 0e6e 0000
00042d0 0300 62ee 0000 421e 0701 595b 0002 013d
00042e0 0000 8001 0012 9500 0012 0200 7848 0000
00042f0 7b01 000e 0100 0e7b 0000 6e01 000e 0000
0004300 ee03 0062 1e00 0146 9407 015b 3d00 0001
0004310 0100 12af 0000 12ce 0000 4802 0078 0100
0004320 0e7b 0000 7b01 000e 0100 0e6e 0000 7b01
0004330 000e 0100 0e7b 0000 0300 62ee 0000 4d1e
0004340 0701 8a31 0000 013d 0000 e801 0012 f300
0004350 0012 0200 7848 0000 0c01 0003 0000 ee03
0004360 0062 1e00 0151 d807 016e 3d00 0001 0100
0004370 130d 0000 1322 0000 4802 0078 0100 0e7b
0004380 0000 7b01 000e 0100 030c 0000 0300 62ee
0004390 0000 551e 0701 188e 0002 013d 0000 3c01
00043a0 0013 5600 0013 0200 7848 0000 7b01 000e
00043b0 0100 0e7b 0000 0c01 0003 0100 0e7b 0000
00043c0 0300 0c0a 0002 5f1e 0701 035c 0002 6f9b
00043d0 0000 7001 0013 7b00 0013 0200 7848 0000
00043e0 6e01 000e 0000 0a03 020c 1e00 0163 0007
00043f0 0084 9b00 006f 0100 1395 0000 13a0 0000
0004400 4802 0078 0100 0131 0000 0300 0c0a 0002
0004410 671e 0701 223c 0001 6f9b 0000 ba01 0013
0004420 c500 0013 0200 7848 0000 0c01 0003 0000
0004430 b103 013e 1e00 016b 4607 0098 9b00 006f
0004440 0100 13df 0000 13ea 0000 4802 0078 0100
0004450 0e6e 0000 0300 3eb1 0001 741e 0701 0d4c
0004460 0000 6f9b 0000 0401 0014 0f00 0014 0200
0004470 7848 0000 3101 0001 0000 b103 013e 1e00
0004480 0178 1607 023a 9b00 006f 0100 1429 0000
0004490 1434 0000 4802 0078 0100 030c 0000 0300
00044a0 143a 0000 7f1e 0701 a982 0001 6f9b 0000
00044b0 4e01 0014 5900 0014 0200 7848 0000 6e01
00044c0 000e 0000 3a03 0014 1e00 0183 2107 0089
00044d0 9b00 006f 0100 1473 0000 147e 0000 4802
00044e0 0078 0100 0131 0000 0300 143a 0000 871e
00044f0 0701 c004 0000 6f9b 0000 9801 0014 a300
0004500 0014 0200 7848 0000 0c01 0003 0000 e603
0004510 0088 1e00 018e 9307 0241 7b00 000e 0100
0004520 14bd 0000 14cd 0000 4802 0078 0100 0e6e
0004530 0000 7b01 000e 0000 e603 0088 1e00 0192
0004540 e307 0054 7b00 000e 0100 14e7 0000 14f7
0004550 0000 4802 0078 0100 0131 0000 7b01 000e
0004560 0000 e603 0088 1e00 0195 9507 007a 7b00
0004570 000e 0100 1511 0000 1526 0000 4802 0078
0004580 0100 030c 0000 7b01 000e 0100 0e7b 0000
0004590 0300 88e6 0000 981e 0701 f399 0001 0e7b
00045a0 0000 4001 0015 5000 0015 0200 7848 0000
00045b0 0c01 0003 0100 0e7b 0000 0300 88e5 0000
00045c0 9c1e 0701 4eae 0000 0e7b 0000 6a01 0015
00045d0 7a00 0015 0200 7848 0000 6e01 000e 0100
00045e0 0e7b 0000 0300 88e5 0000 a01e 0701 3d70
00045f0 0002 0e7b 0000 9401 0015 a400 0015 0200
0004600 7848 0000 3101 0001 0100 0e7b 0000 0300
0004610 88e5 0000 a31e 0701 ce00 0000 0e7b 0000
0004620 be01 0015 d300 0015 0200 7848 0000 0c01
0004630 0003 0100 0e7b 0000 7b01 000e 0000 e503
0004640 0088 1e00 01a6 ce07 028a 7b00 000e 0100
0004650 15ed 0000 15fd 0000 4802 0078 0100 030c
0004660 0000 7b01 000e 0000 2203 01f2 1e00 01aa
0004670 6007 001f 7b00 000e 0100 1617 0000 1627
0004680 0000 4802 0078 0100 0e6e 0000 7b01 000e
0004690 0000 2203 01f2 1e00 01ae df07 01ac 7b00
00046a0 000e 0100 1641 0000 1651 0000 4802 0078
00046b0 0100 0131 0000 7b01 000e 0000 2203 01f2
00046c0 1e00 01b2 6107 005a 7b00 000e 0100 166b
00046d0 0000 1680 0000 4802 0078 0100 030c 0000
00046e0 7b01 000e 0100 0e7b 0000 0300 f222 0001
00046f0 b61e 0701 66ed 0002 0e7b 0000 9a01 0016
0004700 aa00 0016 0200 7848 0000 0c01 0003 0100
0004710 0e7b 0000 0300 d413 0000 ba1e 0701 7314
0004720 0000 0e7b 0000 c401 0016 d400 0016 0200
0004730 7848 0000 6e01 000e 0100 0e7b 0000 0300
0004740 d413 0000 bf1e 0701 12f6 0001 0e7b 0000
0004750 ee01 0016 fe00 0016 0200 7848 0000 3101
0004760 0001 0100 0e7b 0000 0300 d413 0000 c31e
0004770 0701 6cd5 0001 0e7b 0000 1801 0017 2d00
0004780 0017 0200 7848 0000 0c01 0003 0100 0e7b
0004790 0000 7b01 000e 0000 1303 00d4 1e00 01c7
00047a0 3c07 001c 7b00 000e 0100 1747 0000 1757
00047b0 0000 4802 0078 0100 030c 0000 7b01 000e
00047c0 0000 c003 00f3 1e00 01cb 5e07 018e 7b00
00047d0 000e 0100 1771 0000 1781 0000 4802 0078
00047e0 0100 0e6e 0000 7b01 000e 0000 c003 00f3
00047f0 1e00 01d0 a507 007e 7b00 000e 0100 179b
0004800 0000 17ab 0000 4802 0078 0100 0131 0000
0004810 7b01 000e 0000 c003 00f3 1e00 01d3 f407
0004820 0272 7b00 000e 0100 17c5 0000 17da 0000
0004830 4802 0078 0100 030c 0000 7b01 000e 0100
0004840 0e7b 0000 0300 f3c0 0000 d71e 0701 490b
0004850 0001 0e7b 0000 f401 0017 0400 0018 0200
0004860 7848 0000 0c01 0003 0100 0e7b 0000 0300
0004870 78b5 0001 de1e 0701 ffe3 0001 0e7b 0000
0004880 1e01 0018 2e00 0018 0200 7848 0000 6e01
0004890 000e 0100 0e7b 0000 0300 78b5 0001 e31e
00048a0 0701 ecf5 0001 0e7b 0000 4801 0018 5800
00048b0 0018 0200 7848 0000 3101 0001 0100 0e7b
00048c0 0000 0300 78b5 0001 e61e 0701 066d 0002
00048d0 0e7b 0000 7201 0018 8700 0018 0200 7848
00048e0 0000 0c01 0003 0100 0e7b 0000 7b01 000e
00048f0 0000 b503 0178 1e00 01ea 8707 01b2 7b00
0004900 000e 0100 18a1 0000 18b1 0000 4802 0078
0004910 0100 030c 0000 7b01 000e 0000 eb0d 0062
0004920 1e00 01f4 e907 019f 3d00 0001 d100 0018
0004930 0100 0e7b 0000 7b01 000e 0000 5537 0178
0004940 1e00 01ff 5d12 0006 0000 4537 0171 1e00
0004950 0200 0c15 0003 0800 b126 0167 3100 0001
0004960 3000 3ecd 0000 099a 0000 0a00 0e6e 0000
0004970 8522 0105 0400 621f f90b 0002 0400 631f
0004980 e20b 0078 0400 651f f80b 0078 0400 661f
0004990 0a0b 0079 0400 671f 200b 0079 0400 681f
00049a0 370b 0079 0400 691f 4e0b 0079 0400 6a1f
00049b0 640b 0079 0400 6b1f 7b0b 0079 0400 6c1f
00049c0 9c0b 0079 0400 6d1f bd0b 0079 0400 711f
00049d0 d90b 0079 0400 721f ff0b 0079 0400 741f
00049e0 200b 007a 0400 751f 410b 007a 0400 761f
00049f0 620b 007a 0400 781f 790b 007a 0400 791f
0004a00 900b 007a 0400 7e1f 9d0b 007a 0400 831f
0004a10 af0b 007a 0400 841f c50b 007a 0400 851f
0004a20 e00b 007a 0400 871f f20b 007a 0400 881f
0004a30 090b 007b 0400 8b1f 2f0b 007b 0400 8d1f
0004a40 3b0b 007b 0400 8f1f 510b 007b 3d00 7154
0004a50 0000 9b20 ea01 001a 1800 7d3d 0000 a420
0004a60 0d01 6102 0000 450d 010f 2000 01cf ae07
0004a70 00ea ee00 0019 1b00 001a 0100 7b6d 0000
0004a80 2d01 001a 0000 ca18 0048 2000 019e 900d
0004a90 000c 0a00 1a1b 0000 b318 0050 2000 01b3
0004aa0 5d0d 0006 0d00 0f45 0001 dd20 0701 8193
0004ab0 0000 19ee 0000 1a5f 0000 6d01 007b 0100
0004ac0 1a2d 0000 5f01 001a 0000 3218 007d 2000
0004ad0 01ad 5a0d 0074 2700 c029 0001 ef20 b201
0004ae0 0068 8c00 001a 0100 7b6d 0000 ee01 0019
0004af0 0100 1a2d 0000 0d00 f4d8 0001 2320 0702
0004b00 22b6 0002 1a2d 0000 1aa7 0000 7201 007b
0004b10 0000 bc0d 01a6 2000 0232 8807 0044 1b00
0004b20 001a c200 001a 0100 7b72 0000 1800 b6eb
0004b30 0001 a120 0d01 0131 0000 0618 0039 2000
0004b40 01a7 0c0d 0003 1800 681f 0002 c220 0801
0004b50 0c90 0000 4a00 9a12 0000 2e0e 4101 36d0
0004b60 0000 ed1f 00f7 2000 5515 ca0b 0036 1a00
0004b70 30ea 0001 1508 0e9e 1b6c 0000 902a 000c
0004b80 1200 30ea 0001 a415 b402 0128 2a00 001b
0004b90 3a00 001b 0200 7b81 0000 6c01 001b 0100
0004ba0 746a 0000 1200 30ea 0001 a715 ed02 0180
0004bb0 4e00 001b 5e00 001b 0200 7b81 0000 6c01
0004bc0 001b 0100 7b86 0000 0600 f5ec 0001 ab15
0004bd0 6c0a 001b 0000 1600 7d3d 0000 6415 ff30
0004be0 0067 0100 1043 b415 9b07 001b 3400 aa1a
0004bf0 0000 b515 8b13 007b 3400 09c3 0001 b615
0004c00 9b13 001b 0000 b316 0050 1500 3260 6817
0004c10 0000 0501 5f9d 0002 7a15 6e32 000e 1b00
0004c20 b228 0000 8515 de07 00db a800 001b ce00
0004c30 001b 0100 1ba8 0000 3c00 6943 0002 9915
0004c40 f407 01a9 e200 001b f200 001b 0200 7b9b
0004c50 0000 f201 001b 0100 746a 0000 1a00 9ffb
0004c60 0000 1510 0e8c 1c2c 0000 fb3c 009f 1500
0004c70 0b8e 9e21 0000 1c13 0000 1c1e 0000 c302
0004c80 007b 0100 1ba8 0000 0600 8b26 0000 8f15
0004c90 a80c 001b 0000 0600 c5bd 0001 ae15 0414
0004ca0 001b 0000 8806 00f4 1500 12af 1b9b 0000
0004cb0 6508 1b79 0000 1210 f790 0000 ba15 b407
0004cc0 000f 6000 001c 6b00 001c 0200 7b9b 0000
0004cd0 6c01 001b 0000 0112 00b9 1500 07be 7fe9
0004ce0 0000 1c7f 0000 1c8a 0000 9b02 007b 0100
0004cf0 1b9b 0000 2000 f790 0000 c215 d707 022e
0004d00 6c00 001b a200 001c a800 001c 0200 7ba0
0004d10 0000 2000 bdc0 0001 c615 9b07 018c 6c00
0004d20 001b c000 001c c600 001c 0200 7b9b 0000
0004d30 1600 3906 0000 6515 0b35 0068 0100 c020
0004d40 01bd 1500 07d0 7153 0002 1cc6 0000 1ceb
0004d50 0000 1cf1 0000 a002 007b 0000 e312 022c
0004d60 1500 07da 5a3b 0001 1d05 0000 1d10 0000
0004d70 9b02 007b 0100 1b9b 0000 1200 90a9 0000
0004d80 de15 7c07 0088 2400 001d 2f00 001d 0200
0004d90 7b9b 0000 9b01 001b 0000 3620 027d 1500
0004da0 07e5 eb0b 0000 6f9b 0000 1d47 0000 1d4d
0004db0 0000 a002 007b 0000 ef20 027f 1500 07ea
0004dc0 aab6 0001 1b6c 0000 1d65 0000 1d75 0000
0004dd0 9b02 007b 0100 7ba5 0000 9b01 001b 0000
0004de0 9112 003b 1500 07ed 350c 0002 1d89 0000
0004df0 1d8f 0000 9b02 007b 0000 5812 0148 1500
0004e00 07f4 a6e2 0001 1da3 0000 1dae 0000 9b02
0004e10 007b 0100 1b9b 0000 1100 4531 0000 0a15
0004e20 c501 00af c200 001d d200 001d 0200 7b9b
0004e30 0000 9b01 001b 0100 0131 0000 1100 f5d4
0004e40 0000 2315 f601 01e3 e600 001d f600 001d
0004e50 0200 7b9b 0000 9b01 001b 0100 0131 0000
0004e60 1600 48ca 0000 5f15 0823 001e 0100 f60a
0004e70 001d 0500 6c05 0001 5815 4818 0068 1c00
0004e80 442c 0002 2615 a001 00bc aa00 007b 2c00
0004e90 001e 3200 001e 0200 7b9b 0000 1c00 442c
0004ea0 0002 2a15 4401 01f6 af00 007b 4a00 001e
0004eb0 5000 001e 0200 7ba0 0000 1c00 9cc4 0001
0004ec0 3e15 f401 0216 9b00 001b 6800 001e 7800
0004ed0 001e 0200 7ba0 0000 9b01 001b 0100 030c
0004ee0 0000 1100 eb22 0001 4815 b001 0177 8c00
0004ef0 001e a100 001e 0200 7ba0 0000 9b01 001b
0004f00 0100 1b9b 0000 0c01 0003 0000 bc1c 020d
0004f10 1500 0151 53bf 0002 1b9b 0000 1eb9 0000
0004f20 1ec9 0000 a002 007b 0100 1b9b 0000 9b01
0004f30 001b 0000 f01c 0189 1500 0159 17a2 0000
0004f40 6f9b 0000 1ee1 0000 1eec 0000 a002 007b
0004f50 0100 030c 0000 2700 da0f 0001 6215 6a01
0004f60 00fb 0c00 001f 0100 6102 0000 0c01 0003
0004f70 0100 1b9b 0000 2700 763c 0000 6b15 2b01
0004f80 0242 2c00 001f 0100 6102 0000 0c01 0003
0004f90 0100 1b9b 0000 2700 7111 0002 7415 1501
0004fa0 016f 4c00 001f 0100 6102 0000 9b01 001b
0004fb0 0100 0131 0000 2700 4cd1 0000 8715 6401
0004fc0 019b 6c00 001f 0100 6102 0000 6c01 001f
0004fd0 0100 1f6c 0000 1600 ab08 0001 6615 6844
0004fe0 0068 0100 d127 004c 1500 018b 4c89 0002
0004ff0 1f99 0000 0201 0061 0100 1f99 0000 9901
0005000 001f 0000 d016 01ac 1500 0868 6a9b 0000
0005010 2701 4cd1 0000 9015 d201 0236 c600 001f
0005020 0100 6102 0000 0201 0061 0100 6102 0000
0005030 2700 4cd1 0000 9415 ec01 00df e600 001f
0005040 0100 6102 0000 0c01 0003 0100 030c 0000
0005050 0d00 62eb 0000 9915 0701 49da 0002 013d
0005060 0000 2006 0000 9b01 001b 0100 1b9b 0000
0005070 1100 3cee 0000 a615 5301 01c1 1a00 0020
0005080 2500 0020 0200 7b9b 0000 b401 007b 0000
0005090 9211 0043 1500 01a9 8e4e 0002 2039 0000
00050a0 2053 0000 9b02 007b 0100 1b9b 0000 9b01
00050b0 001b 0100 030c 0000 9b01 001b 0000 9611
00050c0 0186 1500 01ad 98d3 0000 2067 0000 2077
00050d0 0000 9b02 007b 0100 1b9b 0000 9b01 001b
00050e0 0000 4307 0269 1500 01b7 0e07 018c 0100
00050f0 208d 0000 2093 0000 9b02 007b 0000 432b
0005100 0269 1500 01c0 1c08 0001 20a7 0000 20b2
0005110 0000 9b02 007b 0100 746a 0000 0700 6943
0005120 0002 c815 0701 1da2 0001 c801 0020 d300
0005130 0020 0200 7b9b 0000 b401 007b 0000 4307
0005140 0269 1500 01d5 7107 0051 0100 20e9 0000
0005150 20fe 0000 9b02 007b 0100 7bb4 0000 9b01
0005160 001b 0100 746a 0000 0700 6943 0002 e415
0005170 0701 677d 0000 1401 0021 2900 0021 0200
0005180 7b9b 0000 b401 007b 0100 1b9b 0000 9b01
0005190 001b 0000 4307 0269 1500 01f4 8107 00fc
00051a0 0100 213f 0000 2159 0000 9b02 007b 0100
00051b0 7bb4 0000 9b01 001b 0100 1b9b 0000 6a01
00051c0 0074 0000 4307 0269 1500 0206 3f07 00f2
00051d0 0100 216f 0000 2184 0000 9b02 007b 0100
00051e0 030c 0000 9b01 001b 0100 746a 0000 0700
00051f0 6943 0002 3515 0702 4aa9 0000 9a01 0021
0005200 a500 0021 0200 7b9b 0000 b901 007b 0000
0005210 4307 0269 1500 0250 e607 0240 0100 21bb
0005220 0000 21cb 0000 9b02 007b 0100 36d0 0000
0005230 6a01 0074 0000 4307 0269 1500 0254 4207
0005240 0013 0100 21e1 0000 21f1 0000 9b02 007b
0005250 0100 7bb4 0000 6a01 0074 0000 4307 0269
0005260 1500 0258 f807 01c0 0100 2207 0000 2217
0005270 0000 9b02 007b 0100 7bb9 0000 6a01 0074
0005280 0000 4207 0269 1500 029f fa07 0202 0100
0005290 222d 0000 2238 0000 9b02 007b 0200 013d
00052a0 0000 0300 3d3f 0000 a715 0702 2a1e 0002
00052b0 7bbe 0000 5201 0022 5d00 0022 0200 7b9b
00052c0 0000 b401 007b 0000 3f03 003d 1500 02b1
00052d0 3c07 00cb be00 007b 0100 2277 0000 2282
00052e0 0000 9b02 007b 0100 030c 0000 0300 3d3f
00052f0 0000 bc15 0702 f916 0000 7bbe 0000 9c01
0005300 0022 a700 0022 0200 7b9b 0000 3101 0001
0005310 0000 3f03 003d 1500 02cd 5207 00b5 be00
0005320 007b 0100 22c1 0000 22cc 0000 9b02 007b
0005330 0100 7bb9 0000 0300 3d3f 0000 1115 0703
0005340 d14d 0001 7bbe 0000 e601 0022 f100 0022
0005350 0200 7b9b 0000 d001 0036 0000 7203 025f
0005360 1500 0326 bc07 0099 a800 001b 0100 230b
0005370 0000 2311 0000 a002 007b 0000 7403 0148
0005380 1500 0330 be07 025f 6c00 001f 0100 232b
0005390 0000 2331 0000 9b02 007b 0000 7403 0148
00053a0 1500 0338 cb07 020b 9900 001f 0100 234b
00053b0 0000 2351 0000 a002 007b 0000 6523 646e
00053c0 1500 0340 57bd 0000 1f6c 0000 2369 0000
00053d0 236f 0000 9b02 007b 0000 6523 646e 1500
00053e0 0348 d34a 0001 1f99 0000 2387 0000 238d
00053f0 0000 a002 007b 0000 0016 01ab 1500 306a
0005400 37c5 0000 0301 95f9 0000 5115 0703 4585
0005410 0002 238d 0000 b401 0023 ba00 0023 0200
0005420 7b9b 0000 1600 aafa 0001 6915 ca35 0037
0005430 0100 f903 0095 1500 035a bb07 00a1 ba00
0005440 0023 0100 23e1 0000 23e7 0000 a002 007b
0005450 0000 2e03 004a 1500 0363 7807 010b 8d00
0005460 0023 0100 2401 0000 2407 0000 9b02 007b
0005470 0000 2e03 004a 1500 036c 1107 0107 ba00
0005480 0023 0100 2421 0000 2427 0000 a002 007b
0005490 0000 7303 0148 1500 0375 7f07 015c 9900
00054a0 001f 0100 2441 0000 2447 0000 a002 007b
00054b0 0000 7903 021c 1500 037d 4807 01f7 9900
00054c0 001f 0100 2461 0000 2467 0000 a002 007b
00054d0 0000 f803 0095 1500 0386 a807 01a7 ba00
00054e0 0023 0100 2481 0000 2487 0000 a002 007b
00054f0 0000 2d03 004a 1500 038f df07 0229 ba00
0005500 0023 0100 24a1 0000 24a7 0000 a002 007b
0005510 0000 dc03 01f4 1500 0398 2107 011d 9b00
0005520 001b 0100 24c1 0000 24c7 0000 a002 007b
0005530 0000 0403 00b9 1500 039e 0507 01f5 9b00
0005540 001b 0100 24e1 0000 24e7 0000 a002 007b
0005550 0000 d803 01f4 1500 03a3 7207 010d 9b00
0005560 001b 0100 2501 0000 2507 0000 a002 007b
0005570 0000 e907 0252 1500 03b1 6c07 0263 0100
0005580 251d 0000 252d 0000 9b02 007b 0100 1b9b
0005590 0000 3101 0001 0000 e907 0252 1500 03be
00055a0 f007 020a 0100 2543 0000 254e 0000 9b02
00055b0 007b 0100 1b9b 0000 0700 2ccb 0002 c615
00055c0 0703 60f5 0002 6401 0025 6a00 0025 0200
00055d0 7b9b 0000 0300 2ce6 0002 d015 0703 1dbd
00055e0 0002 1b9b 0000 8401 0025 8a00 0025 0200
00055f0 7ba0 0000 0700 e908 0001 e815 0703 48b8
0005600 0002 a001 0025 ab00 0025 0200 7b9b 0000
0005610 9b01 001b 0000 0807 01e9 1500 03f1 ca07
0005620 001c 0100 25c1 0000 25c7 0000 9b02 007b
0005630 0000 b307 027f 1500 03f7 5307 023a 0100
0005640 25dd 0000 25e3 0000 9b02 007b 0000 3103
0005650 00e9 1500 03ff 7f07 0003 9b00 006f 0100
0005660 25fd 0000 2603 0000 a002 007b 0000 ed16
0005670 0075 1500 3763 682f 0000 0301 8e53 0001
0005680 0e15 0704 1015 0001 2603 0000 2a01 0026
0005690 3500 0026 0200 7ba0 0000 9b01 001b 0000
00056a0 f316 0075 1500 3262 6823 0000 0301 8e53
00056b0 0001 1f15 0704 5574 0002 2635 0000 5c01
00056c0 0026 6700 0026 0200 7b9b 0000 9b01 001b
00056d0 0000 6123 0074 3415 7904 0205 0300 0026
00056e0 7e00 0026 8900 0026 0200 7ba0 0000 9b01
00056f0 001b 0000 6123 0074 4915 6904 00cc 3500
0005700 0026 a000 0026 ab00 0026 0200 7b9b 0000
0005710 9b01 001b 0000 4c03 0125 1500 0459 7407
0005720 017d 3500 0026 0100 26c5 0000 26cb 0000
0005730 9b02 007b 0000 4c03 0125 1500 0464 cf07
0005740 014e 0300 0026 0100 26e5 0000 26eb 0000
0005750 a002 007b 0000 d803 00e1 1500 046f 4507
0005760 000e 3500 0026 0100 2705 0000 270b 0000
0005770 9b02 007b 0000 d803 00e1 1500 047a 5407
0005780 0009 0300 0026 0100 2725 0000 272b 0000
0005790 a002 007b 0000 fe03 0153 1500 0488 f507
00057a0 0192 be00 007b 0100 2745 0000 2750 0000
00057b0 9b02 007b 0100 7bb4 0000 0300 53fe 0001
00057c0 9115 0704 a2e1 0001 7bbe 0000 6a01 0027
00057d0 7500 0027 0200 7b9b 0000 0c01 0003 0000
00057e0 fe03 0153 1500 049a f407 0074 be00 007b
00057f0 0100 278f 0000 279a 0000 9b02 007b 0100
0005800 0131 0000 0300 53fe 0001 a715 0704 9b8e
0005810 0000 7bbe 0000 b401 0027 bf00 0027 0200
0005820 7b9b 0000 d001 0036 0000 6303 000f 1500
0005830 04bd 3107 0220 be00 007b 0100 27d9 0000
0005840 27e4 0000 9b02 007b 0100 7bb4 0000 0300
0005850 0f63 0000 ce15 0704 e735 0001 7bbe 0000
0005860 fe01 0027 1300 0028 0200 7b9b 0000 b401
0005870 007b 0100 1b9b 0000 9b01 001b 0000 6303
0005880 000f 1500 04da 3407 0285 be00 007b 0100
0005890 282d 0000 283d 0000 9b02 007b 0100 030c
00058a0 0000 9b01 001b 0000 6303 000f 1500 04e7
00058b0 e307 01eb be00 007b 0100 2857 0000 2862
00058c0 0000 9b02 007b 0100 030c 0000 0300 0f63
00058d0 0000 f815 0704 05ec 0001 7bbe 0000 7c01
00058e0 0028 8c00 0028 0200 7b9b 0000 9b01 001b
00058f0 0100 0131 0000 0300 0f63 0000 0215 0705
0005900 1457 0002 7bbe 0000 a601 0028 b100 0028
0005910 0200 7b9b 0000 d001 0036 0000 d307 00e1
0005920 1500 053d 4e07 004f 0100 28c7 0000 28d2
0005930 0000 9b02 007b 0100 0131 0000 0300 3cf1
0005940 0000 4c15 0705 4d84 0001 7bbe 0000 ec01
0005950 0028 f700 0028 0200 7b9b 0000 b401 007b
0005960 0000 f103 003c 1500 0579 1407 014b be00
0005970 007b 0100 2911 0000 291c 0000 9b02 007b
0005980 0100 7bb9 0000 0300 3cf1 0000 9015 0705
0005990 380e 0000 7bbe 0000 3601 0029 4b00 0029
00059a0 0200 7b9b 0000 b401 007b 0100 1b9b 0000
00059b0 9b01 001b 0000 f103 003c 1500 05a0 6a07
00059c0 01ba be00 007b 0100 2965 0000 2975 0000
00059d0 9b02 007b 0100 030c 0000 9b01 001b 0000
00059e0 f103 003c 1500 05b0 f307 0208 be00 007b
00059f0 0100 298f 0000 299a 0000 9b02 007b 0100
0005a00 030c 0000 0300 3cf1 0000 c115 0705 626c
0005a10 0002 7bbe 0000 b401 0029 c400 0029 0200
0005a20 7b9b 0000 9b01 001b 0100 0131 0000 0300
0005a30 3cf1 0000 dd15 0705 e316 0001 7bbe 0000
0005a40 de01 0029 e900 0029 0200 7b9b 0000 d001
0005a50 0036 0000 b403 015d 1500 0613 b507 0242
0005a60 6c00 001f 0100 2a03 0000 2a18 0000 9b02
0005a70 007b 0100 1f99 0000 9b01 001b 0100 0131
0005a80 0000 0300 5db4 0001 6115 0706 627c 0001
0005a90 1f6c 0000 3201 002a 4200 002a 0200 7b9b
0005aa0 0000 9901 001f 0100 36d0 0000 0300 5db4
0005ab0 0001 7c15 0706 0535 0002 7bbe 0000 5c01
0005ac0 002a 6c00 002a 0200 7b9b 0000 9b01 001b
0005ad0 0100 7bb4 0000 0300 5db4 0001 9315 0706
0005ae0 9477 0001 7bbe 0000 8601 002a a000 002a
0005af0 0200 7b9b 0000 9b01 001b 0100 7bb4 0000
0005b00 9b01 001b 0100 1b9b 0000 0300 5db4 0001
0005b10 aa15 0706 530f 0001 7bbe 0000 ba01 002a
0005b20 cf00 002a 0200 7b9b 0000 9b01 001b 0100
0005b30 030c 0000 9b01 001b 0000 b403 015d 1500
0005b40 06bd 2607 01b3 be00 007b 0100 2ae9 0000
0005b50 2af9 0000 9b02 007b 0100 1b9b 0000 0c01
0005b60 0003 0000 b403 015d 1500 06d5 6607 0243
0005b70 be00 007b 0100 2b13 0000 2b28 0000 9b02
0005b80 007b 0100 1b9b 0000 9b01 001b 0100 0131
0005b90 0000 0300 5db4 0001 e715 0706 f114 0000
0005ba0 1f6c 0000 4201 002b 5200 002b 0200 7b9b
0005bb0 0000 5201 002b 0100 0131 0000 1600 acce
0005bc0 0001 7415 991e 001f 0200 9903 0186 1500
0005bd0 0723 fc07 022d be00 007b 0100 2b79 0000
0005be0 2b89 0000 9b02 007b 0100 1b9b 0000 9b01
0005bf0 001b 0000 9903 0186 1500 0736 2a07 009b
0005c00 6c00 001f 0100 2ba3 0000 2bae 0000 9b02
0005c10 007b 0100 2b52 0000 0300 8699 0001 4915
0005c20 0707 2309 0000 1f6c 0000 c801 002b d800
0005c30 002b 0200 7b9b 0000 5201 002b 0100 2b52
0005c40 0000 0700 0e1b 0000 5c15 0707 058e 0000
0005c50 ee01 002b f400 002b 0200 7b9b 0000 0300
0005c60 67a9 0001 7515 0707 2a5c 0002 7bbe 0000
0005c70 0e01 002c 2300 002c 0200 7b9b 0000 9b01
0005c80 001b 0100 1b9b 0000 b401 007b 0000 a903
0005c90 0167 1500 078b 5307 0038 be00 007b 0100
0005ca0 2c3d 0000 2c5c 0000 9b02 007b 0100 1b9b
0005cb0 0000 9b01 001b 0100 7bb4 0000 9b01 001b
0005cc0 0100 1b9b 0000 0300 67a9 0001 a415 0707
0005cd0 ef9c 0000 7bbe 0000 7601 002c 9000 002c
0005ce0 0200 7b9b 0000 9b01 001b 0100 1b9b 0000
0005cf0 0c01 0003 0100 1b9b 0000 0300 67a9 0001
0005d00 bd15 0707 d378 0000 7bbe 0000 aa01 002c
0005d10 bf00 002c 0200 7b9b 0000 9b01 001b 0100
0005d20 1b9b 0000 0c01 0003 0000 a903 0167 1500
0005d30 07d5 0207 011b be00 007b 0100 2cd9 0000
0005d40 2cf3 0000 9b02 007b 0100 1b9b 0000 9b01
0005d50 001b 0100 1b9b 0000 3101 0001 0000 a903
0005d60 0167 1500 07e7 1f07 021f be00 007b 0100
0005d70 2d0d 0000 2d22 0000 9b02 007b 0100 2b52
0005d80 0000 5201 002b 0100 7bb4 0000 0300 67a9
0005d90 0001 fb15 0707 caba 0001 7bbe 0000 3c01
0005da0 002d 5600 002d 0200 7b9b 0000 5201 002b
0005db0 0100 2b52 0000 0c01 0003 0100 1b9b 0000
0005dc0 0300 67a9 0001 1115 0708 143c 0001 7bbe
0005dd0 0000 7001 002d 8500 002d 0200 7b9b 0000
0005de0 5201 002b 0100 2b52 0000 0c01 0003 0000
0005df0 a903 0167 1500 0826 ae07 00eb be00 007b
0005e00 0100 2d9f 0000 2db9 0000 9b02 007b 0100
0005e10 2b52 0000 5201 002b 0100 1b9b 0000 3101
0005e20 0001 0000 a903 0167 1500 085f 3d07 019c
0005e30 be00 007b 0100 2dd3 0000 2ded 0000 9b02
0005e40 007b 0100 2b52 0000 5201 002b 0100 6102
0005e50 0000 0201 0061 0000 a903 0167 1500 086a
0005e60 7707 01e1 be00 007b 0100 2e07 0000 2e21
0005e70 0000 9b02 007b 0100 2b52 0000 5201 002b
0005e80 0100 030c 0000 0c01 0003 0000 a903 0167
0005e90 1500 0875 8a07 00f6 be00 007b 0100 2e3b
0005ea0 0000 2e55 0000 9b02 007b 0100 2b52 0000
0005eb0 5201 002b 0100 1f6c 0000 6c01 001f 0000
0005ec0 a903 0167 1500 0880 9107 0022 be00 007b
0005ed0 0100 2e6f 0000 2e89 0000 9b02 007b 0100
0005ee0 2b52 0000 5201 002b 0100 1f99 0000 9901
0005ef0 001f 0000 a903 0167 1500 0899 5015 0085
0005f00 be00 007b 0100 2ea3 0000 2eb8 0000 9b02
0005f10 007b 0100 1f99 0000 9901 001f 0100 36d0
0005f20 0000 1c00 a212 0000 e315 7708 00f0 be00
0005f30 007b d000 002e ea00 002e 0200 7b9b 0000
0005f40 9b01 001b 0100 1b9b 0000 9b01 001b 0100
0005f50 0131 0000 1c00 67a6 0001 e715 4c08 0195
0005f60 be00 007b 0200 002f 1c00 002f 0200 7b9b
0005f70 0000 9b01 001b 0100 1b9b 0000 0c01 0003
0005f80 0100 1b9b 0000 1c00 0f60 0000 eb15 8d08
0005f90 0175 be00 007b 3400 002f 4400 002f 0200
0005fa0 7b9b 0000 0c01 0003 0100 1b9b 0000 0300
0005fb0 da12 0001 fc15 0708 495f 0001 1b9b 0000
0005fc0 5e01 002f 7300 002f 0200 7ba0 0000 0201
0005fd0 0061 0100 1b9b 0000 9b01 001b 0000 0407
0005fe0 01e2 1500 0906 8307 0095 0100 2f89 0000
0005ff0 2f94 0000 9b02 007b 0100 7bbe 0000 0300
0006000 644d 0001 1015 0709 928e 0002 030c 0000
0006010 ae01 002f b400 002f 0200 7ba0 0000 0300
0006020 f793 0000 1c15 0709 a059 0001 030c 0000
0006030 ce01 002f d400 002f 0200 7ba0 0000 0300
0006040 f793 0000 2715 0709 a602 0001 6102 0000
0006050 ee01 002f f400 002f 0200 7b9b 0000 0300
0006060 442f 0002 2f15 0709 a675 0000 1df6 0000
0006070 0e01 0030 1400 0030 0200 7ba0 0000 0300
0006080 88e6 0000 3f15 0709 43ea 0002 1b9b 0000
0006090 2e01 0030 4300 0030 0200 7ba0 0000 0c01
00060a0 0003 0100 1b9b 0000 9b01 001b 0000 e603
00060b0 0088 1500 094d ff07 0161 9b00 001b 0100
00060c0 305d 0000 306d 0000 a002 007b 0100 7bb4
00060d0 0000 9b01 001b 0000 e603 0088 1500 096d
00060e0 8507 0183 9b00 001b 0100 3087 0000 3097
00060f0 0000 a002 007b 0100 030c 0000 9b01 001b
0006100 0000 e603 0088 1500 097e 8207 000e 9b00
0006110 001b 0100 30b1 0000 30c1 0000 a002 007b
0006120 0100 0131 0000 9b01 001b 0000 e503 0088
0006130 1500 098b 6407 0143 9b00 001b 0100 30db
0006140 0000 30eb 0000 a002 007b 0100 7bb4 0000
0006150 9b01 001b 0000 e503 0088 1500 09ad 9207
0006160 0000 9b00 001b 0100 3105 0000 311a 0000
0006170 a002 007b 0100 030c 0000 9b01 001b 0100
0006180 1b9b 0000 0300 88e5 0000 bb15 0709 0696
0006190 0000 1b9b 0000 3401 0031 4400 0031 0200
00061a0 7ba0 0000 0c01 0003 0100 1b9b 0000 0300
00061b0 88e5 0000 cc15 0709 ba2a 0001 1b9b 0000
00061c0 5e01 0031 6e00 0031 0200 7ba0 0000 3101
00061d0 0001 0100 1b9b 0000 0300 f222 0001 da15
00061e0 0709 0041 0002 1b9b 0000 8801 0031 9800
00061f0 0031 0200 7ba0 0000 b401 007b 0100 1b9b
0006200 0000 0300 f222 0001 fd15 0709 be4e 0000
0006210 1b9b 0000 b201 0031 c700 0031 0200 7ba0
0006220 0000 0c01 0003 0100 1b9b 0000 9b01 001b
0006230 0000 2203 01f2 1500 0a0b c007 0148 9b00
0006240 001b 0100 31e1 0000 31f1 0000 a002 007b
0006250 0100 030c 0000 9b01 001b 0000 2203 01f2
0006260 1500 0a1f 9907 0227 9b00 001b 0100 320b
0006270 0000 321b 0000 a002 007b 0100 0131 0000
0006280 9b01 001b 0000 1303 00d4 1500 0a2e 4807
0006290 00a5 9b00 001b 0100 3235 0000 3245 0000
00062a0 a002 007b 0100 7bb4 0000 9b01 001b 0000
00062b0 1303 00d4 1500 0a51 d407 004b 9b00 001b
00062c0 0100 325f 0000 3274 0000 a002 007b 0100
00062d0 030c 0000 9b01 001b 0100 1b9b 0000 0300
00062e0 d413 0000 5f15 070a 3186 0001 1b9b 0000
00062f0 8e01 0032 9e00 0032 0200 7ba0 0000 0c01
0006300 0003 0100 1b9b 0000 0300 d413 0000 7315
0006310 070a 6fe5 0001 1b9b 0000 b801 0032 c800
0006320 0032 0200 7ba0 0000 3101 0001 0100 1b9b
0006330 0000 0300 f3c0 0000 8115 070a ef4b 0001
0006340 1b9b 0000 e201 0032 f200 0032 0200 7ba0
0006350 0000 b401 007b 0100 1b9b 0000 0300 f3c0
0006360 0000 a415 070a fcc8 0001 1b9b 0000 0c01
0006370 0033 2100 0033 0200 7ba0 0000 0c01 0003
0006380 0100 1b9b 0000 9b01 001b 0000 c003 00f3
0006390 1500 0ab2 ab07 01e4 9b00 001b 0100 333b
00063a0 0000 334b 0000 a002 007b 0100 030c 0000
00063b0 9b01 001b 0000 c003 00f3 1500 0ac4 e907
00063c0 005a 9b00 001b 0100 3365 0000 3375 0000
00063d0 a002 007b 0100 0131 0000 9b01 001b 0000
00063e0 b503 0178 1500 0ad3 3607 026f 9b00 001b
00063f0 0100 338f 0000 339f 0000 a002 007b 0100
0006400 7bb4 0000 9b01 001b 0000 b503 0178 1500
0006410 0af6 af07 028d 9b00 001b 0100 33b9 0000
0006420 33ce 0000 a002 007b 0100 030c 0000 9b01
0006430 001b 0100 1b9b 0000 0300 78b5 0001 0415
0006440 070b 590d 0002 1b9b 0000 e801 0033 f800
0006450 0033 0200 7ba0 0000 0c01 0003 0100 1b9b
0006460 0000 0300 78b5 0001 1615 070b 5829 0002
0006470 1b9b 0000 1201 0034 2200 0034 0200 7ba0
0006480 0000 3101 0001 0100 1b9b 0000 0300 d1b2
0006490 0001 2615 070b 2f13 0001 1af7 0000 3c01
00064a0 0034 4c00 0034 0200 7ba0 0000 9b01 001b
00064b0 0100 1b9b 0000 0300 62ee 0000 3915 070b
00064c0 4a64 0000 013d 0000 6601 0034 7100 0034
00064d0 0200 7ba0 0000 b401 007b 0000 ee03 0062
00064e0 1500 0b96 7807 01c7 3d00 0001 0100 348b
00064f0 0000 34a0 0000 a002 007b 0100 1b9b 0000
0006500 9b01 001b 0100 7bb4 0000 0300 62ee 0000
0006510 b015 070b 4fbf 0002 013d 0000 ba01 0034
0006520 d900 0034 0200 7ba0 0000 9b01 001b 0100
0006530 1b9b 0000 b401 007b 0100 1b9b 0000 9b01
0006540 001b 0000 ee03 0062 1500 0bc2 4407 024f
0006550 3d00 0001 0100 34f3 0000 34fe 0000 a002
0006560 007b 0100 030c 0000 0300 62ee 0000 da15
0006570 070b 9f06 0001 013d 0000 1801 0035 2d00
0006580 0035 0200 7ba0 0000 9b01 001b 0100 1b9b
0006590 0000 0c01 0003 0000 ee03 0062 1500 0bf5
00065a0 ea07 004f 3d00 0001 0100 3547 0000 3561
00065b0 0000 a002 007b 0100 1b9b 0000 9b01 001b
00065c0 0100 030c 0000 9b01 001b 0000 0a03 020c
00065d0 1500 0bfa ff07 024a 9b00 006f 0100 357b
00065e0 0000 3586 0000 a002 007b 0100 0e6e 0000
00065f0 0300 0c0a 0002 fe15 070b 4753 0001 6f9b
0006600 0000 a001 0035 ab00 0035 0200 7ba0 0000
0006610 3101 0001 0000 0a03 020c 1500 0c02 b407
0006620 017b 9b00 006f 0100 35c5 0000 35d0 0000
0006630 a002 007b 0100 030c 0000 0300 3eb1 0001
0006640 0615 070c 0708 0002 6f9b 0000 ea01 0035
0006650 f500 0035 0200 7ba0 0000 6e01 000e 0000
0006660 b103 013e 1500 0c0a 8507 01d8 9b00 006f
0006670 0100 360f 0000 361a 0000 a002 007b 0100
0006680 0131 0000 0300 3eb1 0001 0e15 070c 6a7c
0006690 0002 6f9b 0000 3401 0036 3f00 0036 0200
00066a0 7ba0 0000 0c01 0003 0000 3a03 0014 1500
00066b0 0c14 af07 0145 9b00 006f 0100 3659 0000
00066c0 3664 0000 a002 007b 0100 0e6e 0000 0300
00066d0 143a 0000 1815 070c b389 0000 6f9b 0000
00066e0 7e01 0036 8900 0036 0200 7ba0 0000 3101
00066f0 0001 0000 3a03 0014 1500 0c1c 9107 01f4
0006700 9b00 006f 0100 36a3 0000 36ae 0000 a002
0006710 007b 0100 030c 0000 2600 67b1 0001 0131
0006720 0000 cd30 003e 9a00 0009 3000 63fb 0000
0006730 0c90 0000 0a00 1af7 0000 1f00 23a7 0000
0006740 2110 0b2f 37c0 0000 0816 01ab 2100 1a36
0006750 030c 0000 0601 8d6d 0001 3a21 dd12 0036
0006760 0000 b316 0050 2100 1835 065d 0000 0601
0006770 7855 0001 3b21 f713 0036 0800 a612 01fb
0006780 2100 113e 2019 0000 3725 0000 3735 0000
0006790 c802 007b 0100 3735 0000 f701 0036 0000
00067a0 d016 01ac 2100 1a37 030c 0000 1401 fba6
00067b0 0001 4221 a011 024f 5600 0037 5c00 0037
00067c0 0200 7bc8 0000 1000 f4dc 0001 4721 bd07
00067d0 00ad f700 0036 0100 3775 0000 377b 0000
00067e0 cd02 007b 0000 7410 0148 2100 074b 971b
00067f0 0001 3735 0000 9401 0037 9a00 0037 0200
0006800 7bcd 0000 3600 6e65 0064 4f21 3bd6 0002
0006810 3735 0000 37b1 0000 37b7 0000 cd02 007b
0006820 0000 5f21 0045 0131 0000 0a00 36d0 0000
0006830 c022 00a3 2200 2be6 0001 4905 0269 2200
0006840 214f 1af7 0000 5f4b 3256 2700 025c 6614
0006850 5472 0001 387b 0000 4b67 0105 0100 7223
0006860 0b02 7501 0038 4c00 054b 0001 0276 4a1f
0006870 0002 380f 0000 3815 0000 d702 007b 0000
0006880 4a4c 0105 7700 f802 003c 2800 0038 3300
0006890 0038 0200 7bd7 0000 3d02 0001 0000 4b31
00068a0 0105 2300 027a fbcc 0001 3847 0000 3852
00068b0 0000 d702 007b 0100 7be1 0000 6800 3d3f
00068c0 0000 7b23 0d02 8776 0000 7be6 0000 0101
00068d0 3869 0000 d702 007b 0100 7be1 0000 0000
00068e0 ed0a 0037 0000 2404 0b52 7bf7 0000 2404
00068f0 0b53 7beb 0000 2404 0b54 00cb 0000 2404
0006900 0b5c 7c08 0000 2404 0b65 7c23 0000 2404
0006910 0b68 7c3e 0000 2404 0b69 7c54 0000 a669
0006920 01fa 0200 194a 37ed 0000 2504 0b3c 7444
0006930 0000 2504 0b3d 740b 0000 2504 0b3e 61be
0006940 0000 2504 0b40 7c79 0000 2504 0b41 7c85
0006950 0000 2504 0b42 7ca0 0000 2504 0b43 7cbb
0006960 0000 2504 0b44 7cd6 0000 2504 0b45 7cec
0006970 0000 2504 0b46 7d07 0000 2504 0b47 7d1d
0006980 0000 2504 0b4f 741c 0000 2504 0b50 7d33
0006990 0000 b825 0253 2600 0d46 394f 0000 5f4b
00069a0 3256 2600 045d 2916 a2b7 0001 9126 0f01
00069b0 266a 0ce9 5c1f 0039 0000 c24a 011f 1e00
00069c0 02f9 6514 0039 4700 1fbb 0001 8326 000c
00069d0 a01d 0251 2800 0b2e 9e25 00e6 2600 0d36
00069e0 398b 0000 126b 009a 2900 3f30 b71d 01a2
00069f0 2a00 0b45 0000 391a 0085 0100 c62b bd0c
0006a00 0039 0500 5e55 0000 cb2b 770d 000c 0500
0006a10 7d3d 0000 cc2b 020d 0061 0500 75f3 0000
0006a20 cd2b 540d 007d 0000 451a 00f6 0100 c62b
0006a30 ef0c 0039 0500 5e55 0000 cb2b 770d 000c
0006a40 0500 7d3d 0000 cc2b 0c0d 0003 0500 75f3
0006a50 0000 cd2b d20d 007b 0000 2c04 145f 6cce
0006a60 0000 2c04 1460 7d81 0000 2c04 1461 6cdc
0006a70 0000 2c04 1462 6ce2 0000 2c04 1463 6ce8
0006a80 0000 2d04 0b3a 6f88 0000 ee38 0167 1800
0006a90 852e 0d01 0046 1700 852e 0b01 5a96 0000
0006aa0 2e17 0185 b90b 005a 1700 852e 0b01 5a88
0006ab0 0000 2e17 0185 1b0b 0059 1700 852e 0b01
0006ac0 58fd 0000 2e17 0185 4b0b 0059 3500 577b
0006ad0 0000 0d02 158c 0001 af2e 0701 82fb 0000
0006ae0 6f9b 0000 3a83 0000 8401 000c 0000 8c0d
0006af0 0115 2e00 01b8 da07 0020 9b00 006f 9e00
0006b00 003a 0100 0651 0000 4d00 e5aa 0000 6044
0006b10 0001 6f9b 0000 3d13 007d 2e00 019f 3329
0006b20 0058 0d00 0a3a 0000 c52e 0701 00f1 0001
0006b30 3aab 0000 3ae7 0000 ab01 003a 0100 3aab
0006b40 0000 ab01 003a 0100 8006 0000 8401 000c
0006b50 0000 2718 00aa 2e00 019a ec2f 0058 0a00
0006b60 3ae7 0000 3a0d 000a 2e00 01cc 9407 0212
0006b70 ab00 003a 2800 003b 0100 3aab 0000 ab01
0006b80 003a 0100 3aab 0000 0601 0080 0100 0651
0006b90 0000 0d00 12b7 0000 d12e 0701 53ef 0000
0006ba0 3aab 0000 3b52 0000 ab01 003a 0100 3aab
0006bb0 0000 ab01 003a 0100 8006 0000 3100 087a
0006bc0 0002 e72e f301 0052 6600 003b 6c00 003b
0006bd0 0200 800b 0000 2b00 087a 0002 f12e 4001
0006be0 00c2 8000 003b 8b00 003b 0200 800b 0000
0006bf0 1001 0080 0000 ca13 0048 2e00 01aa aa1a
0006c00 0055 0a00 3b8b 0000 7a2b 0208 2e00 01fe
0006c10 451c 0001 3bb1 0000 3bc1 0000 0b02 0080
0006c20 0100 3bc1 0000 1001 0080 0000 b313 0050
0006c30 2e00 01a8 5d1a 0006 0700 087a 0002 0a2e
0006c40 0702 e7ad 0000 e401 003b f900 003b 0200
0006c50 800b 0000 c101 003b 0100 8015 0000 1001
0006c60 0080 0000 eb13 01b6 2e00 019e f717 001a
0006c70 0a00 3bf9 0000 7a07 0208 2e00 0229 7607
0006c80 00c3 0100 3c21 0000 3c2c 0000 0b02 0080
0006c90 0100 801a 0000 3100 087a 0002 3c2e 2f02
0006ca0 01da 4000 003c 4b00 003c 0200 800b 0000
0006cb0 1f01 0080 0000 7a07 0208 2e00 023f 8307
0006cc0 015e 0100 3c61 0000 3c71 0000 0b02 0080
0006cd0 0100 801a 0000 1001 0080 0000 7a11 0208
0006ce0 2e00 0249 46bb 0001 3c85 0000 3c9a 0000
0006cf0 0b02 0080 0100 801f 0000 1001 0080 0100
0006d00 0c84 0000 1100 087a 0002 4d2e 5002 00ed
0006d10 ae00 003c c300 003c 0200 800b 0000 1f01
0006d20 0080 0100 8010 0000 5101 0006 0000 7a07
0006d30 0208 2e00 025f c907 0163 0100 3cd9 0000
0006d40 3ce9 0000 0b02 0080 0100 801f 0000 1001
0006d50 0080 0000 7a07 0208 2e00 0271 8b07 0080
0006d60 0100 3cff 0000 3d0f 0000 0b02 0080 0100
0006d70 5b16 0000 1001 0080 0000 ab07 01a1 2e00
0006d80 02a6 8707 00c4 0100 3d25 0000 3d30 0000
0006d90 0b02 0080 0200 013d 0000 1000 3d3f 0000
0006da0 c62f bb05 01b7 2400 0080 0100 3d49 0000
0006db0 3d54 0000 0b02 0080 0100 801a 0000 0300
0006dc0 3d3f 0000 c52e 0702 4834 0002 8024 0000
0006dd0 6e01 003d 7900 003d 0200 800b 0000 1f01
0006de0 0080 0000 3f03 003d 2e00 02da ee07 01c1
0006df0 2400 0080 0100 3d93 0000 3d9e 0000 0b02
0006e00 0080 0100 5b16 0000 0700 3cf1 0000 ed2e
0006e10 0702 7f41 0000 b401 003d c400 003d 0200
0006e20 800b 0000 c101 003b 0100 8015 0000 0700
0006e30 3cf1 0000 1a2e 0703 fe52 0000 da01 003d
0006e40 e500 003d 0200 800b 0000 1601 005b 0000
0006e50 0813 01ab 2e00 01a3 e53d 006e 0300 4874
0006e60 0001 2b2e 0703 e9e0 0001 3de5 0000 0c01
0006e70 003e 1200 003e 0200 800b 0000 1300 acd0
0006e80 0001 a52e 0701 6eea 0000 7403 0148 2e00
0006e90 0334 e707 0274 1200 003e 0100 3e39 0000
0006ea0 3e3f 0000 2902 0080 0000 6523 646e 2e00
0006eb0 033d ad5f 0000 3de5 0000 3e57 0000 3e5d
0006ec0 0000 0b02 0080 0000 6523 646e 2e00 0346
0006ed0 30fb 0002 3e12 0000 3e75 0000 3e7b 0000
0006ee0 2902 0080 0000 0013 01ab 2e00 01a7 0b30
0006ef0 005c 0300 95f9 0000 4f2e 0703 1b3d 0002
0006f00 3e7b 0000 a201 003e a800 003e 0200 800b
0006f10 0000 1300 aafa 0001 a62e 3501 5c10 0000
0006f20 f903 0095 2e00 0358 ab07 007b a800 003e
0006f30 0100 3ecf 0000 3ed5 0000 2902 0080 0000
0006f40 2e03 004a 2e00 0361 5f07 027d 7b00 003e
0006f50 0100 3eef 0000 3ef5 0000 0b02 0080 0000
0006f60 2e03 004a 2e00 036a 0607 0288 a800 003e
0006f70 0100 3f0f 0000 3f15 0000 2902 0080 0000
0006f80 7303 0148 2e00 0374 3107 013b 1200 003e
0006f90 0100 3f2f 0000 3f35 0000 2902 0080 0000
0006fa0 7903 021c 2e00 037d d107 0116 1200 003e
0006fb0 0100 3f4f 0000 3f55 0000 2902 0080 0000
0006fc0 f803 0095 2e00 0386 d607 01f7 a800 003e
0006fd0 0100 3f6f 0000 3f75 0000 2902 0080 0000
0006fe0 2d03 004a 2e00 038f 3f07 0272 a800 003e
0006ff0 0100 3f8f 0000 3f95 0000 2902 0080 0000
0007000 dc03 01f4 2e00 0396 3c07 0037 c100 003b
0007010 0100 3faf 0000 3fb5 0000 2902 0080 0000
0007020 d803 01f4 2e00 039b 8107 0261 c100 003b
0007030 0100 3fcf 0000 3fd5 0000 2902 0080 0000
0007040 e907 0252 2e00 03a9 e607 01fe 0100 3feb
0007050 0000 3ff6 0000 0b02 0080 0100 3bc1 0000
0007060 0700 52e9 0002 bd2e 0703 f875 0000 0c01
0007070 0040 1c00 0040 0200 800b 0000 c101 003b
0007080 0100 8015 0000 0700 2ccb 0002 dd2e 0703
0007090 0c45 0002 3201 0040 3800 0040 0200 800b
00070a0 0000 0300 2ce6 0002 e62e 0703 874a 0001
00070b0 3bc1 0000 5201 0040 5800 0040 0200 8029
00070c0 0000 0300 e931 0000 ef2e 0703 57f9 0000
00070d0 6f9b 0000 7201 0040 7800 0040 0200 8029
00070e0 0000 1400 e908 0001 422f 7205 006f 8c00
00070f0 0040 9700 0040 0200 800b 0000 c101 003b
0007100 0000 f313 0075 2e00 01a1 a032 006e 0300
0007110 8e53 0001 132e 0704 1e2a 0001 4097 0000
0007120 be01 0040 c900 0040 0200 800b 0000 c101
0007130 003b 0000 ed13 0075 2e00 01a2 ac37 006e
0007140 0300 8e53 0001 252e 0704 8555 0001 40c9
0007150 0000 f001 0040 fb00 0040 0200 8029 0000
0007160 c101 003b 0000 2407 00c7 2e00 042e a907
0007170 00e6 0200 4111 0000 411c 0000 2902 0080
0007180 0100 3bc1 0000 2300 7461 2e00 0444 0b7c
0007190 0000 4097 0000 4133 0000 413e 0000 0b02
00071a0 0080 0100 3bc1 0000 2300 7461 2e00 0456
00071b0 f271 0001 40c9 0000 4155 0000 4160 0000
00071c0 2902 0080 0100 3bc1 0000 0300 254c 0001
00071d0 612e 0704 2fe4 0001 4097 0000 7a01 0041
00071e0 8000 0041 0200 800b 0000 0300 254c 0001
00071f0 6c2e 0704 8fd9 0001 40c9 0000 9a01 0041
0007200 a000 0041 0200 8029 0000 0300 e1d8 0000
0007210 772e 0704 8978 0001 4097 0000 ba01 0041
0007220 c000 0041 0200 800b 0000 0300 e1d8 0000
0007230 822e 0704 933a 0001 40c9 0000 da01 0041
0007240 e000 0041 0200 8029 0000 0300 f793 0000
0007250 902e 0704 ae2f 0000 7b9b 0000 fa01 0041
0007260 0000 0042 0200 800b 0000 0300 f793 0000
0007270 942e 0704 9dcf 0000 7ba0 0000 1a01 0042
0007280 2000 0042 0200 8029 0000 0700 e1d3 0000
0007290 a32e 0704 096e 0002 3601 0042 4100 0042
00072a0 0200 800b 0000 1501 0080 0000 d307 00e1
00072b0 2e00 04b3 cd07 01b5 0100 4257 0000 4262
00072c0 0000 0b02 0080 0100 802e 0000 0700 0e1b
00072d0 0000 c92e 0704 218c 0001 7801 0042 7e00
00072e0 0042 0200 800b 0000 1000 5db4 0001 822f
00072f0 0d05 0115 e500 003d 0100 4297 0000 42a7
0007300 0000 0b02 0080 0100 3e12 0000 1501 0080
0007310 0000 b403 015d 2e00 050d 8d07 0223 e500
0007320 003d 0100 42c1 0000 42d1 0000 0b02 0080
0007330 0100 3e12 0000 2e01 0080 0000 b403 015d
0007340 2e00 051e 5807 020e e500 003d 0100 42eb
0007350 0000 42fb 0000 0b02 0080 0100 3e12 0000
0007360 1601 005b 0000 b403 015d 2e00 0537 8507
0007370 013b e500 003d 0100 4315 0000 432a 0000
0007380 0b02 0080 0100 3e12 0000 c101 003b 0100
0007390 8015 0000 0300 8699 0001 962e 0705 e2f2
00073a0 0000 3de5 0000 4401 0043 4f00 0043 0200
00073b0 800b 0000 1201 003e 0000 9903 0186 2e00
00073c0 05b1 5b07 0060 e500 003d 0100 4369 0000
00073d0 4379 0000 0b02 0080 0100 3e12 0000 1201
00073e0 003e 0000 0407 01e2 2e00 05c8 5007 014c
00073f0 0100 438f 0000 439a 0000 0b02 0080 0100
0007400 8024 0000 0700 7fb3 0002 da2e 0705 c36b
0007410 0001 b001 0043 b600 0043 0200 800b 0000
0007420 0700 61d9 0000 392e 0706 78e4 0002 cc02
0007430 0043 dc00 0043 0200 800b 0000 c101 003b
0007440 0100 8015 0000 0700 a3a6 0001 432e 0706
0007450 9285 0000 f202 0043 fd00 0043 0200 800b
0007460 0000 c101 003b 0000 7207 0055 2f00 0101
0007470 f405 0175 0200 4413 0000 4423 0000 0b02
0007480 0080 0100 065d 0000 1501 0080 0000 ac07
0007490 015d 2f00 01fd e805 0050 0200 4439 0000
00074a0 444e 0000 0b02 0080 0100 3de5 0000 c101
00074b0 003b 0100 8015 0000 0700 11ba 0000 632f
00074c0 0502 ba15 0000 6402 0044 6f00 0044 0200
00074d0 800b 0000 c101 003b 0000 c803 022c 2f00
00074e0 02af f205 01da 9b00 006f 0200 4489 0000
00074f0 448f 0000 0b02 0080 0000 4103 0111 2f00
0007500 0154 7605 018d e500 003d 0200 44a9 0000
0007510 44b9 0000 0b02 0080 0100 3e12 0000 2e01
0007520 0080 0000 6b03 0075 2e00 06d6 0b07 0133
0007530 e500 003d 0200 44d3 0000 44e3 0000 0b02
0007540 0080 0100 3e12 0000 2e01 0080 0000 1403
0007550 005c 2e00 06dc 3007 0218 c100 003b 0200
0007560 44fd 0000 450d 0000 2902 0080 0100 3bc1
0007570 0000 0c01 0003 0000 2e39 0075 e700 2e06
0007580 0093 c100 003b 2b00 0045 0100 3bc1 0000
0007590 1001 0080 0000 bc39 01a8 f000 9706 00c7
00075a0 c100 003b 4400 0045 0100 8033 0000 0700
00075b0 7115 0000 002e 0707 a26e 0000 5a02 0045
00075c0 6500 0045 0200 800b 0000 ab01 003a 0000
00075d0 9610 0186 2f00 05ab 8ff2 0000 3de5 0000
00075e0 7e02 0045 8900 0045 0200 800b 0000 e501
00075f0 003d 0000 9610 0186 2f00 05b8 af49 0001
0007600 3de5 0000 a202 0045 b200 0045 0200 800b
0007610 0000 e501 003d 0100 3de5 0000 1100 2060
0007620 0000 172e cb07 000b c600 0045 d600 0045
0007630 0200 800b 0000 1f01 0080 0100 0c84 0000
0007640 1100 2060 0000 222e 8207 0244 ea00 0045
0007650 fa00 0045 0200 800b 0000 1f01 0080 0100
0007660 0651 0000 2100 545f 0070 1af7 0000 fb30
0007670 0063 aa00 0055 0000 1f0a 003a 1a00 126a
0007680 0002 2e18 0c54 49a8 0000 b41a 0119 1800
0007690 5b2e c50e 0046 0600 2b3a 0001 5d2e ca0a
00076a0 0046 0000 b606 006c 2e00 0a5e 46ca 0000
00076b0 0608 0c46 0000 5f2e ca0a 0046 1000 b412
00076c0 0119 2e00 0261 c8e4 0001 4667 0000 466d
00076d0 0000 2002 007f 0000 b412 0119 2e00 0266
00076e0 e2e0 0001 4681 0000 468c 0000 2002 007f
00076f0 0100 7f25 0000 1200 1e1b 0002 6d2e 4c02
0007700 00e5 a000 0046 ab00 0046 0200 7f20 0000
0007710 2a01 007f 0000 713a 0245 7500 7007 0002
0007720 46b9 0000 2002 007f 0100 7f2f 0000 0000
0007730 1f0a 0046 0500 7d3d 0000 592e ff09 0067
0007740 1a00 e77a 0001 2e18 0e80 4783 0000 902a
0007750 000c 2a00 461f 0000 7a12 01e7 2e00 0283
0007760 04ca 0000 4701 0000 4707 0000 3402 007f
0007770 0000 7a12 01e7 2e00 0288 f2c1 0001 471b
0007780 0000 4726 0000 3402 007f 0100 7f39 0000
0007790 1200 e77a 0001 8f2e ba02 0165 3a00 0047
00077a0 4500 0047 0200 7f34 0000 3e01 007f 0000
00077b0 7a12 01e7 2e00 0293 6398 0001 4759 0000
00077c0 4764 0000 3402 007f 0100 7f43 0000 3a00
00077d0 e77a 0001 8197 0224 7200 0047 0200 7f34
00077e0 0000 4301 007f 0100 7f3e 0000 0000 2705
00077f0 00aa 2e00 1557 6848 0000 830a 0047 1c00
0007800 c473 0000 142e f601 0178 4800 007f ac00
0007810 0047 b200 0047 0200 7f4d 0000 1c00 c473
0007820 0000 182e 3e01 0208 3900 007f ca00 0047
0007830 d000 0047 0200 7f52 0000 1800 48ca 0000
0007840 112e 1601 0c90 0000 d00a 0047 1c00 442f
0007850 0002 1c2e 6b01 0227 d000 0047 fa00 0047
0007860 0000 0048 0200 7f52 0000 3b00 bddd 0000
0007870 0120 67ce 0001 4813 0000 4819 0000 4d02
0007880 007f 0000 dd11 00bd 2e00 0125 826e 0001
0007890 482d 0000 4838 0000 4d02 007f 0100 7f57
00078a0 0000 1100 bddd 0000 2a2e c201 0025 4c00
00078b0 0048 5700 0048 0200 7f4d 0000 5d01 0006
00078c0 0000 dd11 00bd 2e00 012f 5f40 0001 486b
00078d0 0000 487b 0000 4d02 007f 0100 065d 0000
00078e0 5701 007f 0000 dd3b 00bd 3400 0201 0206
00078f0 8e00 0048 9900 0048 0200 7f4d 0000 5c01
0007900 007f 0000 dd11 00bd 2e00 0138 04d6 0002
0007910 48ad 0000 48b8 0000 4d02 007f 0100 7f43
0007920 0000 1100 bddd 0000 3b2e c701 01fd cc00
0007930 0048 dc00 0048 0200 7f4d 0000 5c01 007f
0007940 0100 7f57 0000 1100 bddd 0000 482e ba01
0007950 01df f000 0048 0000 0049 0200 7f4d 0000
0007960 5701 007f 0100 7f5c 0000 1100 bddc 0000
0007970 4d2e 0f01 01dd 1400 0049 1f00 0049 0200
0007980 7f4d 0000 3d02 0001 0000 3537 025d 2e00
0007990 0154 d614 0046 0000 421c 010f 2e00 0157
00079a0 bb74 0001 46ca 0000 4945 0000 4950 0000
00079b0 4d02 007f 0100 065d 0000 1100 c026 0001
00079c0 5e2e c701 014a 6400 0049 7400 0049 0200
00079d0 7f4d 0000 ca01 0046 0100 065d 0000 0700
00079e0 fc37 0000 672e 0701 2762 0001 8a02 0049
00079f0 9500 0049 0200 7f4d 0000 5d01 0006 0000
0007a00 5f21 7054 3100 0001 2600 63fb 0000 0c90
0007a10 0000 0a00 4612 0000 8238 01a2 1800 852e
0007a20 9b01 0055 1700 852e 0b01 492d 0000 2e17
0007a30 0185 500b 0049 1700 852e 0b01 491f 0000
0007a40 2e17 0185 b20b 0047 1700 852e 0b01 4794
0007a50 0000 2e17 0185 e20b 0047 3500 4612 0000
0007a60 0d02 158c 0001 af2e 0701 4618 0000 6f9b
0007a70 0000 4a11 0000 8401 000c 0000 8c0d 0115
0007a80 2e00 01b8 c507 0273 9b00 006f 2c00 004a
0007a90 0100 0651 0000 4d00 e5aa 0000 56b5 0001
0007aa0 6f9b 0000 3d13 007d 2e00 019f ca29 0046
0007ab0 0d00 0a3a 0000 c52e 0701 a524 0001 4a39
0007ac0 0000 4a75 0000 3901 004a 0100 4a39 0000
0007ad0 3901 004a 0100 7f61 0000 8401 000c 0000
0007ae0 2718 00aa 2e00 019a 832f 0047 0a00 4a75
0007af0 0000 3a0d 000a 2e00 01cc df07 0151 3900
0007b00 004a b600 004a 0100 4a39 0000 3901 004a
0007b10 0100 4a39 0000 6101 007f 0100 0651 0000
0007b20 0d00 12b7 0000 d12e 0701 5a12 0000 4a39
0007b30 0000 4ae0 0000 3901 004a 0100 4a39 0000
0007b40 3901 004a 0100 7f61 0000 3100 087a 0002
0007b50 e72e cb01 000a f400 004a fa00 004a 0200
0007b60 7f66 0000 2b00 087a 0002 f12e 2501 0251
0007b70 0e00 004b 1900 004b 0200 7f66 0000 6b01
0007b80 007f 0000 ca13 0048 2e00 01aa 901a 000c
0007b90 0a00 4b19 0000 7a2b 0208 2e00 01fe 3ffd
0007ba0 0000 4b3f 0000 4b4f 0000 6602 007f 0100
0007bb0 4b4f 0000 6b01 007f 0000 b313 0050 2e00
0007bc0 01a8 5d1a 0006 0700 087a 0002 0a2e 0702
0007bd0 7eb6 0002 7201 004b 8700 004b 0200 7f66
0007be0 0000 4f01 004b 0100 7f70 0000 6b01 007f
0007bf0 0000 eb13 01b6 2e00 019e 3117 0001 0a00
0007c00 4b87 0000 7a07 0208 2e00 0229 f607 0251
0007c10 0100 4baf 0000 4bba 0000 6602 007f 0100
0007c20 7f75 0000 3100 087a 0002 3c2e 8302 01a5
0007c30 ce00 004b d900 004b 0200 7f66 0000 7a01
0007c40 007f 0000 7a07 0208 2e00 023f 5007 0269
0007c50 0100 4bef 0000 4bff 0000 6602 007f 0100
0007c60 7f75 0000 6b01 007f 0000 7a11 0208 2e00
0007c70 0249 5c6d 0002 4c13 0000 4c28 0000 6602
0007c80 007f 0100 7f7a 0000 6b01 007f 0100 0c84
0007c90 0000 1100 087a 0002 4d2e 8e02 0200 3c00
0007ca0 004c 5100 004c 0200 7f66 0000 7a01 007f
0007cb0 0100 7f6b 0000 5101 0006 0000 7a07 0208
0007cc0 2e00 025f 6b07 003d 0100 4c67 0000 4c77
0007cd0 0000 6602 007f 0100 7f7a 0000 6b01 007f
0007ce0 0000 7a07 0208 2e00 0271 e207 0016 0100
0007cf0 4c8d 0000 4c9d 0000 6602 007f 0100 36d0
0007d00 0000 6b01 007f 0000 ab07 01a1 2e00 02a6
0007d10 d107 008b 0100 4cb3 0000 4cbe 0000 6602
0007d20 007f 0200 013d 0000 1000 3d3f 0000 c62f
0007d30 7705 00dc 7f00 007f 0100 4cd7 0000 4ce2
0007d40 0000 6602 007f 0100 7f75 0000 0300 3d3f
0007d50 0000 c52e 0702 f43f 0001 7f7f 0000 fc01
0007d60 004c 0700 004d 0200 7f66 0000 7a01 007f
0007d70 0000 3f03 003d 2e00 02da 2507 0071 7f00
0007d80 007f 0100 4d21 0000 4d2c 0000 6602 007f
0007d90 0100 36d0 0000 0700 3cf1 0000 ed2e 0702
0007da0 7af6 0001 4201 004d 5200 004d 0200 7f66
0007db0 0000 4f01 004b 0100 7f70 0000 0700 3cf1
0007dc0 0000 1a2e 0703 6d61 0002 6801 004d 7300
0007dd0 004d 0200 7f66 0000 d001 0036 0000 0813
0007de0 01ab 2e00 01a3 013d 006d 0300 4874 0001
0007df0 2b2e 0703 1662 0001 4d73 0000 9a01 004d
0007e00 a000 004d 0200 7f66 0000 1300 acd0 0001
0007e10 a52e 0701 6d06 0000 7403 0148 2e00 0334
0007e20 b107 0219 a000 004d 0100 4dc7 0000 4dcd
0007e30 0000 8402 007f 0000 6523 646e 2e00 033d
0007e40 9714 0000 4d73 0000 4de5 0000 4deb 0000
0007e50 6602 007f 0000 6523 646e 2e00 0346 c81c
0007e60 0001 4da0 0000 4e03 0000 4e09 0000 8402
0007e70 007f 0000 0013 01ab 2e00 01a7 a030 0055
0007e80 0300 95f9 0000 4f2e 0703 2582 0001 4e09
0007e90 0000 3001 004e 3600 004e 0200 7f66 0000
0007ea0 1300 aafa 0001 a62e 3501 55a5 0000 f903
0007eb0 0095 2e00 0358 f107 026c 3600 004e 0100
0007ec0 4e5d 0000 4e63 0000 8402 007f 0000 2e03
0007ed0 004a 2e00 0361 2807 024f 0900 004e 0100
0007ee0 4e7d 0000 4e83 0000 6602 007f 0000 2e03
0007ef0 004a 2e00 036a 3207 00d3 3600 004e 0100
0007f00 4e9d 0000 4ea3 0000 8402 007f 0000 7303
0007f10 0148 2e00 0374 e607 009a a000 004d 0100
0007f20 4ebd 0000 4ec3 0000 8402 007f 0000 7903
0007f30 021c 2e00 037d 8707 01e7 a000 004d 0100
0007f40 4edd 0000 4ee3 0000 8402 007f 0000 f803
0007f50 0095 2e00 0386 6207 019d 3600 004e 0100
0007f60 4efd 0000 4f03 0000 8402 007f 0000 2d03
0007f70 004a 2e00 038f a507 0236 3600 004e 0100
0007f80 4f1d 0000 4f23 0000 8402 007f 0000 dc03
0007f90 01f4 2e00 0396 5b07 010b 4f00 004b 0100
0007fa0 4f3d 0000 4f43 0000 8402 007f 0000 d803
0007fb0 01f4 2e00 039b 6107 01a9 4f00 004b 0100
0007fc0 4f5d 0000 4f63 0000 8402 007f 0000 e907
0007fd0 0252 2e00 03a9 0807 0109 0100 4f79 0000
0007fe0 4f84 0000 6602 007f 0100 4b4f 0000 0700
0007ff0 52e9 0002 bd2e 0703 61de 0001 9a01 004f
0008000 aa00 004f 0200 7f66 0000 4f01 004b 0100
0008010 7f70 0000 0700 2ccb 0002 dd2e 0703 b39c
0008020 0001 c001 004f c600 004f 0200 7f66 0000
0008030 0300 2ce6 0002 e62e 0703 40a6 0001 4b4f
0008040 0000 e001 004f e600 004f 0200 7f84 0000
0008050 0300 e931 0000 ef2e 0703 8593 0002 6f9b
0008060 0000 0001 0050 0600 0050 0200 7f84 0000
0008070 1400 e908 0001 422f 1e05 0188 1a00 0050
0008080 2500 0050 0200 7f66 0000 4f01 004b 0000
0008090 f313 0075 2e00 01a1 2332 0068 0300 8e53
00080a0 0001 132e 0704 df47 0000 5025 0000 4c01
00080b0 0050 5700 0050 0200 7f66 0000 4f01 004b
00080c0 0000 ed13 0075 2e00 01a2 2f37 0068 0300
00080d0 8e53 0001 252e 0704 8ee6 0002 5057 0000
00080e0 7e01 0050 8900 0050 0200 7f84 0000 4f01
00080f0 004b 0000 2407 00c7 2e00 042e 7a07 01ee
0008100 0200 509f 0000 50aa 0000 8402 007f 0100
0008110 4b4f 0000 2300 7461 2e00 0444 b17a 0000
0008120 5025 0000 50c1 0000 50cc 0000 6602 007f
0008130 0100 4b4f 0000 2300 7461 2e00 0456 e3b1
0008140 0001 5057 0000 50e3 0000 50ee 0000 8402
0008150 007f 0100 4b4f 0000 0300 254c 0001 612e
0008160 0704 38cc 0000 5025 0000 0801 0051 0e00
0008170 0051 0200 7f66 0000 0300 254c 0001 6c2e
0008180 0704 5939 0001 5057 0000 2801 0051 2e00
0008190 0051 0200 7f84 0000 0300 e1d8 0000 772e
00081a0 0704 5f24 0001 5025 0000 4801 0051 4e00
00081b0 0051 0200 7f66 0000 0300 e1d8 0000 822e
00081c0 0704 6ea7 0002 5057 0000 6801 0051 6e00
00081d0 0051 0200 7f84 0000 0300 f793 0000 902e
00081e0 0704 81f1 0000 6102 0000 8801 0051 8e00
00081f0 0051 0200 7f66 0000 0300 f793 0000 942e
0008200 0704 74c3 0001 030c 0000 a801 0051 ae00
0008210 0051 0200 7f84 0000 0700 e1d3 0000 a32e
0008220 0704 6532 0002 c401 0051 cf00 0051 0200
0008230 7f66 0000 7001 007f 0000 d307 00e1 2e00
0008240 04b3 a407 0159 0100 51e5 0000 51f0 0000
0008250 6602 007f 0100 7f89 0000 0700 0e1b 0000
0008260 c92e 0704 7b34 0001 0601 0052 0c00 0052
0008270 0200 7f66 0000 1000 5db4 0001 822f 2a05
0008280 00af 7300 004d 0100 5225 0000 5235 0000
0008290 6602 007f 0100 4da0 0000 7001 007f 0000
00082a0 b403 015d 2e00 050d 6107 01f0 7300 004d
00082b0 0100 524f 0000 525f 0000 6602 007f 0100
00082c0 4da0 0000 8901 007f 0000 b403 015d 2e00
00082d0 051e e107 0121 7300 004d 0100 5279 0000
00082e0 5289 0000 6602 007f 0100 4da0 0000 d001
00082f0 0036 0000 b403 015d 2e00 0537 b207 001b
0008300 7300 004d 0100 52a3 0000 52b8 0000 6602
0008310 007f 0100 4da0 0000 4f01 004b 0100 7f70
0008320 0000 0300 8699 0001 962e 0705 a34d 0000
0008330 4d73 0000 d201 0052 dd00 0052 0200 7f66
0008340 0000 a001 004d 0000 9903 0186 2e00 05b1
0008350 3e07 0019 7300 004d 0100 52f7 0000 5307
0008360 0000 6602 007f 0100 4da0 0000 a001 004d
0008370 0000 0407 01e2 2e00 05c8 1107 025c 0100
0008380 531d 0000 5328 0000 6602 007f 0100 7f7f
0008390 0000 0700 7fb3 0002 da2e 0705 f02b 0000
00083a0 3e01 0053 4400 0053 0200 7f66 0000 0700
00083b0 61d9 0000 392e 0706 123c 0002 5a02 0053
00083c0 6a00 0053 0200 7f66 0000 4f01 004b 0100
00083d0 7f70 0000 0700 a3a6 0001 432e 0706 7f87
00083e0 0001 8002 0053 8b00 0053 0200 7f66 0000
00083f0 4f01 004b 0000 7207 0055 2f00 0101 6805
0008400 0074 0200 53a1 0000 53b1 0000 6602 007f
0008410 0100 065d 0000 7001 007f 0000 ac07 015d
0008420 2f00 01fd a105 0233 0200 53c7 0000 53dc
0008430 0000 6602 007f 0100 4d73 0000 4f01 004b
0008440 0100 7f70 0000 0700 11ba 0000 632f 0502
0008450 cf6a 0001 f202 0053 fd00 0053 0200 7f66
0008460 0000 4f01 004b 0000 c803 022c 2f00 02af
0008470 c005 00e4 9b00 006f 0200 5417 0000 541d
0008480 0000 6602 007f 0000 4103 0111 2f00 0154
0008490 cd05 00d1 7300 004d 0200 5437 0000 5447
00084a0 0000 6602 007f 0100 4da0 0000 8901 007f
00084b0 0000 6b03 0075 2e00 06d6 6707 013d 7300
00084c0 004d 0200 5461 0000 5471 0000 6602 007f
00084d0 0100 4da0 0000 8901 007f 0000 1403 005c
00084e0 2e00 06dc 7a07 0025 4f00 004b 0200 548b
00084f0 0000 549b 0000 8402 007f 0100 4b4f 0000
0008500 0c01 0003 0000 2e39 0075 e700 a206 0103
0008510 4f00 004b b900 0054 0100 4b4f 0000 6b01
0008520 007f 0000 bc39 01a8 f000 5206 00d0 4f00
0008530 004b d200 0054 0100 7f8e 0000 0700 7115
0008540 0000 002e 0707 cbd6 0000 e802 0054 f300
0008550 0054 0200 7f66 0000 3901 004a 0000 9610
0008560 0186 2f00 05ab 232e 0001 4d73 0000 0c02
0008570 0055 1700 0055 0200 7f66 0000 7301 004d
0008580 0000 9610 0186 2f00 05b8 5d06 0001 4d73
0008590 0000 3002 0055 4000 0055 0200 7f66 0000
00085a0 7301 004d 0100 4d73 0000 1100 2060 0000
00085b0 172e e707 0147 5400 0055 6400 0055 0200
00085c0 7f66 0000 7a01 007f 0100 0c84 0000 1100
00085d0 2060 0000 222e a607 00ee 7800 0055 8800
00085e0 0055 0200 7f66 0000 7a01 007f 0100 0651
00085f0 0000 2100 545f 0070 0131 0000 fb30 0063
0008600 9000 000c 0000 ad0a 0049 2200 88c7 0002
0008610 4622 01e5 1f00 35ff 0001 1b01 0b7c 567b
0008620 0000 0b35 006d 0100 7d14 00c4 1b00 079c
0008630 cf66 0000 55d1 0000 55d7 0000 a202 007f
0008640 0000 7d14 00c4 1b00 079f aebd 0000 55eb
0008650 0000 55f6 0000 a202 007f 0100 7fa7 0000
0008660 3e00 3d3f 0000 a41b 0212 01bc ac00 007f
0008670 0e00 0056 1900 0056 0200 7fa2 0000 a701
0008680 007f 0000 7314 011a 1b00 07ae 4d44 0001
0008690 562d 0000 5638 0000 a202 007f 0200 013d
00086a0 0000 1000 0f45 0001 b31b 6f07 0270 9b00
00086b0 007b 0100 5651 0000 565c 0000 a202 007f
00086c0 0100 065d 0000 4900 c029 0001 a0be 019a
00086d0 6a00 0056 0200 7fa2 0000 9b01 007b 0100
00086e0 065d 0000 0000 aa0a 0055 3d00 b3cb 0000
00086f0 9b20 7b01 0057 1800 7d3d 0000 a420 0d01
0008700 7b9b 0000 450d 010f 2000 01cf 8307 01b4
0008710 8c00 0056 b900 0056 0100 7fb1 0000 cb01
0008720 0056 0000 ca18 0048 2000 019e aa0d 0055
0008730 0a00 56b9 0000 b318 0050 2000 01b3 5d0d
0008740 0006 0d00 0f45 0001 dd20 0701 83e0 0002
0008750 568c 0000 56fd 0000 b101 007f 0100 56cb
0008760 0000 fd01 0056 0000 3218 007d 2000 01ad
0008770 5a0d 0074 2700 c029 0001 ef20 4401 0004
0008780 2a00 0057 0100 7fb1 0000 8c01 0056 0100
0008790 56cb 0000 0d00 f4d8 0001 2320 0702 ecef
00087a0 0000 56cb 0000 5745 0000 b601 007f 0000
00087b0 bc0d 01a6 2000 0232 f107 0046 b900 0056
00087c0 6000 0057 0100 7fb6 0000 1800 b6eb 0001
00087d0 a120 0d01 1af7 0000 1f18 0268 2000 01c2
00087e0 aa08 0055 0000 8f1a 00b5 1800 542e 110c
00087f0 005b 1a00 19b4 0001 2e18 0e5b 582e 0000
0008800 3a06 012b 2e00 0a5d 5833 0000 0600 6cb6
0008810 0000 5e2e 330a 0058 0800 4606 000c 2e00
0008820 0a5f 5833 0000 1210 19b4 0001 612e 0c02
0008830 025e d000 0057 d600 0057 0200 7fc5 0000
0008840 1200 19b4 0001 662e e102 0194 ea00 0057
0008850 f500 0057 0200 7fc5 0000 ca01 007f 0000
0008860 1b12 021e 2e00 026d 57ad 0001 5809 0000
0008870 5814 0000 c502 007f 0100 7fcf 0000 3a00
0008880 4571 0002 7e75 0063 2200 0058 0200 7fc5
0008890 0000 d401 007f 0000 0a00 5788 0000 3d05
00088a0 007d 2e00 0959 6e94 0000 7a1a 01e7 1800
00088b0 802e ec0e 0058 2a00 55aa 0000 882a 0057
00088c0 1200 e77a 0001 832e 9a02 023f 6a00 0058
00088d0 7000 0058 0200 7fd9 0000 1200 e77a 0001
00088e0 882e 1302 0290 8400 0058 8f00 0058 0200
00088f0 7fd9 0000 de01 007f 0000 7a12 01e7 2e00
0008900 028f 6632 0002 58a3 0000 58ae 0000 d902
0008910 007f 0100 7fe3 0000 1200 e77a 0001 932e
0008920 fb02 0263 c200 0058 cd00 0058 0200 7fd9
0008930 0000 e801 007f 0000 7a3a 01e7 9700 8c21
0008940 0002 58db 0000 d902 007f 0100 7fe8 0000
0008950 e301 007f 0000 0500 aa27 0000 572e c515
0008960 006e 0a00 58ec 0000 731c 00c4 2e00 0114
0008970 07d6 0002 7fed 0000 5915 0000 591b 0000
0008980 f202 007f 0000 731c 00c4 2e00 0118 0eec
0008990 0002 7fde 0000 5933 0000 5939 0000 f702
00089a0 007f 0000 ca18 0048 2e00 0111 aa16 0055
00089b0 0a00 5939 0000 2f1c 0244 2e00 011c 7b22
00089c0 0002 5939 0000 5963 0000 5969 0000 f702
00089d0 007f 0000 dd3b 00bd 2000 8e01 01ff 7c00
00089e0 0059 8200 0059 0200 7ff2 0000 1100 bddd
00089f0 0000 252e 5301 009c 9600 0059 a100 0059
0008a00 0200 7ff2 0000 fc01 007f 0000 dd11 00bd
0008a10 2e00 012a ff39 0001 59b5 0000 59c0 0000
0008a20 f202 007f 0100 065d 0000 1100 bddd 0000
0008a30 2f2e cd01 00d9 d400 0059 e400 0059 0200
0008a40 7ff2 0000 5d01 0006 0100 7ffc 0000 3b00
0008a50 bddd 0000 0134 6314 0002 59f7 0000 5a02
0008a60 0000 f202 007f 0100 8001 0000 1100 bddd
0008a70 0000 382e ef01 0261 1600 005a 2100 005a
0008a80 0200 7ff2 0000 e801 007f 0000 dd11 00bd
0008a90 2e00 013b 4e99 0002 5a35 0000 5a45 0000
0008aa0 f202 007f 0100 8001 0000 fc01 007f 0000
0008ab0 dd11 00bd 2e00 0148 765f 0002 5a59 0000
0008ac0 5a69 0000 f202 007f 0100 7ffc 0000 0101
0008ad0 0080 0000 dc11 00bd 2e00 014d 7bc6 0002
0008ae0 5a7d 0000 5a88 0000 f202 007f 0200 013d
0008af0 0000 3700 5d35 0002 542e 1401 583f 0000
0008b00 1c00 0f42 0001 572e 0901 01e2 3300 0058
0008b10 ae00 005a b900 005a 0200 7ff2 0000 5d01
0008b20 0006 0000 2611 01c0 2e00 015e 008b 0001
0008b30 5acd 0000 5add 0000 f202 007f 0100 5833
0008b40 0000 5d01 0006 0000 3707 00fc 2e00 0167
0008b50 0507 0219 0200 5af3 0000 5afe 0000 f202
0008b60 007f 0100 065d 0000 2100 545f 0070 1af7
0008b70 0000 fb26 0063 aa00 0055 0000 7b0a 0057
0008b80 1f00 823a 0000 2110 0b2f 5c06 0000 0816
0008b90 01ab 2100 1a36 7ba0 0000 0601 8d6d 0001
0008ba0 3a21 2312 005b 0000 b316 0050 2100 1835
0008bb0 065d 0000 0601 7855 0001 3b21 3d13 005b
0008bc0 0800 a612 01fb 2100 113e 769e 0001 5b6b
0008bd0 0000 5b7b 0000 3802 0080 0100 5b7b 0000
0008be0 3d01 005b 0000 d016 01ac 2100 1a37 7ba0
0008bf0 0000 1401 fba6 0001 4221 3711 0056 9c00
0008c00 005b a200 005b 0200 8038 0000 1000 f4dc
0008c10 0001 4721 fc07 0183 3d00 005b 0100 5bbb
0008c20 0000 5bc1 0000 3d02 0080 0000 7410 0148
0008c30 2100 074b 7411 0000 5b7b 0000 da01 005b
0008c40 e000 005b 0200 803d 0000 3600 6e65 0064
0008c50 4f21 0cbb 0000 5b7b 0000 5bf7 0000 5bfd
0008c60 0000 3d02 0080 0000 5f21 0045 1af7 0000
0008c70 0a00 5b16 0000 0022 00fa 2200 c5af 0000
0008c80 3525 0163 3000 0b27 5c2a 0000 4b45 010b
0008c90 3000 1228 0400 3731 d60b 0078 1d00 1b1b
0008ca0 0000 db32 040d 4d33 900b 0081 0400 4d33
0008cb0 b40b 0081 0400 5433 d80b 0081 0400 5733
0008cc0 f30b 0081 0400 5d33 0a0b 0082 0400 5e33
0008cd0 260b 0082 0400 5f33 460b 0082 0400 5f33
0008ce0 650b 0082 0400 6033 840b 0082 0400 6033
0008cf0 a40b 0082 0400 6133 c40b 0082 0400 6133
0008d00 e30b 0082 0400 6233 020b 0083 0400 6233
0008d10 220b 0083 4e00 d095 0000 304c b94f 0166
0008d20 c200 0000 3400 5d1a 0000 de0e 021a 0000
0008d30 640e 014f 0100 030e 01cf 0200 920e 0158
0008d40 0300 b30e 014c 0400 3a0e 0065 0500 a40e
0008d50 014c 0600 6e0e 0090 0700 080e 00a0 0800
0008d60 9d0e 015d 0900 8b0e 0176 0a00 d90e 0048
0008d70 0b00 120e 00b0 0c00 c00e 0170 0d00 310e
0008d80 00cb 0e00 0a00 5cb1 0000 e115 021a 3400
0008d90 1845 5d1a 0000 1500 4f67 0001 4834 1a18
0008da0 005d 0100 0615 01cf 3400 184e 5d1a 0000
0008db0 1502 5895 0001 5134 1a18 005d 0300 b615
0008dc0 014c 3400 1854 5d1a 0000 1504 653d 0000
0008dd0 5734 1a18 005d 0500 a715 014c 3400 185a
0008de0 5d1a 0000 1506 9071 0000 5d34 1a18 005d
0008df0 0700 0b15 00a0 3400 1863 5d1a 0000 1508
0008e00 5da0 0001 6934 1a18 005d 0900 8e15 0176
0008e10 3400 186e 5d1a 0000 150a 48dc 0000 7434
0008e20 1a18 005d 0b00 1515 00b0 3400 187a 5d1a
0008e30 0000 000c 0900 f607 0001 1d35 0f01 00cb
0008e40 0000 5de1 0000 3d01 0001 0000 d009 0091
0008e50 3500 02e8 cb0f 0000 f800 005d 0100 5df8
0008e60 0000 0800 0166 0000 0409 0092 3500 0305
0008e70 1e11 005e 1e00 005e 0100 5e1e 0000 3d01
0008e80 0001 0100 5df8 0000 0800 5e23 0000 0419
0008e90 5505 0045 0a00 5e23 0000 f509 0014 3500
0008ea0 02f6 cb0f 0000 4b00 005e 0100 5e23 0000
0008eb0 f801 005d 0000 bb09 0016 3500 030c 3d0c
0008ec0 0001 6700 005e 0100 5e67 0000 f801 005d
0008ed0 0000 2a08 005e 0900 5411 0001 4c35 0c02
0008ee0 013d 0000 5e88 0000 f801 005d 0100 013d
0008ef0 0000 0900 9cde 0001 5335 0c02 013d 0000
0008f00 5ea5 0000 f801 005d 0100 5e67 0000 002c
0008f10 d80d 022f 3500 0291 cf0c 022f 3d00 0001
0008f20 c600 005e 0100 5df8 0000 6701 005e 2c00
0008f30 0900 91d1 0000 e935 0f02 00cb 0000 5edd
0008f40 0000 f801 005d 0000 513f 017a 3500 02ef
0008f50 cb0f 0000 0900 7292 0002 3435 0f01 0055
0008f60 0000 5f0b 0000 0c01 0003 0100 0055 0000
0008f70 0b01 005f 0000 5508 0001 0900 f50a 0000
0008f80 2935 0f01 0055 0000 5f36 0000 1e01 005e
0008f90 0100 030c 0000 5501 0000 0100 5f0b 0000
0008fa0 0900 4b56 0001 2535 0c01 013d 0000 5f4d
0008fb0 0000 4d01 005f 0000 6108 0001 0900 3b23
0008fc0 0002 5235 0f01 0055 0000 5f78 0000 1e01
0008fd0 005e 0100 5f78 0000 5501 0000 0100 5f0b
0008fe0 0000 0800 030c 0000 f609 0014 3500 02f7
0008ff0 cb0f 0000 9900 005f 0100 5e23 0000 f801
0009000 005d 0000 7809 0048 3500 02fd cb0f 0000
0009010 b000 005f 0100 5e23 0000 0900 fd1b 0000
0009020 5d35 0c02 013d 0000 5fd2 0000 1e01 005e
0009030 0100 0055 0000 6701 005e 2c00 0d00 b82b
0009040 0000 9835 0c02 b822 0000 013d 0000 5ff3
0009050 0000 6701 005e 0100 5e67 0000 002c b909
0009060 0106 3500 0314 cb0f 0000 0f00 0060 0100
0009070 00cb 0000 f801 005d 0000 dd09 019c 3500
0009080 0265 3d0c 0001 3000 0060 0100 5df8 0000
0009090 6701 005e 0100 6030 0000 0800 008d 0000
00090a0 060d 01f9 3500 02c7 fd0c 01f8 3d00 0001
00090b0 5a00 0060 0100 5df8 0000 6701 005e 0100
00090c0 6030 0000 0900 fd1a 0000 7235 0c02 013d
00090d0 0000 6080 0000 1e01 005e 0100 0055 0000
00090e0 6701 005e 0100 6030 0000 0d00 845f 0000
00090f0 ce35 0c02 8456 0000 013d 0000 60a5 0000
0009100 6701 005e 0100 5e67 0000 3001 0060 0000
0009110 9c09 0133 3500 026d 3d0c 0001 c100 0060
0009120 0100 5e67 0000 3001 0060 0000 4b0d 0162
0009130 3500 02cb 420c 0162 3d00 0001 e100 0060
0009140 0100 5e67 0000 3001 0060 0000 8b09 028c
0009150 3500 012e 550f 0000 0200 0061 0100 6102
0009160 0000 2301 005e 0100 5f0b 0000 0800 0131
0009170 0000 020a 0061 0c00 9164 0001 6135 1e11
0009180 005e 2700 0061 0100 5e1e 0000 6701 005e
0009190 0000 a40c 01a1 3500 0c6a 013d 0000 6142
00091a0 0000 6701 005e 0100 5e67 0000 0c00 802b
00091b0 0000 8335 3d0c 0001 5d00 0061 0100 5e67
00091c0 0000 6701 005e 0000 b50c 01a6 3500 1157
00091d0 5e1e 0000 6178 0000 1e01 005e 0100 5e67
00091e0 0000 0c00 e809 0001 bc35 550f 0000 9300
00091f0 0061 0100 5e67 0000 6701 005e 0000 1209
0009200 023d 3500 0354 550f 0000 b900 0061 0100
0009210 5e1e 0000 5501 0000 0100 5e67 0000 b901
0009220 0061 0000 5a08 0062 6c00 6d74 3800 0736
0009230 5a08 0062 0600 0d36 0000 0936 3d07 0001
0009240 0000 5506 020f 3600 070a 013d 0000 0604
0009250 35a7 0002 0b36 3d07 0001 0800 0806 0089
0009260 3600 070c 013d 0000 060c 963c 0000 0d36
0009270 3d07 0001 1000 7306 0179 3600 070e 013d
0009280 0000 0614 3a30 0000 0f36 3d07 0001 1800
0009290 4b06 0128 3600 0710 013d 0000 061c 200a
00092a0 0001 1136 3d07 0001 2000 a506 0145 3600
00092b0 0c14 6399 0000 0628 6ce7 0000 1536 0c0f
00092c0 0003 3000 0a00 61be 0000 c80c 0231 3500
00092d0 0fdf 0055 0000 6275 0000 6701 005e 0000
00092e0 4d0c 0169 3500 1165 5e1e 0000 6295 0000
00092f0 1e01 005e 0100 5e67 0000 5501 0000 0000
0009300 440c 0177 3500 0c6d 013d 0000 62b5 0000
0009310 6701 005e 0100 5e67 0000 5501 0000 0000
0009320 d40c 017a 3500 115c 5e1e 0000 62d5 0000
0009330 1e01 005e 0100 5e67 0000 5501 0000 0000
0009340 7109 00a0 3500 0158 550f 0000 fb00 0062
0009350 0100 6102 0000 fb01 0062 0100 0055 0000
0009360 0b01 005f 0000 6708 005e 0c00 24b6 0002
0009370 c035 550f 0000 1b00 0063 0100 5e67 0000
0009380 6701 005e 0000 f909 027f 3500 017a 470f
0009390 0000 3700 0063 0100 5e67 0000 3701 0063
00093a0 0000 1e08 005e 0900 8000 0002 7f35 0e01
00093b0 0040 0000 6358 0000 6701 005e 0100 6337
00093c0 0000 0c00 8007 0002 da35 1e11 005e 7800
00093d0 0063 0100 5e1e 0000 6701 005e 0100 6337
00093e0 0000 0900 800e 0002 ad35 1101 6399 0000
00093f0 6399 0000 6701 005e 0100 6337 0000 3d01
0009400 0001 0000 0819 c405 003e 0900 e3fe 0000
0009410 b235 1a01 0061 0000 63c1 0000 6701 005e
0009420 0100 6337 0000 3d01 0001 0000 bc0c 021f
0009430 3500 0f87 0055 0000 63e1 0000 1e01 005e
0009440 0100 5e67 0000 5501 0000 0000 4c09 01f1
0009450 3500 0121 3d0c 0001 f800 0063 0100 00cb
0009460 0000 0900 abb5 0000 0335 0c01 013d 0000
0009470 6419 0000 6701 005e 0100 5e67 0000 5501
0009480 0000 0000 2109 00b0 3500 0107 1e11 005e
0009490 3a00 0064 0100 5e1e 0000 6701 005e 0100
00094a0 0055 0000 0900 cceb 0001 0c35 1101 5e1e
00094b0 0000 645b 0000 1e01 005e 0100 5e67 0000
00094c0 5501 0000 0000 7a09 0125 3500 0110 1e11
00094d0 005e 7c00 0064 0100 5e1e 0000 2301 005e
00094e0 0100 0055 0000 0900 9cdf 0001 5a35 0c02
00094f0 013d 0000 6494 0000 6701 005e 2c00 0d00
0009500 4cca 0000 9535 0c02 4cc1 0000 013d 0000
0009510 64b0 0000 6701 005e 2c00 1b00 9b3c 0001
0009520 a235 3c1d 019b 6700 005e cf00 0064 0100
0009530 5e67 0000 2301 005e 0000 3c1b 019b 3500
0009540 17a0 9b3c 0001 5e1e 0000 64ee 0000 1e01
0009550 005e 0100 5e23 0000 1b00 1177 0002 c635
0009560 771d 0211 6700 005e 0d00 0065 0100 5e67
0009570 0000 6701 005e 0000 771b 0211 3500 17c4
0009580 1177 0002 5e1e 0000 652c 0000 1e01 005e
0009590 0100 5e67 0000 1b00 c292 0000 ac35 921d
00095a0 00c2 6700 005e 4b00 0065 0100 5e67 0000
00095b0 2301 005e 0000 921b 00c2 3500 17aa c292
00095c0 0000 5e1e 0000 656a 0000 1e01 005e 0100
00095d0 5e23 0000 1b00 2b6a 0002 d135 6a1d 022b
00095e0 6700 005e 8900 0065 0100 5e67 0000 6701
00095f0 005e 0000 6a1b 022b 3500 17cf 2b6a 0002
0009600 5e1e 0000 65a8 0000 1e01 005e 0100 5e67
0009610 0000 1b00 a5c7 0000 fa35 c71d 00a5 6700
0009620 005e cc00 0065 0100 5e67 0000 2301 005e
0009630 0100 0055 0000 1b00 a5c7 0000 f835 c717
0009640 00a5 1e00 005e f000 0065 0100 5e1e 0000
0009650 2301 005e 0100 0055 0000 6d00 753a 0002
0009660 300e 0b01 6ef0 0000 0c04 0bfb 6ef0 0000
0009670 0c17 0104 0c0b 006f 1700 050c 0b01 6f34
0009680 0000 171d 01c9 3700 0b25 5b1f 006d 0100
0009690 3738 e70b 0066 1400 8366 0001 4f38 ff07
00096a0 0008 4000 0066 4600 0066 0200 7450 0000
00096b0 1400 8366 0001 5238 3d07 0238 5a00 0066
00096c0 6500 0066 0200 7450 0000 5501 0074 0000
00096d0 4510 010f 3800 0767 7299 0002 6102 0000
00096e0 7e01 0066 8e00 0066 0200 7450 0000 8e01
00096f0 0066 0100 745a 0000 1600 50b3 0000 3b38
0009700 5d1f 0006 0100 2914 01c0 3800 0784 2cb9
0009710 0001 66af 0000 66bf 0000 5002 0074 0100
0009720 6102 0000 8e01 0066 0000 d520 01f4 3800
0009730 07c5 d708 0001 668e 0000 66d7 0000 66dd
0009740 0000 6002 0074 0000 5f21 7054 3100 0001
0009750 0000 1f0a 0066 0400 c81c 010b 0075 0400
0009760 d81c 8c0b 0077 0400 e31c a80b 0077 0400
0009770 e41c be0b 0077 0400 e51c de0b 0077 0400
0009780 e71c fe0b 0077 0400 e81c 190b 0078 6e00
0009790 6964 0076 d51c 0d03 0082 0100 0075 4300
00097a0 0067 0100 6f2d 0000 2d01 006f 0000 2f1a
00097b0 011f 0100 3039 680a 0068 0400 3039 3a0a
00097c0 001a 0400 3039 fb0a 0019 0400 3039 6c0a
00097d0 001a 0400 3039 8c0a 001a 2a00 19e2 0000
00097e0 2b1b 01f8 3900 1d61 6a63 0000 0c90 0000
00097f0 678f 0000 6a01 0074 0000 fe50 01e1 6400
0009800 5fd9 0000 67a8 0000 6f01 0074 0100 746f
0009810 0000 2800 431c 0002 b067 00b0 9b00 006f
0009820 2800 0adb 0001 706a 0242 9b00 006f 2800
0009830 9d82 0001 886d 0008 9b00 006f 2800 d75c
0009840 0001 8970 0239 9b00 006f 2800 5cd9 0001
0009850 4b73 00a7 9b00 006f 0500 b6eb 0001 3839
0009860 c235 001a 0a00 67ee 0000 3d05 007d 3900
0009870 3539 19ee 0000 0605 0039 3900 353a 1acf
0009880 0000 b305 0050 3900 353b 1a2d 0000 f305
0009890 0075 3900 353e 7b77 0000 ed05 0075 3900
00098a0 353f 7b7c 0000 db1a 0280 0100 7739 5e0e
00098b0 0068 0500 cb43 0001 7839 dc41 001a 2100
00098c0 545f 0070 0131 0000 2600 63fb 0000 0c90
00098d0 0000 3800 38ac 0001 3a08 03ec 6a96 0000
00098e0 1051 0197 0200 0061 0700 379b 0001 ff3a
00098f0 1a03 493d 0002 9401 0068 9a00 0068 0200
0009900 7d59 0000 2b00 379b 0001 033a a304 024b
0009910 ae00 0068 b900 0068 0200 7d59 0000 5e01
0009920 007d 0000 f313 0075 3a00 03f8 b032 0039
0009930 0300 3d10 0000 123a 0704 493a 0000 68b9
0009940 0000 e001 0068 e600 0068 0200 7d63 0000
0009950 1300 7d3d 0000 f93a 3203 39a4 0000 9803
0009960 0156 3a00 0417 1207 00f5 e600 0068 0100
0009970 690d 0000 6913 0000 6302 007d 0000 9c03
0009980 0153 3a00 041c 2e07 0108 6800 007d 0100
0009990 692d 0000 6933 0000 5902 007d 0000 9c03
00099a0 0153 3a00 0424 8c07 0107 6800 0068 0100
00099b0 694d 0000 6958 0000 5902 007d 0100 013d
00099c0 0000 0300 5682 0001 2a3a 0704 20dd 0001
00099d0 7d68 0000 7201 0069 7800 0069 0200 7d59
00099e0 0000 0300 5682 0001 323a 0704 2080 0001
00099f0 6868 0000 9201 0069 9d00 0069 0200 7d59
0009a00 0000 3d01 0001 0000 5303 018e 3a00 0438
0009a10 6f07 0196 b900 0068 0100 69b7 0000 69c2
0009a20 0000 6302 007d 0100 69c2 0000 1300 5e55
0009a30 0000 f73a 3803 3998 0000 fe03 0153 3a00
0009a40 043d fb07 0133 6800 007d 0100 69e9 0000
0009a50 69f4 0000 5902 007d 0100 69c2 0000 0300
0009a60 3d1a 0000 423a 0704 b23a 0000 6868 0000
0009a70 0e01 006a 1900 006a 0200 7d63 0000 c201
0009a80 0069 0000 8d03 0156 3a00 0447 5b07 014a
0009a90 6800 007d 0100 6a33 0000 6a3e 0000 5902
0009aa0 007d 0100 69c2 0000 0300 3d35 0000 4c3a
0009ab0 0704 c733 0000 6868 0000 5801 006a 6300
0009ac0 006a 0200 7d63 0000 c201 0069 0000 4103
0009ad0 0124 3a00 0451 fc07 0125 5e00 007d 0100
0009ae0 6a7d 0000 6a83 0000 6302 007d 0000 5c26
0009af0 0178 0200 0061 2600 138d 0002 1af7 0000
0009b00 0a00 6868 0000 dd38 00e1 0800 ec3a c903
0009b10 006c 5100 9710 0001 030c 0000 9b07 0137
0009b20 3a00 03ff a21a 0059 0100 6ac7 0000 6acd
0009b30 0000 6d02 007d 0000 9b2b 0137 3a00 0403
0009b40 5481 0000 6ae1 0000 6aec 0000 6d02 007d
0009b50 0100 7d72 0000 1300 75f3 0000 f83a 3203
0009b60 39e2 0000 1003 003d 3a00 0412 2307 001e
0009b70 ec00 006a 0100 6b13 0000 6b19 0000 7702
0009b80 007d 0000 3d13 007d 3a00 03f9 d632 0039
0009b90 0300 5698 0001 173a 0704 d0e7 0000 6b19
0009ba0 0000 4001 006b 4600 006b 0200 7d77 0000
0009bb0 0300 539c 0001 1c3a 0704 9825 0001 7d7c
0009bc0 0000 6001 006b 6600 006b 0200 7d6d 0000
0009bd0 0300 539c 0001 243a 0704 97a4 0001 6a9b
0009be0 0000 8001 006b 8b00 006b 0200 7d6d 0000
0009bf0 3d01 0001 0000 8203 0156 3a00 042a b307
0009c00 01ae 7c00 007d 0100 6ba5 0000 6bab 0000
0009c10 6d02 007d 0000 8203 0156 3a00 0432 4907
0009c20 01ae 9b00 006a 0100 6bc5 0000 6bd0 0000
0009c30 6d02 007d 0100 013d 0000 0300 8e53 0001
0009c40 383a 0704 7a75 0001 6aec 0000 ea01 006b
0009c50 f500 006b 0200 7d77 0000 f501 006b 0000
0009c60 5513 005e 3a00 03f7 ca38 0039 0300 53fe
0009c70 0001 3d3a 0704 c254 0001 7d7c 0000 1c01
0009c80 006c 2700 006c 0200 7d6d 0000 f501 006b
0009c90 0000 1a03 003d 3a00 0442 3107 0094 9b00
0009ca0 006a 0100 6c41 0000 6c4c 0000 7702 007d
0009cb0 0100 6bf5 0000 0300 568d 0001 473a 0704
0009cc0 db9c 0001 7d7c 0000 6601 006c 7100 006c
0009cd0 0200 7d6d 0000 f501 006b 0000 3503 003d
0009ce0 3a00 044c b307 00aa 9b00 006a 0100 6c8b
0009cf0 0000 6c96 0000 7702 007d 0100 6bf5 0000
0009d00 0300 2441 0001 513a 0704 3d8c 0000 7d72
0009d10 0000 b001 006c b600 006c 0200 7d77 0000
0009d20 2600 785c 0001 030c 0000 8d26 0213 f700
0009d30 001a 0000 9b0a 006a 4f00 c0aa 0001 00c2
0009d40 0000 ef3b 006c 0e00 108b 0001 0e00 f17b
0009d50 0001 0e01 4468 0000 0002 ce0a 006c 6f00
0009d60 6509 0002 353b ef1d 006c 0200 7922 008e
0009d70 2200 6639 0001 fb1f 0135 0100 3738 d30b
0009d80 006d 1400 8366 0001 4f38 6607 0132 2c00
0009d90 006d 3200 006d 0200 7f93 0000 1400 8366
0009da0 0001 5238 ff07 0269 4600 006d 5100 006d
0009db0 0200 7f93 0000 9801 007f 0000 4510 010f
0009dc0 3800 0767 8305 0001 7b9b 0000 6a01 006d
0009dd0 7a00 006d 0200 7f93 0000 7a01 006d 0100
0009de0 745a 0000 1600 50b3 0000 3b38 5d1f 0006
0009df0 0100 2914 01c0 3800 0784 9e84 0001 6d9b
0009e00 0000 6dab 0000 9302 007f 0100 7b9b 0000
0009e10 7a01 006d 0000 d520 01f4 3800 07c5 f1dc
0009e20 0000 6d7a 0000 6dc3 0000 6dc9 0000 9d02
0009e30 007f 0000 5f21 7054 f700 001a 0000 0b0a
0009e40 006d 1a00 e827 0000 3901 0a30 6ee5 0000
0009e50 3904 0a30 56d8 0000 3904 0a30 5699 0000
0009e60 3904 0a30 570a 0000 3904 0a30 572a 0000
0009e70 802a 0056 1b00 f82b 0001 6139 1a1d 01bd
0009e80 aa00 0055 2400 006e 0100 7fa7 0000 5000
0009e90 e1fe 0001 6e64 00b9 3d00 006e 0100 7fac
0009ea0 0000 ac01 007f 0000 1c28 0243 6700 1984
0009eb0 0000 6f9b 0000 db28 010a 6a00 b012 0001
0009ec0 6f9b 0000 8228 019d 6d00 76bc 0002 6f9b
0009ed0 0000 5c28 01d7 7000 c2b2 0001 6f9b 0000
0009ee0 d928 015c 7300 3bf4 0000 6f9b 0000 eb05
0009ef0 01b6 3900 3538 5760 0000 830a 006e 0500
0009f00 7d3d 0000 3939 8c35 0056 0500 75f3 0000
0009f10 3e39 bb35 007f 0500 75ed 0000 3f39 c035
0009f20 007f 1a00 929c 0001 3901 0e77 6edb 0000
0009f30 4305 01cb 3900 4178 576d 0000 5f21 7054
0009f40 f700 001a 0000 fb26 0063 aa00 0055 0000
0009f50 d022 0111 2200 14e9 0002 0900 d15a 0000
0009f60 8135 1401 004e 0000 6f0c 0000 6701 005e
0009f70 0100 6337 0000 0900 d16f 0000 ba35 1601
0009f80 6f2d 0000 6f2d 0000 6701 005e 0100 6337
0009f90 0000 3d01 0001 0000 0819 cc05 01e3 0900
0009fa0 3ff4 0000 c135 1f01 6f55 0000 6f55 0000
0009fb0 6701 005e 0100 6337 0000 3d01 0001 0000
0009fc0 0819 1507 01b2 7000 1020 9f03 1001 f8ef
0009fd0 0001 6f88 0000 8652 00b8 a000 0d01 6f2d
0009fe0 0000 0008 6852 00b8 a100 0f01 004e 0000
0009ff0 1010 7100 f8f1 0001 aa03 0301 6f5c 0000
000a000 7210 8b90 0001 0119 3002 025d 0800 05de
000a010 0000 4c08 0006 1900 0801 778e 0000 1019
000a020 5407 01a6 1900 0601 5390 0001 0219 ab05
000a030 00db 1900 0510 fdbe 0001 0119 7207 0125
000a040 1900 1002 6816 0002 0419 5010 0146 0800
000a050 068d 0000 5008 0008 0b00 0850 0000 8d1e
000a060 0006 0b00 068d 0000 8e08 0008 2500 7dc5
000a070 0002 273c 170b 0070 7300 3a17 9218 0009
000a080 0000 c10b 0009 0b00 09ce 0000 ce08 0009
000a090 0800 09c1 0000 090b 000b 0500 21d3 0000
000a0a0 253d ba15 006f 0500 c3dc 0000 263d ac17
000a0b0 006f 0500 0ae6 0002 273d c11a 006f 0500
000a0c0 1ad3 0002 283d 051c 0003 0500 94bd 0001
000a0d0 293d 3d14 0001 0a00 7060 0000 4205 01a4
000a0e0 3d00 162a 00c2 0000 7405 012f 3d00 192c
000a0f0 6399 0000 8705 013c 3d00 1b2d 0061 0000
000a100 f905 010e 3d00 1234 7030 0000 2805 0124
000a110 3d00 1335 703c 0000 6405 0177 3d00 1336
000a120 7048 0000 ec05 0040 3d00 1437 7054 0000
000a130 6205 0107 3d00 1338 7060 0000 fd05 0250
000a140 3d00 1439 7071 0000 8e05 00bf 3d00 133a
000a150 707d 0000 6e05 01dd 3d00 143b 7089 0000
000a160 1205 0105 3d00 1248 6399 0000 3205 00f4
000a170 3d00 1b49 0061 0000 d805 0106 3d00 1998
000a180 6399 0000 fd05 026f 3d00 1b99 6399 0000
000a190 f705 00b8 3d00 1b9c 6399 0000 e005 007d
000a1a0 3d00 1aa0 6399 0000 ff05 021c 3d00 21c5
000a1b0 6399 0000 d505 0021 3e00 1218 7030 0000
000a1c0 e805 020a 3e00 1319 7048 0000 bf05 0194
000a1d0 3e00 131a 7060 0000 2205 00af 3e00 131b
000a1e0 707d 0000 de05 00c3 3f00 1318 703c 0000
000a1f0 d505 021a 3f00 1419 7054 0000 4405 01a4
000a200 3f00 141a 7071 0000 8905 013c 3f00 141b
000a210 7089 0000 fb05 010e 4000 182b 7095 0000
000a220 6605 0177 4000 192c 70ad 0000 6405 0107
000a230 4000 192d 70c5 0000 9005 00bf 4000 192e
000a240 70dd 0000 2a05 0124 4000 1931 70a1 0000
000a250 ee05 0040 4000 1a32 70b9 0000 ff05 0250
000a260 4000 1a33 70d1 0000 7005 01dd 4000 1a34
000a270 70e9 0000 7e05 0186 4000 163a 6fba 0000
000a280 1005 028f 4000 133c 6399 0000 5d05 021a
000a290 4000 133d 6399 0000 1b05 0055 4000 133e
000a2a0 6399 0000 7d05 0186 4000 1847 6fac 0000
000a2b0 0f05 028f 4000 1b49 0061 0000 5c05 021a
000a2c0 4000 1b4a 0061 0000 1a05 0055 4000 1b4b
000a2d0 0061 0000 4a05 01c1 4000 1357 6399 0000
000a2e0 4905 01c1 4000 1b5a 0061 0000 1405 0105
000a2f0 4000 1565 70f5 0000 3405 00f4 4000 1666
000a300 7101 0000 b31a 0187 6000 3341 df08 0073
000a310 0600 ccbd 0000 3741 0209 0061 0000 3e06
000a320 0181 4100 0938 6102 0000 0608 957a 0000
000a330 3e41 0209 0061 1000 4806 022d 4100 0944
000a340 6102 0000 0618 93c6 0000 4541 0209 0061
000a350 2000 b906 00cc 4100 0946 6102 0000 0628
000a360 813a 0001 4741 0209 0061 3000 7606 0095
000a370 4100 0948 6102 0000 0638 8851 0000 4941
000a380 0209 0061 4000 4506 0117 4100 094a 6102
000a390 0000 0648 690e 0001 4b41 3108 0001 5000
000a3a0 1206 0169 4100 084c 0131 0000 0651 0f66
000a3b0 0001 4e41 3108 0001 5200 4306 00d0 4100
000a3c0 0850 0131 0000 0653 dd33 0001 5241 3108
000a3d0 0001 5400 bb06 003a 4100 0854 0131 0000
000a3e0 0655 ee7c 0000 5b41 3108 0001 5600 0d06
000a3f0 011d 4100 085c 0131 0000 0657 0f62 0001
000a400 5f41 3108 0001 5800 3f06 00d0 4100 0861
000a410 0131 0000 0659 dd2f 0001 6341 3108 0001
000a420 5a00 b706 003a 4100 0865 0131 0000 065b
000a430 ee78 0000 6c41 3108 0001 5c00 0906 011d
000a440 4100 086d 0131 0000 005d c40c 011e 4100
000a450 0e7a 6102 0000 73fa 0000 3d01 0001 0100
000a460 030c 0000 4000 afa0 0000 7d41 0616 0074
000a470 0800 7299 0000 e205 007d 4200 120a 7131
000a480 0000 0b0a 0074 1a00 a4d6 0000 4310 080b
000a490 7444 0000 2a06 015e 4300 0c10 7131 0000
000a4a0 0600 1d19 0001 1543 3d15 0071 0800 0500
000a4b0 b8f9 0000 0744 2513 0071 0800 661f 0000
000a4c0 e70b 0066 0800 745f 0000 0874 66e7 0000
000a4d0 9008 000c 0b00 0d61 0000 900b 000c 3300
000a4e0 4508 033c bfd0 0001 749b 0000 d606 016b
000a4f0 4500 093d 013d 0000 4100 6572 006d 093e
000a500 013d 0000 0004 d105 01bf 4500 053f 7474
000a510 0000 1033 4445 3f03 0095 ce00 0074 0600
000a520 6bd6 0001 4545 990e 0063 0000 7241 6d65
000a530 4600 990e 0063 0800 0500 9540 0000 4745
000a540 a705 0074 3300 4510 034e 0f5c 0002 7501
000a550 0000 d606 016b 4500 134f 6f2d 0000 4100
000a560 6572 006d 1350 6f2d 0000 0008 5d05 020f
000a570 4500 0551 74da 0000 6918 01b7 4500 0330
000a580 1a0f 0075 0800 751f 0000 3d75 0001 3300
000a590 0075 0100 745a 0000 5a01 0074 0000 ff09
000a5a0 01d7 4500 025a 3d0c 0001 4a00 0075 0100
000a5b0 754a 0000 0800 754f 0000 0d76 c422 0001
000a5c0 5f45 1202 c422 0001 013d 0000 756b 0000
000a5d0 4a01 0075 0000 b40c 0158 4500 0f66 0047
000a5e0 0000 7581 0000 0c01 0003 0000 b90c 0158
000a5f0 4500 0c69 013d 0000 7597 0000 0c01 0003
000a600 0000 be0c 0158 4500 116c 6399 0000 75ad
000a610 0000 0c01 0003 0000 a709 0281 4500 033c
000a620 c90e 0000 d800 0075 0100 745a 0000 5a01
000a630 0074 0100 0055 0000 5501 0000 0100 750d
000a640 0000 7700 6964 0076 5c45 0e03 749b 0000
000a650 75f4 0000 3d01 0001 0100 013d 0000 0900
000a660 cfb3 0001 8145 0e02 6102 0000 760b 0000
000a670 0c01 0003 0000 4e09 01df 4500 035e ce0f
000a680 0074 2700 0076 0100 6399 0000 9901 0063
000a690 0000 9109 00c7 4500 03a2 3d0c 0001 4300
000a6a0 0076 0100 030c 0000 5501 0000 0000 1d09
000a6b0 0045 4500 03ad 550f 0000 6400 0076 0100
000a6c0 5e1e 0000 0c01 0003 0100 0055 0000 0900
000a6d0 f606 0001 a545 0c03 013d 0000 7685 0000
000a6e0 1e01 005e 0100 030c 0000 5501 0000 0000
000a6f0 e62d 004a 4500 0346 76a6 0000 c901 0000
000a700 0100 0055 0000 5501 0000 0100 750d 0000
000a710 7800 c425 0001 7645 0d02 76b9 0000 3d01
000a720 0001 0000 a43f 019d 4500 01c6 3d0c 0001
000a730 2d00 9da3 0001 c845 d801 0076 0100 00c2
000a740 0000 0c00 3a95 0001 7645 470f 0000 f300
000a750 0076 0100 030c 0000 f301 0076 0000 0208
000a760 0061 0c00 3ade 0001 b145 9911 0063 1800
000a770 0077 0100 030c 0000 f301 0076 0100 013d
000a780 0000 0c00 f4f1 0001 b545 611a 0000 3800
000a790 0077 0100 030c 0000 f301 0076 0100 013d
000a7a0 0000 0900 e6a2 0000 1745 0c03 013d 0000
000a7b0 774f 0000 0c01 0003 0000 d609 0279 4500
000a7c0 03b1 550f 0000 7000 0077 0100 6102 0000
000a7d0 6701 005e 0100 0055 0000 0900 3c76 0001
000a7e0 a945 0c03 013d 0000 778c 0000 0201 0061
000a7f0 0100 5e23 0000 0900 df4d 0001 6245 1e03
000a800 7501 0000 77a8 0000 2d01 006f 0100 6f2d
000a810 0000 0c00 84b9 0000 7145 2d24 006f be00
000a820 0077 0100 030c 0000 0c00 e948 0001 c945
000a830 2d16 006f de00 0077 0100 030c 0000 f301
000a840 0076 0100 013d 0000 0c00 1c98 0002 ce45
000a850 551f 006f fe00 0077 0100 030c 0000 f301
000a860 0076 0100 013d 0000 0c00 3a9c 0001 7c45
000a870 400e 0000 1900 0078 0100 030c 0000 f301
000a880 0076 0000 270c 01e9 4500 147f 004e 0000
000a890 7834 0000 0c01 0003 0100 76f3 0000 0800
000a8a0 0e6e 0000 000b 0019 0b00 0e6e 0000 4308
000a8b0 000f 0800 1900 0000 430b 000f 1a00 11e2
000a8c0 0000 4610 100a 787a 0000 0c06 0224 4600
000a8d0 0b0c 710d 0000 0600 8aed 0001 0d46 490f
000a8e0 0001 0800 0500 6b83 0001 0e46 5203 0078
000a8f0 7900 b156 0000 2b0a 420e 772f 0002 8e08
000a900 0078 0800 0172 0000 312e 0001 ad00 0078
000a910 2f00 0061 0000 0000 8608 0078 4200 fe9a
000a920 0001 b208 0078 4200 c368 0000 bc08 0078
000a930 2e00 0131 0000 78d6 0000 612f 0000 1300
000a940 0500 71c8 0000 3447 6818 0000 0500 11e5
000a950 0000 5447 7a12 0078 0a00 78e2 0000 f908
000a960 0002 2d00 e41b 0000 1247 0a03 0079 0100
000a970 78f3 0000 0c00 c7de 0001 b247 3d0c 0001
000a980 2000 0079 0100 78f3 0000 0900 01ab 0001
000a990 1447 0c03 013d 0000 7937 0000 f301 0078
000a9a0 0000 d509 01b9 4700 0316 3d0c 0001 4e00
000a9b0 0079 0100 78f3 0000 0c00 cf29 0000 e647
000a9c0 3d0c 0001 6400 0079 0100 78f3 0000 0900
000a9d0 1d9b 0000 0147 0c02 013d 0000 797b 0000
000a9e0 f301 0078 0000 7009 0189 4700 02f8 3d0c
000a9f0 0001 9700 0079 0100 78f3 0000 9701 0079
000aa00 0000 e208 0078 0900 1daf 0000 5047 0e02
000aa10 6102 0000 79bd 0000 0201 0061 0100 013d
000aa20 0000 f301 0078 0000 c609 0183 4700 0102
000aa30 f30e 0078 d900 0079 0100 030c 0000 0c01
000aa40 0003 0000 9d09 0012 4700 02a3 550f 0000
000aa50 ff00 0079 0100 00c9 0000 5501 0000 0100
000aa60 0055 0000 f301 0078 0000 0909 0154 4700
000aa70 0109 f30e 0078 2000 007a 0100 030c 0000
000aa80 0c01 0003 0100 78f3 0000 0900 9934 0000
000aa90 c947 0c02 013d 0000 7a41 0000 f301 0078
000aaa0 0100 6399 0000 3d01 0001 0000 8c09 0250
000aab0 4700 02fd 3d0c 0001 5d00 007a 0100 78f3
000aac0 0000 5d01 007a 0000 ee08 0078 0900 1f5a
000aad0 0001 ce47 1102 6399 0000 7a79 0000 f301
000aae0 0078 0000 9c09 001d 4700 0202 3d0c 0001
000aaf0 9000 007a 0100 78f3 0000 3f00 cd48 0001
000ab00 0847 0c02 013d 0000 472d 003b 4700 0324
000ab10 7aaf 0000 0c01 0003 0000 330c 0193 4700
000ab20 0c98 013d 0000 7ac5 0000 0c01 0003 0000
000ab30 620c 00b7 4700 0c9a 013d 0000 7ae0 0000
000ab40 0c01 0003 0100 030c 0000 2d00 834c 0002
000ab50 d347 f202 007a 0100 78f3 0000 2d00 796c
000ab60 0001 4847 0901 007b 0100 78f3 0000 0201
000ab70 0061 0000 d409 011b 4700 014c 3d0c 0001
000ab80 2f00 007b 0100 78f3 0000 0201 0061 0100
000ab90 013d 0000 5501 0000 0000 af40 0046 4700
000aba0 0ebc 78f3 0000 9c0c 0136 4700 0ecd 6102
000abb0 0000 7b51 0000 0201 0061 0000 7709 00e4
000abc0 4700 029c 3d0c 0001 6d00 007b 0100 013d
000abd0 0000 f301 0078 0000 1b0b 001a 0b00 1a28
000abe0 0000 ee0b 0067 0b00 67fa 0000 0408 001b
000abf0 1e00 0c90 0000 312e 0001 9b00 007b 2f00
000ac00 0061 0000 000f f708 001a 0800 36ca 0000
000ac10 9b0b 001b 0b00 1df6 0000 030b 001e 0b00
000ac20 36ca 0000 f71e 001a 0b00 1af7 0000 f208
000ac30 001b 0800 36d0 0000 c008 0037 0b00 0138
000ac40 0000 ed08 0037 0a00 7bd7 0000 750b 0038
000ac50 0b00 37ed 0000 1905 0049 4800 1b26 0061
000ac60 0000 ed05 008d 4900 1a30 7c03 0000 6c08
000ac70 0070 0c00 2094 0002 9f48 3d0c 0001 2300
000ac80 007c 0100 00cb 0000 eb01 007b 0000 460c
000ac90 01cc 4900 0f37 00cb 0000 7c3e 0000 cb01
000aca0 0000 0100 7bf7 0000 0c00 cc48 0001 3449
000acb0 f712 007b 5400 007c 0100 030c 0000 0c00
000acc0 2096 0002 9b48 eb11 007b 6a00 007c 0100
000acd0 030c 0000 7a00 38b3 0000 0309 4011 0000
000ace0 0000 0000 5140 00eb 4a00 1048 7444 0000
000acf0 c90c 0009 4a00 0f4f 0047 0000 7ca0 0000
000ad00 0b01 0074 0100 740b 0000 0c00 106e 0002
000ad10 534a 0b0f 0074 b600 007c 0100 7cb6 0000
000ad20 0800 61be 0000 7c0c 017c 4a00 0f4c 740b
000ad30 0000 7cd1 0000 d101 007c 0000 0b08 0074
000ad40 0c00 84bf 0000 b34a 020e 0061 ec00 007c
000ad50 0100 61b9 0000 0c00 84c1 0000 b74a 020e
000ad60 0061 0200 007d 0100 7d02 0000 0800 7417
000ad70 0000 fe0c 0218 4a00 1384 7cb6 0000 7d1d
000ad80 0000 0201 007d 0000 510c 0078 4a00 1388
000ad90 7cb6 0000 7d33 0000 0201 007d 0000 4109
000ada0 0234 4a00 0173 3d0c 0001 4f00 007d 0100
000adb0 7d4f 0000 3d01 0001 0000 1c08 0074 0b00
000adc0 0131 0000 6808 0068 0b00 6107 0000 9608
000add0 006a 0b00 6868 0000 9b08 006a 0b00 0311
000ade0 0000 c908 006c 0b00 6a9b 0000 f40f 006c
000adf0 0f00 08e6 0000 3f0f 0009 0f00 094c 0000
000ae00 f625 0131 4b00 0b0f 7eda 0000 b64e 0077
000ae10 4b00 7b11 3176 4b00 1213 171f 0061 0100
000ae20 174b e707 007d 2400 b840 0000 541c 0040
000ae30 5100 0006 2400 0872 0002 a021 00f1 5100
000ae40 0006 2400 b792 0000 0526 013c 5100 0006
000ae50 0000 af0a 007d 1f00 26b3 0001 4b01 072d
000ae60 7e24 0000 4024 00b8 3200 54a1 0001 0651
000ae70 0000 7224 0208 3700 dbfa 0001 0651 0000
000ae80 9224 00b7 3c00 e637 0001 0c84 0000 0a00
000ae90 7dec 0000 0c1f 0061 0100 434b 6107 007e
000aea0 2400 b840 0000 ae48 012a 8400 000c 2400
000aeb0 0872 0002 614d 012b 8400 000c 2400 b792
000aec0 0000 9952 0055 8400 000c 0000 290a 007e
000aed0 1f00 6115 0000 4b01 0758 7e9e 0000 4024
000aee0 00b8 5d00 66b0 0000 0c84 0000 7224 0208
000aef0 6200 5b8d 0002 0c84 0000 9224 00b7 6700
000af00 b7ce 0000 0651 0000 0a00 7e66 0000 7353
000af10 7165 6e00 e71c 007d 0100 5300 6170 0072
000af20 1b6f 7e24 0000 0001 6154 0014 7000 6127
000af30 007e 0100 5400 1465 0000 1e71 7e9e 0000
000af40 0001 0000 0f00 7ea3 0000 b00f 007e 0f00
000af50 7ebd 0000 ca0f 007e 2500 73be 0002 0b4d
000af60 030b 007f 1d00 5c0b 0000 0d4d 000f 0825
000af70 0214 4e00 0b0f 7f20 0000 fa1d 00b9 4f00
000af80 0f29 0b1d 005c 4f00 0f1f 0800 461f 0000
000af90 1f1e 0046 0b00 46c5 0000 1f0b 0046 0800
000afa0 46d6 0000 8f0b 0047 1e00 46d6 0000 831e
000afb0 0047 0b00 4783 0000 1208 0046 0800 49a8
000afc0 0000 dd0b 0047 1e00 4612 0000 750b 004a
000afd0 0800 49ad 0000 260b 004b 0b00 4b94 0000
000afe0 9b0b 0055 1e00 49ad 0000 ad0b 0049 0800
000aff0 559b 0000 871e 004b 0b00 4a82 0000 0b08
000b000 006d 0b00 6dd3 0000 d308 006d 0800 55aa
000b010 0000 7b0b 0056 0b00 55aa 0000 b90b 0056
000b020 0b00 56c6 0000 830b 006e 0b00 6e8f 0000
000b030 8808 0057 1e00 5788 0000 2e0b 0058 0b00
000b040 5788 0000 3f08 0058 0b00 58f8 0000 3f1e
000b050 0058 1e00 58ec 0000 ec0b 0058 0800 577b
000b060 0000 1108 005b 0b00 5946 0000 7b1e 0057
000b070 0b00 3ae7 0000 1f08 003a 0b00 3b98 0000
000b080 060b 003c 0b00 460d 0000 1f1e 003a 0b00
000b090 3a1f 0000 0d08 0046 1e00 3bf9 0000 f40b
000b0a0 003a 0800 5b16 0000 0608 005c 7c00 7366
000b0b0 5400 0b04 2125 025d 5000 0b0f 8141 0000
000b0c0 2d46 0266 3d00 0001 5000 a716 0080 0e00
000b0d0 84db 0001 0e00 6bd4 0000 0e01 01b8 0001
000b0e0 0e02 01be 0001 0e03 3763 0001 0e04 6194
000b0f0 0000 7d05 4144 0059 0e06 0198 0002 0e07
000b100 6896 0000 0e08 3795 0001 0e09 c3c5 0001
000b110 000a 550a 0080 1500 9080 0000 2450 a714
000b120 0080 0300 e105 01f4 5000 0b13 6f2d 0000
000b130 b90a 0080 7e00 c3bd 0001 2550 c517 0080
000b140 b200 1507 378d 0001 2650 c517 0080 0100
000b150 9015 0201 5000 1727 80c5 0000 1501 618c
000b160 0000 2850 c517 0080 0000 5b15 0137 5000
000b170 1729 80c5 0000 1500 6eea 0002 2a50 c517
000b180 0080 0000 b015 0101 5000 172b 80c5 0000
000b190 1500 6bcc 0000 2c50 c517 0080 0000 d315
000b1a0 0184 5000 172d 80c5 0000 0000 ac0f 0080
000b1b0 0f00 80ca 0000 d80f 0080 0f00 80e5 0000
000b1c0 f20f 0080 0f00 80ff 0000 0c0f 0081 0f00
000b1d0 8119 0000 260f 0081 0f00 8133 0000 d61d
000b1e0 01b9 5100 0b2d 8e1d 01f3 5200 0b37 617f
000b1f0 6962 5500 02af 7b1b 0081 1b00 a5c8 0000
000b200 5953 c814 00a5 5a00 0074 b400 0081 0100
000b210 745a 0000 3d01 0001 0100 0055 0000 1b00
000b220 a5c8 0000 5753 c80e 00a5 c900 0000 d800
000b230 0081 0100 00c9 0000 3d01 0001 0100 0055
000b240 0000 0c00 9781 0001 a353 3d0c 0001 f300
000b250 0081 0100 030c 0000 0c01 0003 0000 e409
000b260 0075 5300 01a3 020e 0061 0a00 0082 0100
000b270 013d 0000 0900 3ad7 0001 6453 0e01 6102
000b280 0000 8226 0000 0201 0061 0100 030c 0000
000b290 0c00 b14e 0000 a653 550f 0000 4600 0082
000b2a0 0100 6102 0000 0c01 0003 0100 0055 0000
000b2b0 1b00 56a7 0000 e453 a714 0056 0c00 0003
000b2c0 6500 0082 0100 030c 0000 3d01 0001 0000
000b2d0 a71b 0056 5300 0ee2 56a7 0000 6102 0000
000b2e0 8284 0000 0201 0061 0100 013d 0000 0d00
000b2f0 a449 0000 3153 1401 a449 0000 030c 0000
000b300 82a4 0000 0c01 0003 0100 030c 0000 0d00
000b310 a449 0000 2f53 0e01 a449 0000 6102 0000
000b320 82c4 0000 0201 0061 0100 030c 0000 1b00
000b330 ddc0 0001 ff53 c014 01dd 0c00 0003 e300
000b340 0082 0100 030c 0000 3d01 0001 0000 c01b
000b350 01dd 5300 0efd ddc0 0001 6102 0000 8302
000b360 0000 0201 0061 0100 013d 0000 0d00 e545
000b370 0000 4c53 1401 e545 0000 030c 0000 8322
000b380 0000 0c01 0003 0100 030c 0000 0d00 e545
000b390 0000 4a53 0e01 e545 0000 6102 0000 8342
000b3a0 0000 0201 0061 0100 030c 0000 0f00 5d1f
000b3b0 0000 2c0f 005d 0f00 5d39 0000 460f 005d
000b3c0 0f00 5d53 0000 600f 005d 0f00 5d6d 0000
000b3d0 7a0f 005d 0f00 5d87 0000 940f 005d 0f00
000b3e0 5da1 0000 ae0f 005d 0f00 5dbb 0000 730f
000b3f0 0009 8000 8801 017b c900 0000 5500 3815
000b400 0000 b0fc 0001 83a3 0000 83ad 0000 5256
000b410 00cc dc00 007b 0000 fc55 0037 b600 0142
000b420 be00 0083 c800 0083 5600 cc52 0000 7bdc
000b430 0000 8100 9d01 01d9 ce00 0011 0000 0000
000b440 1900 0000 0000 0000 0100 829c 5701 016e
000b450 7800 0011 0000 0000 5600 0000 0000 0000
000b460 0100 179c 0084 5700 95e9 0000 3db8 0001
000b470 0200 6c91 6957 023f b800 013d 0000 9102
000b480 0068 0183 d9ac 0001 3201 3d05 0001 6900
000b490 0011 0000 0000 0f00 0000 0000 0000 0100
000b4a0 009c 0501 4900 0013 0200 0005 1349 1934
000b4b0 0000 2e03 3f01 0319 3a0e 3b0b 3905 6e0b
000b4c0 490e 3213 3c0b 6419 0113 0013 0400 0008
000b4d0 0b3a 0b3b 0b39 1318 0000 1605 0300 3a0e
000b4e0 3b0b 390b 490b 0013 0600 000d 0e03 0b3a
000b4f0 0b3b 0b39 1349 0b38 0000 2e07 3f01 0319
000b500 3a0e 3b0b 3905 6e0b 320e 3c0b 6419 0113
000b510 0013 0800 000f 210b 4908 0013 0900 012e
000b520 193f 0e03 0b3a 053b 0b39 1349 193c 1301
000b530 0000 260a 4900 0013 0b00 0010 210b 4908
000b540 0013 0c00 012e 193f 0e03 0b3a 0b3b 0b39
000b550 1349 193c 1301 0000 2e0d 3f01 0319 3a0e
000b560 3b0b 3905 6e0b 490e 3c13 0119 0013 0e00
000b570 0028 0e03 0b1c 0000 340f 4700 0013 1000
000b580 012e 193f 0e03 0b3a 0b3b 0b39 0e6e 1349
000b590 0b32 193c 1364 1301 0000 2e11 3f01 0319
000b5a0 3a0e 3b0b 3905 0721 0e6e 193c 1364 1301
000b5b0 0000 2e12 3f01 0319 3a0e 3b0b 390b 6e0b
000b5c0 3c0e 6419 0113 0013 1300 0016 0e03 0b3a
000b5d0 053b 0b39 1349 2132 0001 1400 012e 193f
000b5e0 0e03 0b3a 0b3b 0b39 0e6e 2132 3c01 6419
000b5f0 0113 0013 1500 0034 0e03 0b3a 0b3b 0b39
000b600 1349 193c 0b1c 196c 0000 1616 0300 3a0e
000b610 3b0b 390b 490b 3213 000b 1700 0008 0b3a
000b620 053b 0b39 1318 0000 1618 0300 3a0e 3b0b
000b630 3905 490b 0013 1900 0024 0b0b 0b3e 0e03
000b640 0000 131a 0301 0b0e 3a0b 3b0b 390b 010b
000b650 0013 1b00 012e 193f 0e03 0b3a 0b3b 0b39
000b660 0e6e 1349 193c 1301 0000 2e1c 3f01 0319
000b670 3a0e 3b0b 3905 0721 0e6e 1349 193c 1364
000b680 1301 0000 391d 0300 3a0e 3b0b 390b 000b
000b690 1e00 0042 210b 4908 0013 1f00 0102 0e03
000b6a0 0b0b 0b3a 0b3b 0b39 1301 0000 2e20 3f01
000b6b0 0319 3a0e 3b0b 390b 6e0b 490e 3c13 6419
000b6c0 0113 0013 2100 002f 0803 1349 0000 0222
000b6d0 0300 3c0e 0019 2300 012e 193f 0803 0b3a
000b6e0 053b 2139 6e07 490e 3213 0121 193c 1364
000b6f0 1301 0000 2e24 3f00 0319 3a0e cb21 3b00
000b700 390b 0521 0e6e 1349 2132 3c01 0019 2500
000b710 0139 0e03 0b3a 0b3b 0b39 1301 0000 2f26
000b720 0300 490e 0013 2700 012e 193f 0e03 0b3a
000b730 053b 2139 6e07 3c0e 0119 0013 2800 002e
000b740 193f 0e03 213a 3b39 390b 1b21 0e6e 1349
000b750 193c 0000 3929 0300 3a0e 3b0b 3905 000b
000b760 2a00 001c 1349 2138 0000 2b00 012e 193f
000b770 0e03 0b3a 053b 2139 6e07 320e 0121 193c
000b780 1963 1364 1301 0000 182c 0000 2d00 012e
000b790 193f 0e03 0b3a 053b 2139 3c0d 0119 0013
000b7a0 2e00 0101 1349 1301 0000 212f 4900 2f13
000b7b0 000b 3000 002f 0e03 1349 191e 0000 2e31
000b7c0 3f01 0319 3a0e 3b0b 3905 0721 0e6e 2132
000b7d0 3c01 8b19 2101 6401 0113 0013 3200 000d
000b7e0 0e03 213a 3b05 0021 1349 0b38 0000 1333
000b7f0 0b01 3a0b 3b0b 390b 6e0b 010e 0013 3400
000b800 000d 0e03 0b3a 0b3b 0b39 1349 0000 1c35
000b810 4900 3813 0021 0b32 0000 2e36 3f01 0319
000b820 3a08 3b0b 390b 0721 0e6e 1349 2132 3c01
000b830 6419 0113 0013 3700 000d 0e03 0b3a 053b
000b840 0b39 1349 0b38 0000 0238 0301 0b0e 3a0b
000b850 3b0b 3905 0b21 1301 0000 2e39 3f01 0319
000b860 3a0e 2e21 053b 2139 6e07 490e 3213 0221
000b870 193c 1301 0000 2e3a 3f01 0319 3a0e 2e21
000b880 0b3b 2139 6e02 3c0e 6419 0013 3b00 012e
000b890 193f 0e03 213a 3b2e 3905 0721 0e6e 193c
000b8a0 018b 0121 1364 1301 0000 2e3c 3f01 0319
000b8b0 3a0e 3b0b 390b 6e0b 3c0e 6319 6419 0113
000b8c0 0013 3d00 0113 0e03 210b 3a01 3b0b 3905
000b8d0 0c21 1301 0000 2e3e 3f01 0319 3a0e 3b0b
000b8e0 390b 6e0b 490e 3213 0121 193c 018b 0121
000b8f0 1364 1301 0000 2e3f 3f00 0319 3a0e 3b0b
000b900 3905 490b 3c13 0019 4000 002e 193f 0e03
000b910 0b3a 0b3b 0b39 1349 193c 0000 0d41 0300
000b920 3a08 c521 3b00 390b 490b 3813 000b 4200
000b930 0013 0e03 193c 0000 1743 0b01 3a0b 3b0b
000b940 390b 010b 0013 4400 0030 0803 1349 0b1c
000b950 0000 3945 0300 3a0e 3b0b 390b 890b 1901
000b960 0000 0446 0301 6d0e 3e19 0521 210b 4904
000b970 3a13 3b0b 390b 1021 1301 0000 3947 0300
000b980 3a0e 3b0b 3905 1421 0189 0019 4800 012e
000b990 193f 0803 213a 3b18 3905 0721 0e6e 1349
000b9a0 193c 1301 0000 2e49 3f01 0319 3a0e 1b21
000b9b0 0b3b 2139 6e07 320e 0121 193c 1364 0000
000b9c0 394a 0301 3a0e 3b0b 3905 890b 1901 1301
000b9d0 0000 394b 0300 3a08 3b0b 3905 890b 1901
000b9e0 0000 2e4c 3f01 0319 3a0e 2321 053b 2139
000b9f0 6e07 320e 0121 193c 1364 2120 0100 0013
000ba00 4d00 002e 193f 0e03 213a 3b2e bc21 3903
000ba10 0721 0e6e 1349 193c 0000 394e 0301 3a0e
000ba20 3b0b 390b 0b21 0000 044f 0301 3e0e 0721
000ba30 210b 4904 3a13 3b0b 3121 2139 0108 0013
000ba40 5000 012e 193f 0e03 213a 3b39 390b 2621
000ba50 0e6e 193c 1301 0000 0d51 0300 3a0e 3a21
000ba60 213b 07ef 2139 4911 3813 0021 2132 0002
000ba70 5200 000d 0e03 213a 3b03 3905 490b 8813
000ba80 0b01 0b38 0000 3453 0300 3a08 cb21 3b00
000ba90 390b 490b 3c13 1c19 6c0a 0019 5400 0034
000baa0 0e03 213a 00cb 0b3b 0b39 1349 193c 0a1c
000bab0 196c 0000 2e55 3101 6e13 640e 0113 0013
000bac0 5600 0005 0e03 1349 1934 0000 0557 0300
000bad0 3a0e 0121 0b3b 2139 4901 0213 0018 5800
000bae0 0111 0e25 0b13 1f03 1f1b 0111 0712 1710
000baf0 1779 0000 1659 0300 490e 0013 5a00 0113
000bb00 0e03 0b0b 0b3a 0b3b 1301 0000 0f5b 0b00
000bb10 000b 5c00 0024 0b0b 0b3e 0803 0000 395d
000bb20 0301 3a08 3b0b 3905 010b 0013 5e00 012e
000bb30 193f 0e03 0b3a 0b3b 0b39 0e6e 1349 0b32
000bb40 193c 1963 1364 1301 0000 2e5f 3f01 0319
000bb50 3a0e 3b0b 390b 6e0b 490e 3213 3c0b 6419
000bb60 0013 6000 012e 193f 0e03 0b3a 0b3b 0b39
000bb70 0e6e 0187 3c19 0119 0013 6100 0028 0e03
000bb80 0d1c 0000 3462 0300 3a0e 3b0b 390b 490b
000bb90 3c13 1c19 000d 6300 002e 193f 0803 0b3a
000bba0 053b 0b39 0e6e 1349 193c 0000 2e64 3f01
000bbb0 0319 3a0e 3b0b 390b 6e0b 320e 3c0b 8b19
000bbc0 0b01 1364 1301 0000 0d65 4900 3813 000b
000bbd0 6600 0102 0e03 193c 1301 0000 0267 0301
000bbe0 0b0e 3a0b 3b0b 3905 320b 010b 0013 6800
000bbf0 012e 193f 0e03 0b3a 053b 0b39 0e6e 1349
000bc00 0b32 193c 018b 640b 0013 6900 0034 0e03
000bc10 0b3a 0b3b 0b39 1349 193c 0000 3a6a 3a00
000bc20 3b0b 3905 180b 0013 6b00 0139 0e03 0b3a
000bc30 0b3b 0b39 0189 0019 6c00 0113 0803 0b0b
000bc40 0b3a 0b3b 0b39 1301 0000 396d 0301 3a0e
000bc50 3b0b 3905 010b 0013 6e00 012e 193f 0803
000bc60 0b3a 0b3b 0b39 0e6e 1349 193c 1301 0000
000bc70 346f 0300 3a0e 3b0b 390b 490b 3c13 1c19
000bc80 000b 7000 0113 0b0b 0188 3a0b 3b0b 3905
000bc90 6e0b 010e 0013 7100 0016 0e03 0b3a 053b
000bca0 0b39 1349 0188 000b 7200 003b 0e03 0000
000bcb0 3a73 3a00 3b0b 390b 180b 0013 7400 0026
000bcc0 0000 1575 4901 0113 0013 7600 0015 0000
000bcd0 2e77 3f01 0319 3a08 3b0b 3905 490b 3c13
000bce0 0119 0013 7800 012e 193f 0e03 0b3a 053b
000bcf0 0b39 0187 3c19 0119 0013 7900 0016 0e03
000bd00 0b3a 0b3b 0b39 0000 347a 4700 0213 0018
000bd10 7b00 0139 0803 0b3a 0b3b 0b39 0189 0019
000bd20 7c00 0039 0803 0b3a 0b3b 0b39 0000 287d
000bd30 0300 1c08 000b 7e00 0034 0e03 0b3a 0b3b
000bd40 0b39 1349 193c 051c 196c 0000 087f 0300
000bd50 3a08 3b0b 3905 180b 0013 8000 3401 0300
000bd60 490e 3f13 3419 3c19 0019 8100 2e01 0300
000bd70 340e 1119 1201 4007 7c18 0019 8200 2e01
000bd80 0301 340e 1119 1201 4007 7c18 0119 0013
000bd90 8300 2e01 3f00 0319 3a0e 3b0b 390b 490b
000bda0 1113 1201 4007 7a18 0019 0000 07bd 0000
000bdb0 0005 0008 077a 0000 0101 fb01 0d0e 0100
000bdc0 0101 0001 0000 0001 0100 0101 191f 002b
000bdd0 0000 004f 0000 0071 0000 0085 0000 00ae
000bde0 0000 00d7 0000 0101 0000 011a 0000 0134
000bdf0 0000 0155 0000 0162 0000 017a 0000 019d
000be00 0000 01b6 0000 01f5 0000 0234 0000 026f
000be10 0000 02ac 0000 02e3 0000 0305 0000 0327
000be20 0000 0344 0000 0357 0000 0379 0000 0392
000be30 0000 0102 021f e50f 2202 0000 0100 0022
000be40 0000 d301 0003 0200 03dc 0000 e503 0003
000be50 0300 03ee 0000 f900 0003 0400 0402 0000
000be60 0404 0004 0400 0410 0000 1904 0004 0400
000be70 0412 0000 2704 0004 0200 042e 0000 3a02
000be80 0004 0500 0446 0000 5606 0004 0200 045f
000be90 0000 7306 0004 0600 0480 0000 8802 0004
000bea0 0600 0496 0000 a506 0004 0600 04b7 0000
000beb0 bf07 0004 0600 04cd 0000 d502 0004 0200
000bec0 0aec 0000 dd06 0004 0200 04e5 0000 ed02
000bed0 0004 0200 04f9 0000 0002 0005 0600 050f
000bee0 0000 2002 0005 0600 052c 0000 3706 0005
000bef0 0200 053f 0000 4502 0005 0200 054c 0000
000bf00 5b06 0005 0600 056b 0000 7406 0005 0600
000bf10 057e 0000 9806 0005 0600 05aa 0000 b202
000bf20 0005 0600 05bf 0000 ca06 0005 0800 05da
000bf30 0000 e202 0005 0200 05ed 0000 f502 0005
000bf40 0600 06c8 0000 0309 0006 0400 060f 0000
000bf50 2006 0006 0a00 0500 0000 300a 0006 0600
000bf60 063f 0000 4d0a 0006 0600 0a1e 0000 5a0b
000bf70 0006 0b00 0668 0000 770b 0006 0900 0945
000bf80 0000 8009 0006 0400 0689 0000 9b04 0006
000bf90 0400 06a5 0000 ae09 0006 0400 06b9 0000
000bfa0 c109 0006 0b00 06d0 0000 d909 0006 0900
000bfb0 06e0 0000 f10c 0006 0600 0703 0000 0e0d
000bfc0 0007 0e00 0719 0000 230e 0007 0f00 072c
000bfd0 0000 3610 0007 0600 049c 0000 0e09 0007
000bfe0 1100 074e 0000 5702 0007 0900 0765 0000
000bff0 7205 0007 0900 077d 0000 8f09 0007 0b00
000c000 079a 0000 a50b 0007 1200 07ad 0000 bb0b
000c010 0007 1300 07c3 0000 ce13 0007 0500 07dc
000c020 0000 d40c 0003 0200 07ea 0000 ee02 0007
000c030 0200 07f5 0000 0106 0008 0600 080c 0000
000c040 200b 0008 0b00 0829 0000 c80b 0006 0b00
000c050 083b 0000 3904 0008 0400 0846 0000 8c02
000c060 0008 0600 0850 0000 6406 0008 0200 086d
000c070 0000 7a06 0008 0200 087e 0000 8506 0008
000c080 0600 0898 0000 a706 0008 0600 08b5 0000
000c090 b906 0008 0a00 08c7 0000 d80a 0008 0600
000c0a0 08e3 0000 fd06 0008 0600 090d 0000 1a07
000c0b0 0009 0600 0677 0000 2a03 0009 0b00 0786
000c0c0 0000 360b 0009 0600 0942 0000 4505 0009
000c0d0 0b00 094e 0000 d102 0006 0900 0955 0000
000c0e0 5e0b 0009 0b00 096b 0000 770a 0009 0500
000c0f0 097e 0000 8d05 0009 0900 0997 0000 9709
000c100 0009 0b00 099f 0000 b404 0009 0b00 06d9
000c110 0000 be0b 0009 0b00 09c6 0000 d704 0009
000c120 0400 09e3 0000 ed04 0009 0400 0a01 0000
000c130 100b 000a 0b00 0a26 0000 3a0b 000a 0b00
000c140 0a50 0000 5f0b 000a 0b00 0a6f 0000 780b
000c150 000a 0400 0a85 0000 9c04 000a 0b00 0ab8
000c160 0000 c605 000a 1200 0ad8 0000 ee06 0005
000c170 0200 0ae9 0000 f805 000a 0600 0b09 0000
000c180 1906 000b 0600 0b28 0000 3214 000b 0600
000c190 0b3d 0000 490b 000b 0b00 0a1e 0000 5512
000c1a0 0009 0900 0b56 0000 610b 000b 0b00 0b72
000c1b0 0000 7212 000b 0b00 0a7a 0000 7b04 000b
000c1c0 0900 0b84 0000 930b 000b 0600 0b9d 0000
000c1d0 a806 000b 0600 0bb6 0000 c906 000b 0600
000c1e0 0bd8 0000 ea06 000b 0600 0bf8 0000 0806
000c1f0 000c 0600 0c18 0000 2d0a 000c 0400 0c3a
000c200 0000 5204 000c 0b00 0c5e 0000 6502 000c
000c210 0900 0c65 0000 650b 000c 1500 0c65 0000
000c220 6516 000c 1700 0c6d 0000 7a17 000c 0400
000c230 0c84 0000 8f06 000c 0600 0ca0 0000 b306
000c240 000c 0200 0cc0 0000 d205 000c 0200 0cdc
000c250 0000 e602 000c 0600 0cf4 0000 0006 000d
000c260 0600 0d10 0000 1d05 000d 0600 0d32 0000
000c270 4105 000d 0600 0d53 0000 6106 000d 0600
000c280 0d6d 0000 7502 000d 0600 0d81 0000 8902
000c290 000d 0600 0d95 0000 2002 000f 0200 0d9b
000c2a0 0000 d602 0004 0200 0da3 0000 b906 000d
000c2b0 0500 0dc8 0000 db05 000d 0900 0de5 0000
000c2c0 ef06 000d 0600 0e07 0000 1506 000e 0600
000c2d0 0e22 0000 2a02 000e 0600 0e37 0000 3d02
000c2e0 000e 0200 0e43 0000 5406 000e 0600 0e5d
000c2f0 0000 6d06 000e 0200 0e74 0000 8806 000e
000c300 0600 0e9f 0000 a706 000e 0200 0eab 0000
000c310 b806 000e 0600 0ec8 0000 d206 000e 0a00
000c320 0ee3 0000 f706 000e 0600 0f05 0000 1f06
000c330 000f 0200 0f2a 0000 2703 000f 0300 0f2a
000c340 0000 3309 000f 0b00 0f40 0000 2a0b 000f
000c350 1500 0f4c 0000 590b 000f 0b00 0f65 0000
000c360 6f0b 000f 0900 0f78 0000 840b 000f 0b00
000c370 0f93 0000 9e0b 000f 0b00 0fad 0000 bb0b
000c380 000f 0b00 0fc8 0000 d615 000f 0900 0fd6
000c390 0000 6f12 000f 1600 0fe0 0000 d616 000f
000c3a0 0b00 0fec 0000 f806 000f 1400 1003 0000
000c3b0 1a06 0010 0600 102c 0000 3502 0010 0600
000c3c0 1047 0000 5d06 0010 0c00 1070 0000 7b0e
000c3d0 0010 0e00 108f 0000 9702 0010 0600 10b0
000c3e0 0000 b902 0010 0200 10c0 0000 ce06 0010
000c3f0 1800 10da 0000 e311 0010 1100 10ed 0000
000c400 f611 0010 1100 10ff 0000 1511 0011 1200
000c410 1115 0000 0e0b 0011 0b00 1184 0000 150b
000c420 0011 1500 0a1e 0000 1e15 000a 1600 0a1e
000c430 0000 1c17 0011 1700 1127 0000 2716 0011
000c440 1700 1135 0000 dc15 0003 1500 1135 0000
000c450 4316 0011 1600 1135 0000 5417 0011 0b00
000c460 1164 0000 7d04 0011 0400 118c 0000 950f
000c470 0011 0f00 11a1 0000 af02 0011 0600 11bb
000c480 0000 ce06 0011 0600 11dc 0000 ec06 0011
000c490 0600 11f7 0000 0202 0012 0200 120a 0000
000c4a0 1306 0012 0600 121c 0000 2c05 0012 0200
000c4b0 1232 0000 3c02 0012 0600 124a 0000 5806
000c4c0 0012 0c00 126e 0000 7d06 0012 0200 1284
000c4d0 0000 8a02 0012 0200 1290 0000 9c06 0012
000c4e0 0600 12a6 0000 ab06 0011 0200 12b2 0000
000c4f0 bd06 0012 0600 12c7 0000 d606 0012 0900
000c500 12e0 0000 f406 0012 0600 1304 0000 1606
000c510 0013 0600 1327 0000 3a06 0013 0600 1342
000c520 0000 4c06 0013 0600 135d 0000 7006 0013
000c530 0200 0c05 0900 6902 0011 0000 0000 0300
000c540 0131 0d05 8503 8201 0105 2e59 2008 0200
000c550 0104 6606 0204 1905 0306 7f92 0490 0501
000c560 0301 00ee 3202 3c01 0882 0100 5001 4854
000c570 4552 4441 435f 4e4f 5f44 4e49 5449 4149
000c580 494c 455a 2052 207b 207b 307b 2c7d 7b20
000c590 7d30 202c 307b 202c 7d30 202c 307b 202c
000c5a0 7d30 202c 2c30 3020 202c 307b 202c 7d30
000c5b0 7d20 7d20 5f00 635f 7070 6c5f 6269 745f
000c5c0 5f6f 6461 7264 7365 2073 3032 3731 3131
000c5d0 004c 5f5f 434c 4e5f 4d55 5245 4349 3120
000c5e0 5300 5359 665f 726f 206b 5f5f 524e 665f
000c5f0 726f 006b 4d5f 725f 6c65 6165 6573 5f00
000c600 4e5a 534b 3774 5f5f 7863 3178 3131 6232
000c610 7361 6369 735f 7274 6e69 4967 5363 3174
000c620 6331 6168 5f72 7274 6961 7374 6349 5345
000c630 4961 4563 3545 6672 6e69 4564 4b50 6d63
000c640 006d 505f 534f 5849 415f 5644 5349 524f
000c650 5f59 4e49 4f46 3220 3030 3038 4c39 5f00
000c660 465f 544c 3231 5f38 4544 4f4e 4d52 4d5f
000c670 4e49 5f5f 3620 342e 3537 3731 3135 3931
000c680 3334 3038 3532 3131 3930 3432 3334 3938
000c690 3835 3232 3637 3634 3535 2d65 3934 3636
000c6a0 3146 3832 5f00 4353 535f 4e49 4c47 5f45
000c6b0 5250 434f 5345 2053 535f 5f43 4953 474e
000c6c0 454c 505f 4f52 4543 5353 5f00 495f 544e
000c6d0 3436 435f 6328 2029 2063 2323 4c20 5f00
000c6e0 4e5f 5f52 6966 696e 5f74 6f6d 7564 656c
000c6f0 3320 3331 5f00 625f 7773 7061 635f 6e6f
000c700 7473 6e61 5f74 3436 7828 2029 2828 2828
000c710 2978 2620 3020 6678 3066 3030 3030 3030
000c720 3030 3030 3030 7530 6c6c 2029 3e3e 3520
000c730 2936 7c20 2820 2828 2978 2620 3020 3078
000c740 6630 3066 3030 3030 3030 3030 3030 7530
000c750 6c6c 2029 3e3e 3420 2930 7c20 2820 2828
000c760 2978 2620 3020 3078 3030 6630 3066 3030
000c770 3030 3030 3030 7530 6c6c 2029 3e3e 3220
000c780 2934 7c20 2820 2828 2978 2620 3020 3078
000c790 3030 3030 6630 3066 3030 3030 3030 7530
000c7a0 6c6c 2029 3e3e 3820 2029 207c 2828 7828
000c7b0 2029 2026 7830 3030 3030 3030 3030 6666
000c7c0 3030 3030 3030 6c75 296c 3c20 203c 2938
000c7d0 7c20 2820 2828 2978 2620 3020 3078 3030
000c7e0 3030 3030 3030 6630 3066 3030 7530 6c6c
000c7f0 2029 3c3c 3220 2934 7c20 2820 2828 2978
000c800 2620 3020 3078 3030 3030 3030 3030 3030
000c810 6630 3066 7530 6c6c 2029 3c3c 3420 2930
000c820 7c20 2820 2828 2978 2620 3020 3078 3030
000c830 3030 3030 3030 3030 3030 6630 7566 6c6c
000c840 2029 3c3c 3520 2936 0029 5f5f 5845 4543
000c850 5450 4f49 5f4e 2048 0031 535f 5f43 4946
000c860 454c 415f 5454 4952 5542 4554 2053 535f
000c870 5f43 4946 454c 415f 5454 4952 5542 4554
000c880 0053 5953 5f53 6974 656d 6672 5f64 6567
000c890 7474 6d69 2065 5f5f 524e 745f 6d69 7265
000c8a0 6466 675f 7465 6974 656d 4500 4441 2056
000c8b0 3836 7300 7274 636e 7970 5f00 4353 325f
000c8c0 435f 425f 4e49 2044 535f 5f43 5f32 5f43
000c8d0 4942 444e 5f00 4e5f 5f52 6c63 636f 5f6b
000c8e0 6567 7474 6d69 2065 3232 0038 5a5f 4b4e
000c8f0 7453 5f37 635f 7878 3131 3231 6162 6973
000c900 5f63 7473 6972 676e 6349 7453 3131 6863
000c910 7261 745f 6172 7469 4973 4563 6153 6349
000c920 4545 6535 706d 7974 7645 5300 5359 6c5f
000c930 6f6f 756b 5f70 6364 6f6f 696b 2065 5f5f
000c940 524e 6c5f 6f6f 756b 5f70 6364 6f6f 696b
000c950 0065 5f5f 7063 5f70 6761 7267 6765 7461
000c960 5f65 6170 6572 5f6e 6e69 7469 3220 3130
000c970 3039 4c32 5f00 535f 4454 5f43 4549 5f43
000c980 3535 5f39 4f43 504d 454c 5f58 205f 0031
000c990 505f 534f 5849 415f 4f49 4d5f 5841 3120
000c9a0 5f00 4f50 4953 5f58 5f43 4f53 5255 4543
000c9b0 5f00 4e5a 7453 3631 6c61 6f6c 6163 6f74
000c9c0 5f72 7274 6961 7374 5349 4961 534e 3774
000c9d0 5f5f 7863 3178 3131 6232 7361 6369 735f
000c9e0 7274 6e69 4967 5363 3174 6331 6168 5f72
000c9f0 7274 6961 7374 6349 5345 4961 4563 4545
000ca00 4545 3031 6564 6c61 6f6c 6163 6574 5245
000ca10 3653 505f 3553 6d5f 5f00 4353 325f 465f
000ca20 524f 5f54 4544 2056 535f 5f43 5f32 4f46
000ca30 5452 445f 5645 5f00 4e5a 7453 3231 565f
000ca40 6365 6f74 5f72 6162 6573 6349 6153 6349
000ca50 4545 3231 565f 6365 6f74 5f72 6d69 6c70
000ca60 3443 7645 5f00 695f 6373 7974 6570 6c5f
000ca70 6328 742c 7079 2c65 6f6c 6163 656c 2029
000ca80 2828 6f6c 6163 656c 2d29 5f3e 635f 7974
000ca90 6570 625f 285b 6e69 2974 2820 2963 205d
000caa0 2026 7528 736e 6769 656e 2064 6873 726f
000cab0 2074 6e69 2974 7420 7079 2965 5f00 4c47
000cac0 4249 5843 5f58 4f4e 4f5f 5342 4c4f 5445
000cad0 5f45 5349 4e49 5f46 5349 414e 5f4e 5944
000cae0 414e 494d 2043 5f5f 4c47 4249 5f43 5250
000caf0 5245 5145 3228 322c 2933 5f00 4e5a 7453
000cb00 5f37 635f 7878 3131 3231 6162 6973 5f63
000cb10 7473 6972 676e 6349 7453 3131 6863 7261
000cb20 745f 6172 7469 4973 4563 6153 6349 4545
000cb30 7038 706f 625f 6361 456b 0076 535f 5f43
000cb40 5453 4552 4d41 2053 535f 5f43 5453 4552
000cb50 4d41 0053 5f5f 4c52 4d49 545f 4d5f 5441
000cb60 4843 5345 525f 494c 364d 5f34 2054 0031
000cb70 5f5f 4955 544e 3233 435f 6328 2029 2063
000cb80 2323 5520 5f00 4c47 4249 5843 5f58 4e55
000cb90 524f 4544 4552 5f44 414d 2050 0031 5953
000cba0 5f53 6573 7274 696c 696d 2074 5f5f 524e
000cbb0 735f 7465 6c72 6d69 7469 5f00 5453 5f4c
000cbc0 5449 5245 5441 524f 425f 5341 5f45 5546
000cbd0 434e 5f53 2048 0031 5f5f 5450 5248 4145
000cbe0 5f44 554d 4554 5f58 4148 4556 505f 4552
000cbf0 2056 0031 495f 4f53 3243 5f58 4f53 5255
000cc00 4543 5f00 4e5a 534b 3774 5f5f 7863 3178
000cc10 3131 6232 7361 6369 735f 7274 6e69 4967
000cc20 5363 3174 6331 6168 5f72 7274 6961 7374
000cc30 6349 5345 4961 4563 3545 6672 6e69 4564
000cc40 4b50 6d63 5200 4f5f 204b 0034 5f5f 7063
000cc50 5f70 6f63 736e 6574 7078 5f72 6e69 645f
000cc60 6365 746c 7079 2065 3032 3731 3131 004c
000cc70 5f5f 5457 5245 534d 4749 7328 6174 7574
000cc80 2973 2820 7328 6174 7574 2973 2620 3020
000cc90 3778 2966 5f00 485f 5641 5f45 4c46 414f
000cca0 3154 3832 2058 0030 5f5f 524e 735f 7465
000ccb0 7366 6975 2064 3231 0032 5953 5f53 6573
000ccc0 6e74 2073 5f5f 524e 735f 7465 736e 5f00
000ccd0 555f 4553 475f 554e 3120 5f00 675f 696c
000cce0 6362 735f 6661 5f65 656c 5f6e 6f63 646e
000ccf0 5f28 6c5f 5f2c 735f 5f2c 6f5f 7a73 2029
000cd00 2828 5f5f 296c 3c20 203d 5f28 6f5f 7a73
000cd10 2029 202f 5f28 735f 2929 5300 5359 735f
000cd20 6863 6465 675f 7465 7461 7274 5f20 4e5f
000cd30 5f52 6373 6568 5f64 6567 6174 7474 0072
000cd40 475f 494c 4342 5858 415f 594e 3120 4100
000cd50 4f54 494d 5f43 4f42 4c4f 4c5f 434f 5f4b
000cd60 5246 4545 5f20 475f 4343 415f 4f54 494d
000cd70 5f43 4f42 4c4f 4c5f 434f 5f4b 5246 4545
000cd80 5300 5359 6d5f 6d65 6162 7272 6569 2072
000cd90 5f5f 524e 6d5f 6d65 6162 7272 6569 0072
000cda0 5f5f 444c 4c42 4d5f 5841 455f 5058 5f5f
000cdb0 3120 3336 3438 5f00 4350 535f 434f 5f4b
000cdc0 414d 4258 4655 5f20 4350 535f 434f 5f4b
000cdd0 414d 4258 4655 5f00 5350 4c54 535f 5254
000cde0 4e49 5f47 4f43 434e 5441 7828 792c 2029
000cdf0 2078 7923 5f00 4e5a 5f39 675f 756e 635f
000ce00 7878 3431 5f5f 6c61 6f6c 5f63 7274 6961
000ce10 7374 5349 4961 4563 4563 3032 535f 705f
000ce20 6f72 6170 6167 6574 6f5f 5f6e 7773 7061
000ce30 7645 5300 5359 725f 5f74 6973 7067 6e65
000ce40 6964 676e 5f20 4e5f 5f52 7472 735f 6769
000ce50 6570 646e 6e69 0067 4441 5f4a 414d 4558
000ce60 5252 524f 3020 3078 3030 0034 5a5f 394e
000ce70 5f5f 6e67 5f75 7863 3178 6e33 7765 615f
000ce80 6c6c 636f 7461 726f 6349 4345 4534 0076
000ce90 5f5f 4357 4148 5f52 5f54 205f 5f00 635f
000cea0 7070 725f 7465 7275 5f6e 7974 6570 645f
000ceb0 6465 6375 6974 6e6f 3220 3130 3033 4c34
000cec0 5f00 4e5a 534b 3774 5f5f 7863 3178 3131
000ced0 6232 7361 6369 735f 7274 6e69 4967 5363
000cee0 3174 6331 6168 5f72 7274 6961 7374 6349
000cef0 5345 4961 4563 3445 6162 6b63 7645 5f00
000cf00 765f 5f61 6f63 7970 6428 732c 2029 5f5f
000cf10 7562 6c69 6974 5f6e 6176 635f 706f 2879
000cf20 2c64 2973 4500 4f54 4d4f 4e41 5259 4645
000cf30 2053 3031 0039 6964 6666 6974 656d 5f00
000cf40 4c47 4249 5843 5f58 5954 4550 545f 4152
000cf50 5449 2053 0031 5f5f 524e 755f 6974 656d
000cf60 2073 3332 0035 535f 5f43 474e 4f52 5055
000cf70 5f53 414d 2058 535f 5f43 474e 4f52 5055
000cf80 5f53 414d 0058 5f5f 524e 615f 6363 7065
000cf90 3474 3220 3838 5f00 535f 495f 5257 5449
000cfa0 2045 3230 3030 5f00 5f53 6f64 725f 6c65
000cfb0 636f 7461 0065 5f5f 524e 735f 6863 6465
000cfc0 725f 5f72 6567 5f74 6e69 6574 7672 6c61
000cfd0 3120 3834 5f00 4c47 4249 5843 5f58 4148
000cfe0 4556 4d5f 444f 4646 3120 5300 4154 495f
000cff0 534e 3020 3078 3130 0030 5f5f 7063 5f70
000d000 696c 5f62 6f6e 5f74 6e66 3220 3130 3036
000d010 0033 505f 5453 5f4c 4948 4544 465f 4f52
000d020 5f4d 4241 5f49 5550 4853 0020 4e45 5641
000d030 4941 204c 3131 0039 5a5f 534e 3674 6576
000d040 7463 726f 6349 6153 6349 4545 3443 7645
000d050 5f00 4353 505f 4952 524f 5449 5f59 4353
000d060 4548 5544 494c 474e 5f20 4353 505f 4952
000d070 524f 5449 5f59 4353 4548 5544 494c 474e
000d080 5300 4154 5854 415f 5454 5f52 4d49 554d
000d090 4154 4c42 2045 7830 3030 3030 3030 3031
000d0a0 5f00 4c47 4249 5843 5f58 4148 4556 435f
000d0b0 4d4f 4c50 5845 485f 3120 5f00 4353 4c5f
000d0c0 5645 4c45 5f34 4143 4843 5f45 5341 4f53
000d0d0 2043 535f 5f43 454c 4556 344c 435f 4341
000d0e0 4548 415f 5353 434f 5f00 4e5a 7453 7636
000d0f0 6365 6f74 4972 534e 3774 5f5f 7863 3178
000d100 3131 6232 7361 6369 735f 7274 6e69 4967
000d110 5363 3174 6331 6168 5f72 7274 6961 7374
000d120 6349 5345 4961 4563 4545 6153 5349 5f35
000d130 4545 6132 4574 006d 5a5f 534e 3674 6576
000d140 7463 726f 4e49 7453 5f37 635f 7878 3131
000d150 3231 6162 6973 5f63 7473 6972 676e 6349
000d160 7453 3131 6863 7261 745f 6172 7469 4973
000d170 4563 6153 6349 4545 5345 4961 3553 455f
000d180 3145 5f34 5f4d 6f6d 6576 615f 7373 6769
000d190 456e 534f 5f37 7453 3731 6e69 6574 7267
000d1a0 6c61 635f 6e6f 7473 6e61 4974 4c62 3162
000d1b0 4545 5f00 5f4d 6e65 5f64 666f 735f 6f74
000d1c0 6172 6567 5f00 635f 7070 6c5f 6269 735f
000d1d0 6168 6572 5f64 7470 5f72 7261 6172 7379
000d1e0 3220 3130 3136 4c31 5300 5359 615f 6363
000d1f0 7065 3474 5f20 4e5f 5f52 6361 6563 7470
000d200 0034 5f5f 656b 6e72 6c65 6f5f 646c 645f
000d210 7665 745f 5f20 6b5f 7265 656e 5f6c 6c6f
000d220 5f64 6564 5f76 0074 5a5f 4b4e 7453 3631
000d230 6e69 7469 6169 696c 657a 5f72 696c 7473
000d240 4e49 7453 5f37 635f 7878 3131 3231 6162
000d250 6973 5f63 7473 6972 676e 6349 7453 3131
000d260 6863 7261 745f 6172 7469 4973 4563 6153
000d270 6349 4545 4545 6533 646e 7645 5f00 4c47
000d280 4249 5843 5f58 4f4d 4556 5f28 765f 6c61
000d290 2029 7473 3a64 6d3a 766f 2865 5f5f 6176
000d2a0 296c 7400 5f6d 6573 0063 495f 4f53 3943
000d2b0 5f39 4f53 5255 4543 5f00 4e5a 534b 3174
000d2c0 6237 7361 6369 735f 7274 6e69 5f67 6976
000d2d0 7765 6349 7453 3131 6863 7261 745f 6172
000d2e0 7469 4973 4563 3945 6e65 7364 775f 7469
000d2f0 4568 0063 5f5f 5355 5f45 414c 4752 4645
000d300 4c49 3645 2034 0031 494c 494d 414e 5f4c
000d310 494c 5f42 5346 535f 4154 5554 5f53 5048
000d320 5f50 0020 5f5f 524f 4544 5f52 4450 5f50
000d330 4e45 4944 4e41 5f5f 3320 3134 0032 475f
000d340 494c 4342 5858 485f 5641 5f45 5355 4c45
000d350 434f 4c41 2045 0031 5f5f 386b 5f5f 3120
000d360 5f00 465f 4653 4c49 4e43 5f54 5f54 5954
000d370 4550 5f20 535f 5359 4143 4c4c 555f 4f4c
000d380 474e 545f 5059 0045 6f70 5f70 6162 6b63
000d390 6800 6f74 656c 3233 7828 2029 5f5f 6975
000d3a0 746e 3233 695f 6564 746e 7469 2079 7828
000d3b0 0029 5a5f 534e 3774 5f5f 7863 3178 3131
000d3c0 6232 7361 6369 735f 7274 6e69 4967 5363
000d3d0 3174 6331 6168 5f72 7274 6961 7374 6349
000d3e0 5345 4961 4563 3445 6162 6b63 7645 5f00
000d3f0 4e5a 534b 3774 5f5f 7863 3178 3131 6232
000d400 7361 6369 735f 7274 6e69 4967 5363 3174
000d410 6331 6168 5f72 7274 6961 7374 6349 5345
000d420 4961 4563 3445 6966 646e 6345 006d 5f5f
000d430 524e 725f 6265 6f6f 2074 3631 0039 5f5f
000d440 6970 5f63 205f 0032 5953 5f53 6573 6774
000d450 6f72 7075 2073 5f5f 524e 735f 7465 7267
000d460 756f 7370 5f00 465f 544c 3436 5f58 4148
000d470 5f53 5551 4549 5f54 414e 5f4e 205f 0031
000d480 505f 534f 5849 535f 4e59 4843 4f52 494e
000d490 455a 5f44 4f49 3220 3030 3038 4c39 4600
000d4a0 4c49 4e45 4d41 5f45 414d 2058 3034 3639
000d4b0 5f00 4e5f 5f52 6d75 7361 206b 3539 4500
000d4c0 504f 4f4e 5354 5055 2050 3539 5f00 5f4d
000d4d0 7061 6570 646e 5f00 4e5f 5f52 696c 7473
000d4e0 6178 7474 2072 3931 0034 5f5f 7063 5f70
000d4f0 6172 5f77 7473 6972 676e 2073 3032 3730
000d500 3031 004c 475f 494c 4342 5858 485f 5641
000d510 5f45 5953 5f53 4f53 4b43 5445 485f 3120
000d520 5f00 4e5a 7453 5f37 635f 7878 3131 3231
000d530 6162 6973 5f63 7473 6972 676e 6349 7453
000d540 3131 6863 7261 745f 6172 7469 4973 4563
000d550 6153 6349 4545 5f37 5f4d 6164 6174 5045
000d560 0063 4955 544e 465f 5341 3154 5f36 4957
000d570 5444 2048 5f5f 4f57 4452 4953 455a 5300
000d580 5359 635f 6f6c 6b63 735f 7465 6974 656d
000d590 5f20 4e5f 5f52 6c63 636f 5f6b 6573 7474
000d5a0 6d69 0065 5f5f 524e 6b5f 7865 6365 665f
000d5b0 6c69 5f65 6f6c 6461 3320 3032 5f00 4c5f
000d5c0 5f43 4441 5244 5345 2053 0039 5f5f 7461
000d5d0 6d6f 6369 735f 6970 5f6e 6f63 6e75 0074
000d5e0 535f 5f43 4854 4552 4441 505f 4f52 4543
000d5f0 5353 535f 4148 4552 2044 535f 5f43 4854
000d600 4552 4441 505f 4f52 4543 5353 535f 4148
000d610 4552 0044 475f 494c 4342 5858 445f 5241
000d620 4957 5f4e 5355 5f45 3436 425f 5449 495f
000d630 4f4e 4544 3120 5f00 4e5f 5f52 6567 7074
000d640 6970 2064 3131 0030 475f 494c 4342 5858
000d650 485f 5641 5f45 5441 4d4f 4349 4c5f 434f
000d660 5f4b 4f50 494c 5943 3120 7000 6874 6572
000d670 6461 635f 656c 6e61 7075 705f 706f 725f
000d680 7365 6f74 6572 6e5f 2870 7865 6365 7475
000d690 2965 5f20 635f 666c 6172 656d 5f2e 725f
000d6a0 7365 6f74 6572 2820 3b29 5f20 635f 666c
000d6b0 6172 656d 5f2e 735f 7465 6f64 7469 2820
000d6c0 7865 6365 7475 2965 203b 207d 6877 6c69
000d6d0 2065 3028 0029 5f5f 4347 5f43 5441 4d4f
000d6e0 4349 435f 4148 3352 5f32 5f54 4f4c 4b43
000d6f0 465f 4552 2045 0032 6c61 6769 656e 5f64
000d700 6c61 6f6c 0063 585f 504f 4e45 495f 564f
000d710 4d5f 5841 5f20 4f50 4953 5f58 4955 5f4f
000d720 414d 4958 564f 5f00 5f4d 6564 6166 6c75
000d730 5f74 7061 6570 646e 5f00 4c47 4249 5843
000d740 5f58 4148 4556 435f 534f 4648 3120 5f00
000d750 5f47 7066 736f 745f 5f00 4c47 4249 5843
000d760 5f58 4845 505f 5254 555f 4553 2044 5f00
000d770 635f 7070 6c5f 6269 735f 6968 7466 3220
000d780 3130 3038 4c36 4c00 5449 4c54 5f45 4e45
000d790 4944 4e41 5f20 4c5f 5449 4c54 5f45 4e45
000d7a0 4944 4e41 5f00 4353 545f 5248 4145 5f44
000d7b0 5250 4f49 505f 4f52 4554 5443 5f20 4353
000d7c0 545f 5248 4145 5f44 5250 4f49 505f 4f52
000d7d0 4554 5443 5f00 4c47 4249 5843 5f58 4148
000d7e0 4556 535f 4454 4e49 5f54 2048 0031 5f5f
000d7f0 444c 4c42 4d5f 4e49 315f 5f30 5845 5f50
000d800 205f 2d28 3934 3133 0029 7266 6165 0064
000d810 4552 445f 5055 4d5f 5841 2820 7830 6637
000d820 6666 0029 535f 725f 6c65 636f 7461 0065
000d830 5f5f 5355 5f45 4f58 4550 004e 5f5f 524e
000d840 615f 616c 6d72 3320 0037 475f 494c 4342
000d850 5858 4d5f 4e41 4c47 5f45 4953 455a 545f
000d860 6d20 5f00 635f 7070 6c5f 6269 745f 5f6f
000d870 6e75 6564 6c72 6979 676e 3220 3230 3031
000d880 4c32 5f00 675f 696c 6362 7878 6c5f 6e6f
000d890 5f67 6f64 6275 656c 745f 6e69 6e79 7365
000d8a0 5f73 6562 6f66 6572 6620 6c61 6573 5f00
000d8b0 4e5a 7453 5f37 635f 7878 3131 3231 6162
000d8c0 6973 5f63 7473 6972 676e 6349 7453 3131
000d8d0 6863 7261 745f 6172 7469 4973 4563 6153
000d8e0 6349 4545 3443 5245 534b 5f34 4b52 3353
000d8f0 005f 5f5f 524e 745f 6d69 7265 735f 7465
000d900 6974 656d 3220 3332 5f00 4c47 4249 5843
000d910 5f58 4544 5250 4345 5441 4445 535f 4755
000d920 4547 5453 4128 544c 2029 5f5f 7461 7274
000d930 6269 7475 5f65 205f 2828 5f5f 6564 7270
000d940 6365 7461 6465 5f5f 2820 7522 6573 2720
000d950 2022 4c41 2054 2722 6920 736e 6574 6461
000d960 2922 2929 5f00 5350 4c54 505f 4152 4d47
000d970 5f41 4953 444d 535f 4143 284e 5250 294d
000d980 0020 5f5f 4347 5f43 4148 4556 535f 4e59
000d990 5f43 4f43 504d 5241 5f45 4e41 5f44 5753
000d9a0 5041 345f 3120 6300 6e6f 6174 6e69 0073
000d9b0 535f 5f43 424d 4c5f 4e45 4d5f 5841 5f20
000d9c0 4353 4d5f 5f42 454c 5f4e 414d 0058 6170
000d9d0 5f72 6e75 6573 0071 4441 5f4a 464f 5346
000d9e0 5445 3020 3078 3030 0031 475f 494c 4342
000d9f0 5858 415f 474c 524f 5449 4d48 3120 5f00
000da00 4c47 4249 5843 5f58 4148 4556 485f 5059
000da10 544f 2046 0031 5f5f 6c67 6269 5f63 616d
000da20 7263 5f6f 6177 6e72 6e69 2867 656d 7373
000da30 6761 2965 5f20 675f 696c 6362 6d5f 6361
000da40 6f72 775f 7261 696e 676e 2031 4728 4343
000da50 7720 7261 696e 676e 6d20 7365 6173 6567
000da60 0029 7066 7475 6377 5f00 4c47 4249 5843
000da70 5f58 4f4e 5f54 4e46 435f 4c41 5f4c 504f
000da80 5f28 5551 4c41 2953 7420 6d65 6c70 7461
000da90 3c65 7974 6570 616e 656d 2e2e 202e 415f
000daa0 6772 3e73 5f20 4c47 4249 5843 3258 5f30
000dab0 4f43 534e 4554 5058 2052 6564 6c63 7974
000dac0 6570 5f28 5f53 6f6e 3c74 5f5f 6e69 5f76
000dad0 6572 5f73 3c74 465f 206e 515f 4155 534c
000dae0 202c 415f 6772 2e73 2e2e 3e3e 2928 2029
000daf0 706f 7265 7461 726f 2928 5f28 7241 7367
000db00 2626 2e2e 202e 5f5f 7261 7367 2029 515f
000db10 4155 534c 6e20 656f 6378 7065 2874 5f5f
000db20 7369 6e5f 746f 7268 776f 695f 766e 636f
000db30 6261 656c 5f3c 6e46 5f20 5551 4c41 2c53
000db40 5f20 7241 7367 2e2e 3e2e 3a3a 6176 756c
000db50 2065 2626 6e20 656f 6378 7065 2874 535f
000db60 6e5f 746f 5f3c 695f 766e 725f 7365 745f
000db70 5f3c 6e46 5f20 5551 4c41 2c53 5f20 7241
000db80 7367 2e2e 3e2e 283e 2929 2029 207b 6572
000db90 7574 6e72 2120 7473 3a64 5f3a 695f 766e
000dba0 6b6f 2865 7473 3a64 663a 726f 6177 6472
000dbb0 203c 465f 206e 515f 4155 534c 3e20 5f28
000dbc0 5f4d 6e66 2c29 7320 6474 3a3a 6f66 7772
000dbd0 7261 3c64 415f 6772 3e73 5f28 615f 6772
000dbe0 2973 2e2e 292e 203b 007d 4544 4646 4c49
000dbf0 4d45 444f 2045 5328 495f 5552 5253 537c
000dc00 495f 5557 5253 537c 495f 4752 5052 537c
000dc10 495f 4757 5052 537c 495f 4f52 4854 537c
000dc20 495f 4f57 4854 0029 7066 7475 7377 5f00
000dc30 4353 425f 5f43 4142 4553 4d5f 5841 5f20
000dc40 4353 425f 5f43 4142 4553 4d5f 5841 5f00
000dc50 4e5a 7453 7636 6365 6f74 4972 5363 4961
000dc60 4563 4345 4534 7453 3631 6e69 7469 6169
000dc70 696c 657a 5f72 696c 7473 6349 5245 534b
000dc80 5f30 5f00 5343 505f 534f 5849 565f 5f37
000dc90 4c49 3350 5f32 464f 4246 4749 4c5f 4644
000dca0 414c 5347 5f20 5343 505f 534f 5849 565f
000dcb0 5f37 4c49 3350 5f32 464f 4246 4749 4c5f
000dcc0 4644 414c 5347 4d00 444f 545f 4d49 4345
000dcd0 4e4f 5453 4120 4a44 545f 4d49 4345 4e4f
000dce0 5453 5f00 4353 505f 4741 5345 5a49 2045
000dcf0 535f 5f43 4150 4547 4953 455a 5f00 4942
000dd00 5354 435f 5550 535f 5445 485f 3120 5f00
000dd10 4e5a 534b 3774 5f5f 7863 3178 3131 6232
000dd20 7361 6369 735f 7274 6e69 4967 5363 3174
000dd30 6331 6168 5f72 7274 6961 7374 6349 5345
000dd40 4961 4563 3145 5f31 5f4d 6964 6a73 6e75
000dd50 7463 5045 634b 5f00 635f 7070 655f 756e
000dd60 656d 6172 6f74 5f72 7461 7274 6269 7475
000dd70 7365 3220 3130 3134 4c31 5f00 4f50 4953
000dd80 5f58 4854 4552 4441 505f 4952 5f4f 4e49
000dd90 4548 4952 2054 3032 3830 3930 004c 4955
000dda0 544e 465f 5341 3654 5f34 4957 5444 2048
000ddb0 3436 5f00 735f 6177 7070 6261 656c 645f
000ddc0 7465 6961 736c 5f00 6f5f 6666 745f 645f
000ddd0 6665 6e69 6465 0020 5f5f 524e 655f 6f70
000dde0 6c6c 635f 6c74 6f5f 646c 3220 3431 5000
000ddf0 4854 4552 4441 435f 4e41 4543 5f4c 4e45
000de00 4241 454c 5020 4854 4552 4441 435f 4e41
000de10 4543 5f4c 4e45 4241 454c 5f00 655f 7478
000de20 7265 5f6e 6e69 696c 656e 6520 7478 7265
000de30 206e 5f5f 6e69 696c 656e 5f20 615f 7474
000de40 6972 7562 6574 5f5f 2820 5f28 675f 756e
000de50 695f 6c6e 6e69 5f65 295f 0029 5f5f 6c67
000de60 6269 7863 5f78 6f64 6275 656c 745f 6172
000de70 7370 5f00 5350 4c54 565f 5245 4953 4e4f
000de80 4d5f 4a41 524f 2820 505f 5453 5f4c 4556
000de90 5352 4f49 204e 202f 3031 3030 0029 6f74
000dea0 635f 6168 5f72 7974 6570 5f00 4e5a 7453
000deb0 7636 6365 6f74 4972 5363 4961 4563 3545
000dec0 7265 7361 4565 394e 5f5f 6e67 5f75 7863
000ded0 3178 5f37 6e5f 726f 616d 5f6c 7469 7265
000dee0 7461 726f 5049 634b 3153 455f 5345 5f36
000def0 5f00 4e5a 5f39 675f 756e 635f 7878 3431
000df00 5f5f 6c61 6f6c 5f63 7274 6961 7374 5349
000df10 4961 534e 3774 5f5f 7863 3178 3131 6232
000df20 7361 6369 735f 7274 6e69 4967 5363 3174
000df30 6331 6168 5f72 7274 6961 7374 6349 5345
000df40 4961 4563 4545 5345 5f36 3245 5f37 5f53
000df50 7270 706f 6761 7461 5f65 6e6f 635f 706f
000df60 5f79 7361 6973 6e67 7645 5f00 4c47 4249
000df70 5843 5f58 5453 4952 474e 565f 4549 2057
000df80 0031 434c 545f 4c45 5045 4f48 454e 4d5f
000df90 5341 204b 3128 3c20 203c 5f5f 434c 545f
000dfa0 4c45 5045 4f48 454e 0029 475f 494c 4342
000dfb0 5858 485f 5641 5f45 5953 5f53 4955 5f4f
000dfc0 2048 0031 4953 455a 4d5f 5841 2820 3831
000dfd0 3434 3736 3434 3730 3733 3930 3535 3631
000dfe0 3531 4c55 0029 5f5f 524e 755f 7473 7461
000dff0 3120 3633 5f00 4353 545f 5248 4145 5f44
000e000 4f52 5542 5453 505f 4952 5f4f 4e49 4548
000e010 4952 2054 535f 5f43 4854 4552 4441 525f
000e020 424f 5355 5f54 5250 4f49 495f 484e 5245
000e030 5449 5f00 475f 4854 4552 4441 435f 4e4f
000e040 5f44 4e49 5449 5020 4854 4552 4441 435f
000e050 4e4f 5f44 4e49 5449 4149 494c 455a 0052
000e060 5f5f 524e 715f 6f75 6174 7463 206c 3731
000e070 0039 415f 4d53 475f 4e45 5245 4349 455f
000e080 5252 4f4e 485f 0020 6c70 6361 6865 6c6f
000e090 6564 7372 5f00 535f 5359 4143 4c4c 575f
000e0a0 524f 5344 5a49 2045 3436 5f00 4353 505f
000e0b0 4949 4f5f 4953 5f20 4353 505f 4949 4f5f
000e0c0 4953 5f00 4c47 4249 5843 5f58 4148 4556
000e0d0 475f 5445 2053 0031 5953 5f53 6970 6664
000e0e0 5f64 6573 646e 735f 6769 616e 206c 5f5f
000e0f0 524e 705f 6469 6466 735f 6e65 5f64 6973
000e100 6e67 6c61 5f00 4f50 4953 5f58 5053 4e49
000e110 4c5f 434f 534b 3220 3030 3038 4c39 5f00
000e120 4e5a 7453 7636 6365 6f74 4972 5363 4961
000e130 4563 3645 6e69 6573 7472 4e45 5f39 675f
000e140 756e 635f 7878 3731 5f5f 6f6e 6d72 6c61
000e150 695f 6574 6172 6f74 4972 4b50 5363 5f31
000e160 4545 526d 3453 005f 475f 494c 4342 5858
000e170 555f 4553 575f 4145 5f4b 4552 2046 5f5f
000e180 5847 5f58 4557 4b41 5f5f 5f00 4e5f 5f52
000e190 6572 6f6d 6576 6178 7474 2072 3931 0037
000e1a0 7369 6377 746e 6c72 5f00 4e5a 534b 3174
000e1b0 6237 7361 6369 735f 7274 6e69 5f67 6976
000e1c0 7765 6349 7453 3131 6863 7261 745f 6172
000e1d0 7469 4973 4563 3145 6632 6e69 5f64 616c
000e1e0 7473 6f5f 4566 4b50 6d63 5300 5359 705f
000e1f0 7277 7469 3665 2034 5f5f 524e 705f 7277
000e200 7469 3665 0034 5f5f 4148 4556 445f 5349
000e210 4954 434e 5f54 4c46 414f 3654 5834 3020
000e220 5f00 665f 6273 6b6c 6e63 5f74 5f74 6564
000e230 6966 656e 2064 5f00 4e5a 7453 5f37 635f
000e240 7878 3131 3231 6162 6973 5f63 7473 6972
000e250 676e 6349 7453 3131 6863 7261 745f 6172
000e260 7469 4973 4563 6153 6349 4545 7237 7365
000e270 7265 6576 7645 5f00 465f 5f44 4553 5354
000e280 5a49 2045 3031 3432 5f00 4c47 4249 5843
000e290 5f58 4544 5542 5f47 4e4f 594c 5f28 7453
000e2a0 7461 6d65 6e65 2974 0020 5f5f 7473 7461
000e2b0 5f78 6974 656d 7473 6d61 5f70 6564 6966
000e2c0 656e 2064 0031 5f5f 4953 455a 464f 575f
000e2d0 4843 5241 545f 5f5f 3420 5f00 4e5f 5f52
000e2e0 6573 646e 6f74 3420 0034 5f5f 3155 5f36
000e2f0 5954 4550 7520 736e 6769 656e 2064 6873
000e300 726f 2074 6e69 0074 6766 7465 0063 425f
000e310 4453 535f 5a49 5f45 5f54 0020 6766 7465
000e320 0073 5f5f 7063 5f70 696c 5f62 6f74 615f
000e330 7272 7961 3220 3130 3039 4c37 5f00 4353
000e340 465f 5953 434e 5f20 4353 465f 5953 434e
000e350 5300 5359 6d5f 6962 646e 5f20 4e5f 5f52
000e360 626d 6e69 0064 5f5f 4c46 3354 5832 485f
000e370 5341 495f 464e 4e49 5449 5f59 205f 0031
000e380 5f5f 524e 735f 7465 6975 2064 3031 0035
000e390 5a5f 4b4e 5f39 675f 756e 635f 7878 3731
000e3a0 5f5f 6f6e 6d72 6c61 695f 6574 6172 6f74
000e3b0 4972 4b50 4e63 7453 5f37 635f 7878 3131
000e3c0 3231 6162 6973 5f63 7473 6972 676e 6349
000e3d0 7453 3131 6863 7261 745f 6172 7469 4973
000e3e0 4563 6153 6349 4545 4545 6564 7645 5f00
000e3f0 4353 455f 5058 5f52 454e 5453 4d5f 5841
000e400 5f20 4353 455f 5058 5f52 454e 5453 4d5f
000e410 5841 5f00 465f 544c 3233 485f 5341 495f
000e420 464e 4e49 5449 5f59 205f 0031 5f5f 6373
000e430 6568 5f64 7270 6f69 6972 7974 7320 6863
000e440 6465 705f 6972 726f 7469 0079 5953 5f53
000e450 706f 6e65 5f20 4e5f 5f52 706f 6e65 5f00
000e460 4e5f 5f52 6567 7274 7365 6975 2064 3131
000e470 0038 5453 5441 5f58 5441 5254 415f 5050
000e480 4e45 2044 7830 3030 3030 3030 3032 5300
000e490 5359 6e5f 7366 6573 7672 7463 206c 5f5f
000e4a0 524e 6e5f 7366 6573 7672 7463 006c 5f5f
000e4b0 7063 5f70 6964 6967 5f74 6573 6170 6172
000e4c0 6f74 7372 3220 3130 3033 4c39 5f00 4e5a
000e4d0 534b 3174 6237 7361 6369 735f 7274 6e69
000e4e0 5f67 6976 7765 6349 7453 3131 6863 7261
000e4f0 745f 6172 7469 4973 4563 3145 6633 6e69
000e500 5f64 6966 7372 5f74 666f 5345 5f32 006d
000e510 535f 5f43 5f32 4f4c 4143 454c 4544 2046
000e520 535f 5f43 5f32 4f4c 4143 454c 4544 0046
000e530 665f 6572 7265 7365 625f 6675 5f00 4843
000e540 5241 545f 4152 5449 5f53 2048 0031 535f
000e550 5f43 454d 4c4d 434f 5f4b 4152 474e 2045
000e560 535f 5f43 454d 4c4d 434f 5f4b 4152 474e
000e570 0045 5f5f 524e 6d5f 646f 6669 5f79 646c
000e580 2074 3531 0034 5a5f 534e 3174 6936 696e
000e590 6974 6c61 7a69 7265 6c5f 7369 4974 4563
000e5a0 3443 5045 634b 006d 5953 5f53 6573 6474
000e5b0 6d6f 6961 6e6e 6d61 2065 5f5f 524e 735f
000e5c0 7465 6f64 616d 6e69 616e 656d 5f00 5f4d
000e5d0 6f6d 6576 615f 7373 6769 006e 435f 5f53
000e5e0 4258 3553 495f 504c 3233 4f5f 4646 3233
000e5f0 4c5f 4e49 4654 414c 5347 5f20 5343 585f
000e600 5342 5f35 4c49 3350 5f32 464f 3346 5f32
000e610 494c 544e 4c46 4741 0053 535f 5f43 4843
000e620 5241 4d5f 4e49 5f20 4353 435f 4148 5f52
000e630 494d 004e 505f 534f 5849 535f 5641 4445
000e640 495f 5344 3120 5f00 4e5a 7453 7636 6365
000e650 6f74 4972 534e 3774 5f5f 7863 3178 3131
000e660 6232 7361 6369 735f 7274 6e69 4967 5363
000e670 3174 6331 6168 5f72 7274 6961 7374 6349
000e680 5345 4961 4563 4545 6153 5349 5f35 4545
000e690 3931 535f 6e5f 746f 7268 776f 725f 6c65
000e6a0 636f 7461 4565 7453 3731 6e69 6574 7267
000e6b0 6c61 635f 6e6f 7473 6e61 4974 4c62 3062
000e6c0 4545 5f00 4e5f 5f52 6e69 746f 6669 5f79
000e6d0 6e69 7469 2031 3932 0034 475f 494c 4342
000e6e0 5858 485f 5641 5f45 5349 414e 464e 3120
000e6f0 5f00 495f 544e 465f 5341 3854 545f 5059
000e700 5f45 205f 6973 6e67 6465 6320 6168 0072
000e710 5f5f 6c6e 6e69 5f6b 5f74 6564 6966 656e
000e720 2064 5300 5359 6f5f 6570 5f6e 7274 6565
000e730 5f20 4e5f 5f52 706f 6e65 745f 6572 0065
000e740 5f5f 6e69 3874 745f 5f00 4e5a 534b 3174
000e750 6237 7361 6369 735f 7274 6e69 5f67 6976
000e760 7765 6349 7453 3131 6863 7261 745f 6172
000e770 7469 4973 4563 3545 6d65 7470 4579 0076
000e780 505f 534f 5849 545f 5248 4145 5f44 5053
000e790 524f 4441 4349 535f 5245 4556 2052 312d
000e7a0 5f00 465f 544c 4d5f 4e41 5f54 4944 5f47
000e7b0 205f 3432 5300 5359 665f 7473 7461 5f20
000e7c0 4e5f 5f52 7366 6174 0074 5a5f 534e 3174
000e7d0 5f35 655f 6378 7065 6974 6e6f 705f 7274
000e7e0 3331 7865 6563 7470 6f69 5f6e 7470 3172
000e7f0 5f30 5f4d 6572 656c 7361 4565 0076 5a5f
000e800 534e 3774 5f5f 7863 3178 3131 6232 7361
000e810 6369 735f 7274 6e69 4967 5363 3174 6331
000e820 6168 5f72 7274 6961 7374 6349 5345 4961
000e830 4563 3745 6572 6c70 6361 4565 394e 5f5f
000e840 6e67 5f75 7863 3178 5f37 6e5f 726f 616d
000e850 5f6c 7469 7265 7461 726f 5049 634b 3453
000e860 455f 5345 5f39 3953 535f 5f39 6900 7873
000e870 6964 6967 0074 5a5f 534e 3774 5f5f 7863
000e880 3178 3131 6232 7361 6369 735f 7274 6e69
000e890 4967 5363 3174 6331 6168 5f72 7274 6961
000e8a0 7374 6349 5345 4961 4563 3545 7265 7361
000e8b0 4565 394e 5f5f 6e67 5f75 7863 3178 5f37
000e8c0 6e5f 726f 616d 5f6c 7469 7265 7461 726f
000e8d0 5049 634b 3453 455f 5345 5f39 5f00 555f
000e8e0 4f57 4452 545f 5059 2045 6e75 6973 6e67
000e8f0 6465 6c20 6e6f 2067 6e69 0074 535f 5254
000e900 4e49 5f47 4f43 564e 5245 4953 4e4f 5f53
000e910 2048 0031 6e69 7469 6169 696c 657a 5f72
000e920 696c 7473 633c 6168 3e72 5f00 435f 5550
000e930 415f 4c4c 434f 535f 5a49 2845 6f63 6e75
000e940 2974 2820 2828 6328 756f 746e 2029 202b
000e950 5f5f 434e 5550 4942 5354 2d20 3120 2029
000e960 202f 5f5f 434e 5550 4942 5354 2029 202a
000e970 6973 657a 666f 2820 5f5f 7063 5f75 616d
000e980 6b73 2929 5300 5359 665f 6164 6174 7973
000e990 636e 5f20 4e5f 5f52 6466 7461 7361 6e79
000e9a0 0063 6572 6874 6f72 5f77 7865 6563 7470
000e9b0 6f69 006e 475f 494c 4342 5858 535f 4454
000e9c0 465f 4e55 5443 4f49 5f4e 2048 0031 505f
000e9d0 534f 5849 505f 4952 524f 5449 5a49 4445
000e9e0 495f 204f 3032 3830 3930 004c 475f 494c
000e9f0 4342 5858 485f 5641 5f45 4946 494e 4554
000ea00 2046 0031 5953 5f53 6573 6363 6d6f 2070
000ea10 5f5f 524e 735f 6365 6f63 706d 5f00 4c47
000ea20 4249 5843 5f58 5355 5f45 3943 5f39 414d
000ea30 4854 5f20 4c47 4249 5843 3158 5f31 5355
000ea40 5f45 3943 5f39 414d 4854 5f00 575f 5845
000ea50 5449 5453 5441 5355 7328 6174 7574 2973
000ea60 2820 2828 7473 7461 7375 2029 2026 7830
000ea70 6666 3030 2029 3e3e 3820 0029 565f 5241
000ea80 4149 544e 525f 4c45 5441 4f49 5f4e 5546
000ea90 434e 4954 4e4f 545f 4d45 4c50 5441 0045
000eaa0 535f 5f43 3656 4c5f 3650 5f34 464f 3646
000eab0 2034 535f 5f43 3656 4c5f 3650 5f34 464f
000eac0 3646 0034 475f 494c 4342 5858 485f 5641
000ead0 5f45 454d 414d 494c 4e47 3120 5f00 455f
000eae0 464c 5f5f 3120 5f00 4e5a 534b 3674 6576
000eaf0 7463 726f 6349 6153 6349 4545 3231 4d5f
000eb00 635f 6568 6b63 6c5f 6e65 6d45 4b50 0063
000eb10 475f 494c 4342 5858 425f 4745 4e49 4e5f
000eb20 4d41 5345 4150 4543 4c5f 4244 204c 5f00
000eb30 4e5a 7453 3231 565f 6365 6f74 5f72 6162
000eb40 6573 6349 6153 6349 4545 3443 6d45 5300
000eb50 5359 625f 6e69 2064 5f5f 524e 625f 6e69
000eb60 0064 6562 3233 6f74 2868 2978 5f20 625f
000eb70 7773 7061 335f 2032 7828 0029 505f 5f43
000eb80 5341 4e59 5f43 4f49 5f20 4350 415f 5953
000eb90 434e 495f 004f 5f5f 524e 675f 7465 7572
000eba0 6173 6567 3920 0038 5f5f 5355 5f45 4f50
000ebb0 4953 3158 3939 3033 0039 6c5f 636f 006b
000ebc0 5f5f 4e49 5f54 284e 5954 4550 422c 5449
000ebd0 4953 455a 452c 5458 552c 5845 2954 7420
000ebe0 6d65 6c70 7461 3c65 203e 7473 7572 7463
000ebf0 6e20 6d75 7265 6369 6c5f 6d69 7469 3c73
000ec00 5954 4550 203e 207b 7473 7461 6369 5f20
000ec10 4c47 4249 5843 5f58 5355 5f45 4f43 534e
000ec20 4554 5058 2052 6f62 6c6f 6920 5f73 7073
000ec30 6365 6169 696c 657a 2064 203d 7274 6575
000ec40 203b 7473 7461 6369 5f20 4c47 4249 5843
000ec50 5f58 4f43 534e 4554 5058 2052 5954 4550
000ec60 6d20 6e69 2928 5f20 4c47 4249 5843 5f58
000ec70 5355 5f45 4f4e 5845 4543 5450 7b20 7220
000ec80 7465 7275 206e 5f5f 6c67 6269 7863 5f78
000ec90 696d 5f6e 2062 5428 5059 2c45 4220 5449
000eca0 4953 455a 3b29 7d20 7320 6174 6974 2063
000ecb0 475f 494c 4342 5858 435f 4e4f 5453 5845
000ecc0 5250 5420 5059 2045 616d 2878 2029 475f
000ecd0 494c 4342 5858 555f 4553 4e5f 454f 4358
000ece0 5045 2054 207b 6572 7574 6e72 5f20 675f
000ecf0 696c 6362 7878 6d5f 7861 625f 2820 5954
000ed00 4550 202c 4942 5354 5a49 2945 203b 207d
000ed10 7473 7461 6369 5f20 4c47 4249 5843 5f58
000ed20 5355 5f45 4f43 534e 4554 5058 2052 6e69
000ed30 2074 6964 6967 7374 3d20 4220 5449 4953
000ed40 455a 2d20 3120 203b 7473 7461 6369 5f20
000ed50 4c47 4249 5843 5f58 5355 5f45 4f43 534e
000ed60 4554 5058 2052 6e69 2074 6964 6967 7374
000ed70 3031 3d20 2820 4942 5354 5a49 2045 202d
000ed80 2931 2a20 3620 3334 204c 202f 3132 3633
000ed90 203b 7473 7461 6369 5f20 4c47 4249 5843
000eda0 5f58 5355 5f45 4f43 534e 4554 5058 2052
000edb0 6f62 6c6f 6920 5f73 6973 6e67 6465 3d20
000edc0 7420 7572 3b65 7320 6174 6974 2063 475f
000edd0 494c 4342 5858 555f 4553 435f 4e4f 5453
000ede0 5845 5250 6220 6f6f 206c 7369 695f 746e
000edf0 6765 7265 3d20 7420 7572 3b65 7320 6174
000ee00 6974 2063 475f 494c 4342 5858 555f 4553
000ee10 435f 4e4f 5453 5845 5250 6220 6f6f 206c
000ee20 7369 655f 6178 7463 3d20 7420 7572 3b65
000ee30 7320 6174 6974 2063 475f 494c 4342 5858
000ee40 555f 4553 435f 4e4f 5453 5845 5250 6920
000ee50 746e 7220 6461 7869 3d20 3220 203b 7473
000ee60 7461 6369 5f20 4c47 4249 5843 5f58 4f43
000ee70 534e 4554 5058 2052 5954 4550 6520 7370
000ee80 6c69 6e6f 2928 5f20 4c47 4249 5843 5f58
000ee90 5355 5f45 4f4e 5845 4543 5450 7b20 7220
000eea0 7465 7275 206e 3b30 7d20 7320 6174 6974
000eeb0 2063 475f 494c 4342 5858 435f 4e4f 5453
000eec0 5845 5250 5420 5059 2045 6f72 6e75 5f64
000eed0 7265 6f72 2872 2029 475f 494c 4342 5858
000eee0 555f 4553 4e5f 454f 4358 5045 2054 207b
000eef0 6572 7574 6e72 3020 203b 207d 5845 2054
000ef00 7473 7461 6369 5f20 4c47 4249 5843 5f58
000ef10 5355 5f45 4f43 534e 4554 5058 2052 6e69
000ef20 2074 696d 5f6e 7865 6f70 656e 746e 3d20
000ef30 3020 203b 7473 7461 6369 5f20 4c47 4249
000ef40 5843 5f58 5355 5f45 4f43 534e 4554 5058
000ef50 2052 6e69 2074 696d 5f6e 7865 6f70 656e
000ef60 746e 3031 3d20 3020 203b 7473 7461 6369
000ef70 5f20 4c47 4249 5843 5f58 5355 5f45 4f43
000ef80 534e 4554 5058 2052 6e69 2074 616d 5f78
000ef90 7865 6f70 656e 746e 3d20 3020 203b 7473
000efa0 7461 6369 5f20 4c47 4249 5843 5f58 5355
000efb0 5f45 4f43 534e 4554 5058 2052 6e69 2074
000efc0 616d 5f78 7865 6f70 656e 746e 3031 3d20
000efd0 3020 203b 7473 7461 6369 5f20 4c47 4249
000efe0 5843 5f58 5355 5f45 4f43 534e 4554 5058
000eff0 2052 6f62 6c6f 6820 7361 695f 666e 6e69
000f000 7469 2079 203d 6166 736c 3b65 7320 6174
000f010 6974 2063 475f 494c 4342 5858 555f 4553
000f020 435f 4e4f 5453 5845 5250 6220 6f6f 206c
000f030 6168 5f73 7571 6569 5f74 614e 204e 203d
000f040 6166 736c 3b65 7320 6174 6974 2063 475f
000f050 494c 4342 5858 555f 4553 435f 4e4f 5453
000f060 5845 5250 6220 6f6f 206c 6168 5f73 6973
000f070 6e67 6c61 6e69 5f67 614e 204e 203d 6166
000f080 736c 3b65 7320 6174 6974 2063 475f 494c
000f090 4342 5858 555f 4553 435f 4e4f 5453 5845
000f0a0 5250 6620 6f6c 7461 645f 6e65 726f 5f6d
000f0b0 7473 6c79 2065 6168 5f73 6564 6f6e 6d72
000f0c0 3d20 6420 6e65 726f 5f6d 6261 6573 746e
000f0d0 203b 7473 7461 6369 5f20 4c47 4249 5843
000f0e0 5f58 5355 5f45 4f43 534e 4554 5058 2052
000f0f0 6f62 6c6f 6820 7361 645f 6e65 726f 5f6d
000f100 6f6c 7373 3d20 6620 6c61 6573 203b 7473
000f110 7461 6369 5f20 4c47 4249 5843 5f58 4f43
000f120 534e 4554 5058 2052 5954 4550 6920 666e
000f130 6e69 7469 2879 2029 475f 494c 4342 5858
000f140 555f 4553 4e5f 454f 4358 5045 2054 207b
000f150 6572 7574 6e72 7320 6174 6974 5f63 6163
000f160 7473 543c 5059 3e45 3028 3b29 7d20 7320
000f170 6174 6974 2063 475f 494c 4342 5858 435f
000f180 4e4f 5453 5845 5250 5420 5059 2045 7571
000f190 6569 5f74 614e 284e 2029 475f 494c 4342
000f1a0 5858 555f 4553 4e5f 454f 4358 5045 2054
000f1b0 207b 6572 7574 6e72 7320 6174 6974 5f63
000f1c0 6163 7473 543c 5059 3e45 3028 3b29 7d20
000f1d0 7320 6174 6974 2063 475f 494c 4342 5858
000f1e0 435f 4e4f 5453 5845 5250 5420 5059 2045
000f1f0 6973 6e67 6c61 6e69 5f67 614e 284e 2029
000f200 475f 494c 4342 5858 555f 4553 4e5f 454f
000f210 4358 5045 2054 207b 6572 7574 6e72 7320
000f220 6174 6974 5f63 6163 7473 543c 5059 3e45
000f230 3028 3b29 7d20 7320 6174 6974 2063 475f
000f240 494c 4342 5858 435f 4e4f 5453 5845 5250
000f250 5420 5059 2045 6564 6f6e 6d72 6d5f 6e69
000f260 2928 5f20 4c47 4249 5843 5f58 5355 5f45
000f270 4f4e 5845 4543 5450 7b20 7220 7465 7275
000f280 206e 7473 7461 6369 635f 7361 3c74 5954
000f290 4550 283e 2930 203b 207d 7473 7461 6369
000f2a0 5f20 4c47 4249 5843 5f58 5355 5f45 4f43
000f2b0 534e 4554 5058 2052 6f62 6c6f 6920 5f73
000f2c0 6569 3563 3935 3d20 6620 6c61 6573 203b
000f2d0 7473 7461 6369 5f20 4c47 4249 5843 5f58
000f2e0 5355 5f45 4f43 534e 4554 5058 2052 6f62
000f2f0 6c6f 6920 5f73 6f62 6e75 6564 2064 203d
000f300 7274 6575 203b 7473 7461 6369 5f20 4c47
000f310 4249 5843 5f58 5355 5f45 4f43 534e 4554
000f320 5058 2052 6f62 6c6f 6920 5f73 6f6d 7564
000f330 6f6c 3d20 6620 6c61 6573 203b 7473 7461
000f340 6369 5f20 4c47 4249 5843 5f58 5355 5f45
000f350 4f43 534e 4554 5058 2052 6f62 6c6f 7420
000f360 6172 7370 3d20 5f20 675f 696c 6362 7878
000f370 695f 746e 6765 6172 5f6c 7274 7061 3b73
000f380 7320 6174 6974 2063 475f 494c 4342 5858
000f390 555f 4553 435f 4e4f 5453 5845 5250 6220
000f3a0 6f6f 206c 6974 796e 656e 7373 625f 6665
000f3b0 726f 2065 203d 6166 736c 3b65 7320 6174
000f3c0 6974 2063 475f 494c 4342 5858 555f 4553
000f3d0 435f 4e4f 5453 5845 5250 6620 6f6c 7461
000f3e0 725f 756f 646e 735f 7974 656c 7220 756f
000f3f0 646e 735f 7974 656c 3d20 7220 756f 646e
000f400 745f 776f 7261 5f64 657a 6f72 203b 3b7d
000f410 7420 6d65 6c70 7461 3c65 203e 7473 7572
000f420 7463 6e20 6d75 7265 6369 6c5f 6d69 7469
000f430 3c73 6e75 6973 6e67 6465 5420 5059 3e45
000f440 7b20 7320 6174 6974 2063 475f 494c 4342
000f450 5858 555f 4553 435f 4e4f 5453 5845 5250
000f460 6220 6f6f 206c 7369 735f 6570 6963 6c61
000f470 7a69 6465 3d20 7420 7572 3b65 7320 6174
000f480 6974 2063 475f 494c 4342 5858 435f 4e4f
000f490 5453 5845 5250 7520 736e 6769 656e 2064
000f4a0 5954 4550 6d20 6e69 2928 5f20 4c47 4249
000f4b0 5843 5f58 5355 5f45 4f4e 5845 4543 5450
000f4c0 7b20 7220 7465 7275 206e 3b30 7d20 7320
000f4d0 6174 6974 2063 475f 494c 4342 5858 435f
000f4e0 4e4f 5453 5845 5250 7520 736e 6769 656e
000f4f0 2064 5954 4550 6d20 7861 2928 5f20 4c47
000f500 4249 5843 5f58 5355 5f45 4f4e 5845 4543
000f510 5450 7b20 7220 7465 7275 206e 5f5f 6c67
000f520 6269 7863 5f78 616d 5f78 2062 7528 736e
000f530 6769 656e 2064 5954 4550 202c 4942 5354
000f540 5a49 2945 203b 207d 4555 5458 7320 6174
000f550 6974 2063 475f 494c 4342 5858 555f 4553
000f560 435f 4e4f 5453 5845 5250 6920 746e 6420
000f570 6769 7469 2073 203d 4942 5354 5a49 3b45
000f580 7320 6174 6974 2063 475f 494c 4342 5858
000f590 555f 4553 435f 4e4f 5453 5845 5250 6920
000f5a0 746e 6420 6769 7469 3173 2030 203d 4942
000f5b0 5354 5a49 2045 202a 3436 4c33 2f20 3220
000f5c0 3331 3b36 7320 6174 6974 2063 475f 494c
000f5d0 4342 5858 555f 4553 435f 4e4f 5453 5845
000f5e0 5250 6220 6f6f 206c 7369 735f 6769 656e
000f5f0 2064 203d 6166 736c 3b65 7320 6174 6974
000f600 2063 475f 494c 4342 5858 555f 4553 435f
000f610 4e4f 5453 5845 5250 6220 6f6f 206c 7369
000f620 695f 746e 6765 7265 3d20 7420 7572 3b65
000f630 7320 6174 6974 2063 475f 494c 4342 5858
000f640 555f 4553 435f 4e4f 5453 5845 5250 6220
000f650 6f6f 206c 7369 655f 6178 7463 3d20 7420
000f660 7572 3b65 7320 6174 6974 2063 475f 494c
000f670 4342 5858 555f 4553 435f 4e4f 5453 5845
000f680 5250 6920 746e 7220 6461 7869 3d20 3220
000f690 203b 7473 7461 6369 5f20 4c47 4249 5843
000f6a0 5f58 4f43 534e 4554 5058 2052 6e75 6973
000f6b0 6e67 6465 5420 5059 2045 7065 6973 6f6c
000f6c0 286e 2029 475f 494c 4342 5858 555f 4553
000f6d0 4e5f 454f 4358 5045 2054 207b 6572 7574
000f6e0 6e72 3020 203b 207d 7473 7461 6369 5f20
000f6f0 4c47 4249 5843 5f58 4f43 534e 4554 5058
000f700 2052 6e75 6973 6e67 6465 5420 5059 2045
000f710 6f72 6e75 5f64 7265 6f72 2872 2029 475f
000f720 494c 4342 5858 555f 4553 4e5f 454f 4358
000f730 5045 2054 207b 6572 7574 6e72 3020 203b
000f740 207d 7473 7461 6369 5f20 4c47 4249 5843
000f750 5f58 5355 5f45 4f43 534e 4554 5058 2052
000f760 6e69 2074 696d 5f6e 7865 6f70 656e 746e
000f770 3d20 3020 203b 7473 7461 6369 5f20 4c47
000f780 4249 5843 5f58 5355 5f45 4f43 534e 4554
000f790 5058 2052 6e69 2074 696d 5f6e 7865 6f70
000f7a0 656e 746e 3031 3d20 3020 203b 7473 7461
000f7b0 6369 5f20 4c47 4249 5843 5f58 5355 5f45
000f7c0 4f43 534e 4554 5058 2052 6e69 2074 616d
000f7d0 5f78 7865 6f70 656e 746e 3d20 3020 203b
000f7e0 7473 7461 6369 5f20 4c47 4249 5843 5f58
000f7f0 5355 5f45 4f43 534e 4554 5058 2052 6e69
000f800 2074 616d 5f78 7865 6f70 656e 746e 3031
000f810 3d20 3020 203b 7473 7461 6369 5f20 4c47
000f820 4249 5843 5f58 5355 5f45 4f43 534e 4554
000f830 5058 2052 6f62 6c6f 6820 7361 695f 666e
000f840 6e69 7469 2079 203d 6166 736c 3b65 7320
000f850 6174 6974 2063 475f 494c 4342 5858 555f
000f860 4553 435f 4e4f 5453 5845 5250 6220 6f6f
000f870 206c 6168 5f73 7571 6569 5f74 614e 204e
000f880 203d 6166 736c 3b65 7320 6174 6974 2063
000f890 475f 494c 4342 5858 555f 4553 435f 4e4f
000f8a0 5453 5845 5250 6220 6f6f 206c 6168 5f73
000f8b0 6973 6e67 6c61 6e69 5f67 614e 204e 203d
000f8c0 6166 736c 3b65 7320 6174 6974 2063 475f
000f8d0 494c 4342 5858 555f 4553 435f 4e4f 5453
000f8e0 5845 5250 6620 6f6c 7461 645f 6e65 726f
000f8f0 5f6d 7473 6c79 2065 6168 5f73 6564 6f6e
000f900 6d72 3d20 6420 6e65 726f 5f6d 6261 6573
000f910 746e 203b 7473 7461 6369 5f20 4c47 4249
000f920 5843 5f58 5355 5f45 4f43 534e 4554 5058
000f930 2052 6f62 6c6f 6820 7361 645f 6e65 726f
000f940 5f6d 6f6c 7373 3d20 6620 6c61 6573 203b
000f950 7473 7461 6369 5f20 4c47 4249 5843 5f58
000f960 4f43 534e 4554 5058 2052 6e75 6973 6e67
000f970 6465 5420 5059 2045 6e69 6966 696e 7974
000f980 2928 5f20 4c47 4249 5843 5f58 5355 5f45
000f990 4f4e 5845 4543 5450 7b20 7220 7465 7275
000f9a0 206e 7473 7461 6369 635f 7361 3c74 6e75
000f9b0 6973 6e67 6465 5420 5059 3e45 3028 3b29
000f9c0 7d20 7320 6174 6974 2063 475f 494c 4342
000f9d0 5858 435f 4e4f 5453 5845 5250 7520 736e
000f9e0 6769 656e 2064 5954 4550 7120 6975 7465
000f9f0 4e5f 4e61 2928 5f20 4c47 4249 5843 5f58
000fa00 5355 5f45 4f4e 5845 4543 5450 7b20 7220
000fa10 7465 7275 206e 7473 7461 6369 635f 7361
000fa20 3c74 6e75 6973 6e67 6465 5420 5059 3e45
000fa30 3028 3b29 7d20 7320 6174 6974 2063 475f
000fa40 494c 4342 5858 435f 4e4f 5453 5845 5250
000fa50 7520 736e 6769 656e 2064 5954 4550 7320
000fa60 6769 616e 696c 676e 4e5f 4e61 2928 5f20
000fa70 4c47 4249 5843 5f58 5355 5f45 4f4e 5845
000fa80 4543 5450 7b20 7220 7465 7275 206e 7473
000fa90 7461 6369 635f 7361 3c74 6e75 6973 6e67
000faa0 6465 5420 5059 3e45 3028 3b29 7d20 7320
000fab0 6174 6974 2063 475f 494c 4342 5858 435f
000fac0 4e4f 5453 5845 5250 7520 736e 6769 656e
000fad0 2064 5954 4550 6420 6e65 726f 5f6d 696d
000fae0 286e 2029 475f 494c 4342 5858 555f 4553
000faf0 4e5f 454f 4358 5045 2054 207b 6572 7574
000fb00 6e72 7320 6174 6974 5f63 6163 7473 753c
000fb10 736e 6769 656e 2064 5954 4550 283e 2930
000fb20 203b 207d 7473 7461 6369 5f20 4c47 4249
000fb30 5843 5f58 5355 5f45 4f43 534e 4554 5058
000fb40 2052 6f62 6c6f 6920 5f73 6569 3563 3935
000fb50 3d20 6620 6c61 6573 203b 7473 7461 6369
000fb60 5f20 4c47 4249 5843 5f58 5355 5f45 4f43
000fb70 534e 4554 5058 2052 6f62 6c6f 6920 5f73
000fb80 6f62 6e75 6564 2064 203d 7274 6575 203b
000fb90 7473 7461 6369 5f20 4c47 4249 5843 5f58
000fba0 5355 5f45 4f43 534e 4554 5058 2052 6f62
000fbb0 6c6f 6920 5f73 6f6d 7564 6f6c 3d20 7420
000fbc0 7572 3b65 7320 6174 6974 2063 475f 494c
000fbd0 4342 5858 555f 4553 435f 4e4f 5453 5845
000fbe0 5250 6220 6f6f 206c 7274 7061 2073 203d
000fbf0 5f5f 6c67 6269 7863 5f78 6e69 6574 7267
000fc00 6c61 745f 6172 7370 203b 7473 7461 6369
000fc10 5f20 4c47 4249 5843 5f58 5355 5f45 4f43
000fc20 534e 4554 5058 2052 6f62 6c6f 7420 6e69
000fc30 6e79 7365 5f73 6562 6f66 6572 3d20 6620
000fc40 6c61 6573 203b 7473 7461 6369 5f20 4c47
000fc50 4249 5843 5f58 5355 5f45 4f43 534e 4554
000fc60 5058 2052 6c66 616f 5f74 6f72 6e75 5f64
000fc70 7473 6c79 2065 6f72 6e75 5f64 7473 6c79
000fc80 2065 203d 6f72 6e75 5f64 6f74 6177 6472
000fc90 7a5f 7265 3b6f 7d20 003b 5f5f 524e 735f
000fca0 6d65 6567 2074 3436 5f00 4e5a 534b 3674
000fcb0 6576 7463 726f 4e49 7453 5f37 635f 7878
000fcc0 3131 3231 6162 6973 5f63 7473 6972 676e
000fcd0 6349 7453 3131 6863 7261 745f 6172 7469
000fce0 4973 4563 6153 6349 4545 5345 4961 3553
000fcf0 455f 3445 6973 657a 7645 5f00 675f 696c
000fd00 6362 7878 725f 7165 6975 6572 5f73 6f6e
000fd10 656e 706d 7974 2928 0020 6863 7261 745f
000fd20 6172 7469 3c73 6863 7261 003e 475f 494c
000fd30 4342 5858 485f 5341 425f 4955 544c 4e49
000fd40 4228 2029 5f5f 6168 5f73 7562 6c69 6974
000fd50 286e 2942 5500 4e49 3854 575f 4449 4854
000fd60 3820 5f00 4f50 4953 3258 425f 5f43 4944
000fd70 5f4d 414d 2058 3032 3834 5f00 4e5a 7453
000fd80 5f37 635f 7878 3131 3231 6162 6973 5f63
000fd90 7473 6972 676e 6349 7453 3131 6863 7261
000fda0 745f 6172 7469 4973 4563 6153 6349 4545
000fdb0 6136 7373 6769 456e 4b52 3453 6d5f 006d
000fdc0 5a5f 534e 3774 5f5f 7863 3178 3131 6232
000fdd0 7361 6369 735f 7274 6e69 4967 5363 3174
000fde0 6331 6168 5f72 7274 6961 7374 6349 5345
000fdf0 4961 4563 3745 6572 6c70 6361 4565 6d6d
000fe00 4b52 3453 6d5f 006d 5f5f 524e 645f 6c65
000fe10 7465 5f65 6f6d 7564 656c 3120 3637 4c00
000fe20 4d49 4e49 4c41 4c5f 4249 465f 5f53 4150
000fe30 4854 485f 5050 205f 5f00 4e5a 7453 7636
000fe40 6365 6f74 4972 5363 4961 4563 3545 7266
000fe50 6e6f 4574 0076 4445 4145 4c44 204b 3533
000fe60 6200 7361 6369 735f 7274 6e69 5f67 6976
000fe70 7765 6300 6e6f 7473 705f 696f 746e 7265
000fe80 5f00 475f 5858 455f 5058 5245 4d49 4e45
000fe90 4154 5f4c 5843 3058 5f58 205f 0031 5f5f
000fea0 7063 5f70 696c 5f62 6572 7573 746c 6f5f
000feb0 5f66 6673 6e69 6561 3220 3130 3132 0030
000fec0 4e45 5445 4552 4553 2054 3031 0032 4441
000fed0 5f4a 4553 4f54 4646 4553 2054 7830 3130
000fee0 3030 4500 4650 4f4e 5553 5050 524f 2054
000fef0 3639 5f00 675f 696c 6362 7878 665f 6f6c
000ff00 7461 685f 7361 645f 6e65 726f 5f6d 6f6c
000ff10 7373 4d00 444f 4d5f 5841 5245 4f52 2052
000ff20 4441 5f4a 414d 4558 5252 524f 5f00 675f
000ff30 696c 6362 6f5f 6a62 6973 657a 2830 5f5f
000ff40 296f 5f20 625f 736f 2030 5f28 6f5f 0029
000ff50 5f5f 6f63 6b6f 6569 695f 5f6f 7566 636e
000ff60 6974 6e6f 5f73 5f74 6564 6966 656e 2064
000ff70 0031 4c4c 4e4f 5f47 494d 204e 2d28 4c4c
000ff80 4e4f 5f47 414d 2d58 2931 5300 495f 4246
000ff90 4b4c 5f20 535f 495f 4246 4b4c 7400 5f6d
000ffa0 6477 7961 4100 4a44 545f 4941 3020 3078
000ffb0 3830 0030 5f5f 524e 735f 6d68 7461 3320
000ffc0 0030 5f5f 524e 6d5f 5f71 6974 656d 7264
000ffd0 6365 6965 6576 3220 3334 5500 4e49 4d54
000ffe0 5841 575f 4449 4854 3620 0034 505f 534f
000fff0 5849 5f32 5845 5250 4e5f 5345 5f54 414d
0010000 2058 3233 5300 5359 6e5f 7765 7366 6174
0010010 6174 2074 5f5f 524e 6e5f 7765 7366 6174
0010020 6174 0074 6e69 5f74 5f6e 6573 5f70 7962
0010030 735f 6170 6563 5f00 655f 7272 726f 6564
0010040 6c63 6e28 6d61 2c65 736d 2967 6520 7478
0010050 7265 206e 6f76 6469 6e20 6d61 2065 7628
0010060 696f 2964 5f20 615f 7474 6972 7562 6574
0010070 5f5f 2828 5f5f 7265 6f72 5f72 205f 6d28
0010080 6773 2929 0029 5453 4f44 5455 465f 4c49
0010090 4e45 204f 0031 5f5f 4953 5f47 5441 4d4f
00100a0 4349 4d5f 5841 5f5f 3020 3778 6666 6666
00100b0 6666 0066 6570 7272 726f 5300 5359 675f
00100c0 7465 745f 7268 6165 5f64 7261 6165 5f20
00100d0 4e5f 5f52 6567 5f74 6874 6572 6461 615f
00100e0 6572 0061 535f 5f43 4843 5241 4d5f 5841
00100f0 5f20 4353 435f 4148 5f52 414d 0058 4d5f
0010100 645f 7369 6f70 6573 5f00 4353 425f 5f43
0010110 4944 5f4d 414d 2058 535f 5f43 4342 445f
0010120 4d49 4d5f 5841 5f00 445f 4345 3231 5f38
0010130 414d 5f58 205f 2e39 3939 3939 3939 3939
0010140 3939 3939 3939 3939 3939 3939 3939 3939
0010150 3939 3939 3939 3939 4539 3136 3434 4c44
0010160 5f00 4e5a 5f39 675f 756e 635f 7878 3431
0010170 5f5f 6c61 6f6c 5f63 7274 6961 7374 5349
0010180 4961 534e 3774 5f5f 7863 3178 3131 6232
0010190 7361 6369 735f 7274 6e69 4967 5363 3174
00101a0 6331 6168 5f72 7274 6961 7374 6349 5345
00101b0 4961 4563 4545 5345 5f36 3145 5f35 5f53
00101c0 6f6e 6874 6f72 5f77 6f6d 6576 7645 5f00
00101d0 4350 505f 4952 5f4f 4f49 5f20 4350 505f
00101e0 4952 5f4f 4f49 5300 5359 655f 6f70 6c6c
00101f0 635f 6572 7461 2065 5f5f 524e 655f 6f70
0010200 6c6c 635f 6572 7461 0065 475f 494c 4342
0010210 5858 485f 5641 5f45 4f4c 4c47 3120 5f00
0010220 615f 7474 6972 7562 6574 755f 6573 5f64
0010230 205f 5f5f 7461 7274 6269 7475 5f65 205f
0010240 2828 5f5f 7375 6465 5f5f 2929 5f00 465f
0010250 544c 445f 4749 5f5f 3620 5f00 5f4d 7361
0010260 6973 6e67 5f00 4e5a 7453 6938 736f 625f
0010270 7361 3465 6e49 7469 3444 7645 6f00 6570
0010280 6172 6f74 2a72 6f00 6570 6172 6f74 2b72
0010290 5f00 5342 5f44 5450 4452 4649 5f46 5f54
00102a0 0020 706f 7265 7461 726f 002d 706f 7265
00102b0 7461 726f 003d 5953 5f53 7473 7461 5f20
00102c0 4e5f 5f52 7473 7461 5f00 5349 434f 3539
00102d0 535f 554f 4352 0045 5a5f 534e 3674 6576
00102e0 7463 726f 6349 6153 6349 4545 3443 4f45
00102f0 3153 525f 534b 5f30 5f00 4e5a 394b 5f5f
0010300 6e67 5f75 7863 3178 5f37 6e5f 726f 616d
0010310 5f6c 7469 7265 7461 726f 5049 634b 534e
0010320 3774 5f5f 7863 3178 3131 6232 7361 6369
0010330 735f 7274 6e69 4967 5363 3174 6331 6168
0010340 5f72 7274 6961 7374 6349 5345 4961 4563
0010350 4545 3445 6162 6573 7645 5f00 4e5f 5f52
0010360 7865 7469 675f 6f72 7075 3220 3133 5f00
0010370 4c5f 4e4f 5f47 4f4c 474e 505f 4941 2852
0010380 4948 4c2c 294f 4c20 2c4f 4820 0049 4f5f
0010390 5453 4552 4d41 545f 4343 3120 5000 5254
00103a0 4944 4646 4d5f 5841 2820 3239 3332 3733
00103b0 3032 3633 3538 3734 3537 3038 4c37 0029
00103c0 4f4c 474e 4c5f 4e4f 5f47 414d 2058 5f5f
00103d0 4f4c 474e 4c5f 4e4f 5f47 414d 5f58 005f
00103e0 5f5f 7063 5f70 696c 5f62 7461 6d6f 6369
00103f0 775f 6961 2074 3032 3931 3730 004c 535f
0010400 5359 535f 5a49 5f45 5f54 2048 5f00 4c47
0010410 4249 5843 5f58 4152 474e 5345 425f 5341
0010420 5f45 2048 0031 5f5f 3653 5f34 5954 4550
0010430 6c20 6e6f 2067 6e69 0074 545f 6172 7469
0010440 0073 5f5f 524e 675f 7465 6770 7072 3120
0010450 3131 5f00 4c47 4249 5843 5f58 4148 4556
0010460 455f 444e 4149 5f4e 2048 0031 585f 504f
0010470 4e45 535f 554f 4352 5f45 5845 4554 444e
0010480 4445 3120 5300 495f 4353 5248 6d28 646f
0010490 2965 5f20 535f 495f 5453 5059 2845 6d28
00104a0 646f 2965 202c 5f5f 5f53 4649 4843 2952
00104b0 6800 6f74 656c 3631 7828 2029 5f5f 6975
00104c0 746e 3631 695f 6564 746e 7469 2079 7828
00104d0 0029 5450 5248 4145 5f44 554d 4554 5f58
00104e0 4e49 5449 4149 494c 455a 2052 207b 207b
00104f0 5f5f 5450 5248 4145 5f44 554d 4554 5f58
0010500 4e49 5449 4149 494c 455a 2052 5028 4854
0010510 4552 4441 4d5f 5455 5845 545f 4d49 4445
0010520 4e5f 2950 7d20 7d20 5f00 4350 4d5f 5841
0010530 435f 4e41 4e4f 5f20 4350 4d5f 5841 435f
0010540 4e41 4e4f 5f00 4c47 4249 5843 5f58 4148
0010550 4556 415f 5052 5f41 4e49 5445 485f 3120
0010560 7700 7363 6f74 6c75 006c 5a5f 534e 3674
0010570 6576 7463 726f 6349 6153 6349 4545 3443
0010580 6d45 4b52 3053 005f 5953 5f53 6567 7274
0010590 7365 6967 2064 5f5f 524e 675f 7465 6572
00105a0 6773 6469 4200 4f4f 5f4c 414d 2058 0031
00105b0 4345 4e4f 414e 4f42 5452 4445 3120 3330
00105c0 5f00 4e5a 5f36 705f 7473 396c 7865 6365
00105d0 7475 6f69 326e 3176 3631 6573 7571 6e65
00105e0 6563 5f64 6f70 696c 7963 3931 5f5f 6c61
00105f0 6f6c 5f77 6e75 6573 7571 6e65 6563 4564
0010600 0076 535f 5f43 4955 544e 4d5f 5841 5f20
0010610 4353 555f 4e49 5f54 414d 0058 475f 494c
0010620 4342 5858 555f 4553 435f 3939 495f 544e
0010630 5954 4550 5f53 4357 4148 5f52 5f54 5254
0010640 2031 0031 5953 5f53 6572 6461 2076 5f5f
0010650 524e 725f 6165 7664 5f00 755f 6e69 5f74
0010660 656c 7361 3174 5f36 0074 5953 5f53 6366
0010670 6468 7269 5f20 4e5f 5f52 6366 6468 7269
0010680 5f00 535f 495f 5553 4449 3020 3034 3030
0010690 5f00 4c47 4249 5843 5f58 4148 4556 535f
00106a0 5254 4658 4d52 4c5f 3120 5300 5359 635f
00106b0 6f6c 6b63 675f 7465 6974 656d 5f20 4e5f
00106c0 5f52 6c63 636f 5f6b 6567 7474 6d69 0065
00106d0 4c5f 434f 4c41 5f45 4146 4543 5354 545f
00106e0 4343 3120 5f00 575f 4649 4953 4e47 4c41
00106f0 4445 7328 6174 7574 2973 2820 2828 6973
0010700 6e67 6465 6320 6168 2972 2820 2828 7473
0010710 7461 7375 2029 2026 7830 6637 2029 202b
0010720 2931 3e20 203e 2931 3e20 3020 0029 5953
0010730 5f53 7263 6165 6574 6d5f 646f 6c75 2065
0010740 5f5f 524e 635f 6572 7461 5f65 6f6d 7564
0010750 656c 5f00 4e5f 5f52 7065 6c6f 5f6c 7463
0010760 206c 3332 0033 5f5f 7063 5f70 696c 5f62
0010770 7369 6e5f 6c75 5f6c 6f70 6e69 6574 2072
0010780 3032 3331 3930 6500 7272 6f6e 2820 5f2a
0010790 655f 7272 6f6e 6c5f 636f 7461 6f69 206e
00107a0 2928 0029 535f 4c54 505f 4941 5f52 2048
00107b0 0031 585f 504f 4e45 535f 554f 4352 0045
00107c0 475f 494c 4342 5858 4d5f 4d45 465f 5f4e
00107d0 5254 4941 5354 5f28 4552 2c46 4c5f 4156
00107e0 2c4c 525f 4156 294c 5f20 4c47 4249 5843
00107f0 5f58 454d 5f4d 4e46 545f 4152 5449 3253
0010800 2028 202c 525f 4645 202c 4c5f 4156 2c4c
0010810 5f20 5652 4c41 2029 475f 494c 4342 5858
0010820 4d5f 4d45 465f 5f4e 5254 4941 5354 2832
0010830 6f63 736e 2074 202c 525f 4645 202c 4c5f
0010840 4156 2c4c 5f20 5652 4c41 2029 475f 494c
0010850 4342 5858 4d5f 4d45 465f 5f4e 5254 4941
0010860 5354 2832 6f76 616c 6974 656c 2c20 5f20
0010870 4552 2c46 5f20 564c 4c41 202c 525f 4156
0010880 294c 5f20 4c47 4249 5843 5f58 454d 5f4d
0010890 4e46 545f 4152 5449 3253 6328 6e6f 7473
00108a0 7620 6c6f 7461 6c69 2c65 5f20 4552 2c46
00108b0 5f20 564c 4c41 202c 525f 4156 294c 5f00
00108c0 494c 554e 5f58 5954 4550 5f53 2048 5300
00108d0 5359 735f 6e65 6d64 736d 2067 5f5f 524e
00108e0 735f 6e65 6d64 736d 0067 4955 544e 465f
00108f0 5341 3854 4d5f 5841 2820 3532 2935 5f00
0010900 5f4d 756d 6174 6574 5f00 495f 544e 465f
0010910 5341 3654 5f34 4957 5444 5f48 205f 3436
0010920 5500 4c4c 4e4f 5f47 4957 5444 2048 3436
0010930 4500 584e 4f49 3620 5300 5359 765f 6f66
0010940 6b72 5f20 4e5f 5f52 6676 726f 006b 495f
0010950 4554 4152 4f54 5f52 4f43 434e 5045 5354
0010960 485f 3120 5f00 635f 7070 695f 686e 7265
0010970 7469 6e69 5f67 6f63 736e 7274 6375 6f74
0010980 7372 3220 3130 3135 4c31 5f00 4c47 4249
0010990 5843 5f58 554e 5f4d 4143 4554 4f47 4952
00109a0 5345 3620 5f00 7453 7461 4965 5464 5f00
00109b0 645f 6461 7264 745f 645f 6665 6e69 6465
00109c0 0020 5343 4749 414e 204c 7830 3030 3030
00109d0 3030 6666 5f00 5f53 7461 6d6f 6369 5f00
00109e0 475f 554e 5f43 4150 4354 4c48 5645 4c45
00109f0 5f5f 3020 5f00 4e5a 7453 3631 6c61 6f6c
0010a00 6163 6f74 5f72 7274 6961 7374 5349 4961
0010a10 4563 3345 7337 6c65 6365 5f74 6e6f 635f
0010a20 6e6f 6174 6e69 7265 635f 706f 5f79 6f63
0010a30 736e 7274 6375 6974 6e6f 5245 534b 5f30
0010a40 5f00 615f 7474 6972 7562 6574 615f 6c6c
0010a50 636f 735f 7a69 5f65 285f 6170 6172 736d
0010a60 2029 5f5f 7461 7274 6269 7475 5f65 205f
0010a70 2828 5f5f 6c61 6f6c 5f63 6973 657a 5f5f
0010a80 7020 7261 6d61 2973 0029 626d 7473 776f
0010a90 7363 5f00 5954 4550 4e49 4f46 0020 4d5f
0010aa0 635f 6e6f 7473 7572 7463 615f 7875 325f
0010ab0 5f00 765f 7261 6169 746e 5f00 6e5f 6565
0010ac0 5f64 6377 6168 5f72 0074 5f5f 524e 695f
0010ad0 6f6e 6974 7966 695f 696e 2074 3532 0033
0010ae0 475f 494c 4342 5858 555f 4553 435f 5858
0010af0 3131 415f 4942 3120 5f00 755f 646e 6665
0010b00 415f 4752 4d5f 5841 5f00 665f 726f 6974
0010b10 6966 6465 615f 7474 5f72 6361 6563 7373
0010b20 6128 6f2c 732c 2029 5f5f 7461 7274 615f
0010b30 6363 7365 2073 2828 2c61 6f20 202c 2973
0010b40 0029 535f 5f43 4843 4c49 5f44 414d 2058
0010b50 535f 5f43 4843 4c49 5f44 414d 0058 5f5f
0010b60 5355 5f45 4f46 5452 4649 5f59 454c 4556
0010b70 004c 585f 5342 5f35 504c 3436 4f5f 4646
0010b80 3436 3120 5f00 4e5a 7453 7636 6365 6f74
0010b90 4972 5363 4961 4563 3145 5f39 5f53 6f6e
0010ba0 6874 6f72 5f77 6572 6f6c 6163 6574 5345
0010bb0 3174 6937 746e 6765 6172 5f6c 6f63 736e
0010bc0 6174 746e 6249 624c 4531 0045 5f5f 4c46
0010bd0 3654 5f34 4944 5f47 205f 3531 5f00 535f
0010be0 495f 4946 4f46 3020 3130 3030 3030 7600
0010bf0 6373 6e61 0066 5f5f 5447 5248 4145 5f44
0010c00 4e4f 4543 495f 494e 2054 5450 5248 4145
0010c10 5f44 4e4f 4543 495f 494e 0054 6d74 6670
0010c20 6c69 0065 5f5f 7461 7274 6269 7475 5f65
0010c30 6564 7270 6365 7461 6465 5f5f 5f20 615f
0010c40 7474 6972 7562 6574 5f5f 2820 5f28 645f
0010c50 7065 6572 6163 6574 5f64 295f 0029 5a5f
0010c60 534e 3174 6136 6c6c 636f 7461 726f 745f
0010c70 6172 7469 4973 6153 4e49 7453 5f37 635f
0010c80 7878 3131 3231 6162 6973 5f63 7473 6972
0010c90 676e 6349 7453 3131 6863 7261 745f 6172
0010ca0 7469 4973 4563 6153 6349 4545 4545 3345
0010cb0 7337 6c65 6365 5f74 6e6f 635f 6e6f 6174
0010cc0 6e69 7265 635f 706f 5f79 6f63 736e 7274
0010cd0 6375 6974 6e6f 5245 534b 5f36 6f00 6576
0010ce0 6672 6f6c 5f77 7261 5f67 7261 6165 5f00
0010cf0 4c47 4249 5843 5f58 5341 4e41 415f 4e4e
0010d00 544f 5441 5f45 5247 5745 5f00 5350 4c54
0010d10 415f 474c 524f 5449 4d48 465f 524f 4157
0010d20 4452 445f 4345 414c 4552 2044 0031 5f5f
0010d30 524e 705f 7277 7469 7665 3220 3639 5f00
0010d40 4c47 4249 5843 3158 5f37 4e49 494c 454e
0010d50 6920 6c6e 6e69 0065 535f 5f43 4f58 4550
0010d60 5f4e 4853 204d 535f 5f43 4f58 4550 5f4e
0010d70 4853 004d 5453 5f41 5246 5145 4f48 444c
0010d80 3020 3078 3830 0030 5f5f 4c46 3654 5834
0010d90 445f 4345 4d49 4c41 445f 4749 5f5f 3220
0010da0 0031 5f5f 7063 5f70 736e 6d64 2069 3032
0010db0 3830 3930 004c 5f5f 524e 745f 6b67 6c69
0010dc0 206c 3332 0034 5953 5f53 6f6d 6964 7966
0010dd0 6c5f 7464 5f20 4e5f 5f52 6f6d 6964 7966
0010de0 6c5f 7464 7000 7475 6377 6168 0072 5f5f
0010df0 5453 5f44 5954 4550 5f00 414c 4752 4645
0010e00 4c49 5f45 4f53 5255 4543 3120 5f00 535f
0010e10 5f43 4854 4552 4441 535f 4154 4b43 4d5f
0010e20 4e49 565f 4c41 4555 3720 0035 4e45 4c4f
0010e30 4e49 204b 3736 6100 6c6c 636f 7461 726f
0010e40 745f 7079 0065 535f 655f 7272 726f 635f
0010e50 6d6f 6c70 7865 7469 0079 5f5f 524e 775f
0010e60 6961 6974 2064 3432 0037 475f 494c 4342
0010e70 5858 485f 5641 5f45 494c 554e 5f58 5546
0010e80 4554 2058 0031 6377 7974 6570 745f 5f00
0010e90 6a5f 706d 625f 6675 745f 6761 645f 6665
0010ea0 6e69 6465 3120 5f00 4e5a 394b 5f5f 6e67
0010eb0 5f75 7863 3178 5f37 6e5f 726f 616d 5f6c
0010ec0 7469 7265 7461 726f 5049 4e63 7453 5f37
0010ed0 635f 7878 3131 3231 6162 6973 5f63 7473
0010ee0 6972 676e 6349 7453 3131 6863 7261 745f
0010ef0 6172 7469 4973 4563 6153 6349 4545 4545
0010f00 6564 7645 5f00 535f 4553 5f32 205f 0031
0010f10 5953 5f53 6e69 746f 6669 5f79 6e69 7469
0010f20 2031 5f5f 524e 695f 6f6e 6974 7966 695f
0010f30 696e 3174 5300 5359 6c5f 6e69 206b 5f5f
0010f40 524e 6c5f 6e69 006b 535f 5f43 4258 3553
0010f50 4c5f 3650 5f34 464f 3646 2034 535f 5f43
0010f60 4258 3553 4c5f 3650 5f34 464f 3646 0034
0010f70 5f5f 7566 6574 5f78 6177 7469 665f 616c
0010f80 7367 5f00 475f 494c 4342 555f 4553 4c5f
0010f90 4249 455f 5458 2032 0031 7263 6e65 0064
0010fa0 415f 494c 4e47 4445 425f 4655 4546 5f52
0010fb0 2048 0031 535f 5254 4e49 4647 4457 485f
0010fc0 3120 5f00 4e5f 5f52 6873 646d 2074 3736
0010fd0 5f00 4e5a 534b 3774 5f5f 7863 3178 3131
0010fe0 6232 7361 6369 735f 7274 6e69 4967 5363
0010ff0 3174 6331 6168 5f72 7274 6961 7374 6349
0011000 5345 4961 4563 3745 6f63 706d 7261 4565
0011010 4b52 3453 005f 5a5f 534e 3774 5f5f 7863
0011020 3178 3131 6232 7361 6369 735f 7274 6e69
0011030 4967 5363 3174 6331 6168 5f72 7274 6961
0011040 7374 6349 5345 4961 4563 4345 4534 534f
0011050 5f34 7100 6f73 7472 5f00 615f 6c6c 636f
0011060 7461 726f 625f 7361 0065 4853 5452 4d5f
0011070 4e49 2820 532d 5248 5f54 414d 2058 202d
0011080 2931 5f00 4e5f 5f52 7973 6973 666e 206f
0011090 3939 6c00 3665 7434 686f 7828 2029 5f5f
00110a0 6975 746e 3436 695f 6564 746e 7469 2079
00110b0 7828 0029 5f5f 7063 5f70 696c 5f62 6567
00110c0 656e 6972 5f63 6e75 726f 6564 6572 5f64
00110d0 6f6c 6b6f 7075 3220 3130 3138 4c31 6900
00110e0 6173 6e6c 6d75 5300 5359 755f 616e 656d
00110f0 5f20 4e5f 5f52 6e75 6d61 0065 5f5f 5942
0011100 4554 4f5f 4452 5245 5f20 4c5f 5449 4c54
0011110 5f45 4e45 4944 4e41 5000 4854 4552 4441
0011120 4b5f 5945 5f53 414d 2058 3031 3432 4500
0011130 4142 5344 544c 3520 0037 7473 6372 7461
0011140 5f00 4e5a 534b 3774 5f5f 7863 3178 3131
0011150 6232 7361 6369 735f 7274 6e69 4967 5363
0011160 3174 6331 6168 5f72 7274 6961 7374 6349
0011170 5345 4961 4563 3145 6632 6e69 5f64 616c
0011180 7473 6f5f 4566 4b50 6d63 006d 475f 494c
0011190 4342 5858 485f 5641 5f45 5349 4257 414c
00111a0 4b4e 3120 5f00 675f 696c 6362 755f 736e
00111b0 6769 656e 5f64 726f 705f 736f 7469 7669
00111c0 2865 5f5f 296c 2820 5f28 745f 7079 6f65
00111d0 2066 5f28 6c5f 2929 3020 3c20 2820 5f5f
00111e0 7974 6570 666f 2820 5f5f 296c 2029 312d
00111f0 7c20 207c 5f28 625f 6975 746c 6e69 635f
0011200 6e6f 7473 6e61 5f74 2070 5f28 6c5f 2029
0011210 2626 2820 5f5f 296c 3e20 3020 2929 5f00
0011220 4e5f 5f52 6366 6f68 6e77 3920 0033 5f5f
0011230 7369 636f 3939 775f 6373 6e61 0066 535f
0011240 635f 706f 5f79 6863 7261 0073 7473 6d5f
0011250 6974 656d 7320 5f74 746d 6d69 742e 5f76
0011260 6573 0063 5f5f 524e 755f 6573 696c 2062
0011270 3331 0034 5f5f 524e 6f5f 6570 616e 2074
0011280 3532 0037 5f5f 4955 544e 3631 435f 6328
0011290 2029 0063 475f 494c 4342 5858 485f 5341
00112a0 475f 4854 4552 4441 2053 0031 505f 534f
00112b0 5849 5f32 5f43 4544 2056 5f5f 4f50 4953
00112c0 3258 545f 4948 5f53 4556 5352 4f49 004e
00112d0 535f 5f43 4854 4552 4441 4b5f 5945 5f53
00112e0 414d 2058 535f 5f43 4854 4552 4441 4b5f
00112f0 5945 5f53 414d 0058 5953 5f53 6873 636d
0011300 6c74 5f20 4e5f 5f52 6873 636d 6c74 5300
0011310 5359 615f 616c 6d72 5f20 4e5f 5f52 6c61
0011320 7261 006d 5f5f 4c46 3354 5832 4d5f 5841
0011330 315f 5f30 5845 5f50 205f 3033 0038 5f5f
0011340 524e 635f 6572 7461 3820 0035 475f 494c
0011350 4342 5858 425f 4745 4e49 4e5f 4d41 5345
0011360 4150 4543 435f 5858 3131 6e20 6d61 7365
0011370 6170 6563 5f20 635f 7878 3131 7b20 4500
0011380 5349 4f43 4e4e 3120 3630 5f00 4142 4b43
0011390 4157 4452 425f 4e49 4544 5352 485f 3120
00113a0 5300 5359 735f 6d65 706f 5f20 4e5f 5f52
00113b0 6573 6f6d 0070 657e 6378 7065 6974 6e6f
00113c0 705f 7274 5f00 4c5f 3650 5f34 464f 3646
00113d0 5f34 4643 414c 5347 2220 6d2d 3436 0022
00113e0 5953 5f53 7472 735f 6769 7270 636f 616d
00113f0 6b73 5f20 4e5f 5f52 7472 735f 6769 7270
0011400 636f 616d 6b73 5f00 4f4c 4143 454c 435f
0011410 414c 5353 5345 485f 3120 5f00 4e5a 534b
0011420 3174 6237 7361 6369 735f 7274 6e69 5f67
0011430 6976 7765 6349 7453 3131 6863 7261 745f
0011440 6172 7469 4973 4563 3545 6672 6e69 4564
0011450 3253 6d5f 5500 4e49 5f54 454c 5341 3154
0011460 5f36 414d 2058 3628 3535 3533 0029 5f5f
0011470 524e 655f 6f70 6c6c 705f 6177 7469 3220
0011480 3138 4c00 5f43 454d 5341 5255 4d45 4e45
0011490 5f54 414d 4b53 2820 2031 3c3c 5f20 4c5f
00114a0 5f43 454d 5341 5255 4d45 4e45 2954 5f00
00114b0 5453 4444 4645 485f 205f 5f00 4e5a 7453
00114c0 5f37 635f 7878 3131 3231 6162 6973 5f63
00114d0 7473 6972 676e 6349 7453 3131 6863 7261
00114e0 745f 6172 7469 4973 4563 6153 6349 4545
00114f0 7039 7375 5f68 6162 6b63 6345 5f00 555f
0011500 4e49 3154 5f36 5954 4550 5f5f 7320 6f68
0011510 7472 7520 736e 6769 656e 2064 6e69 0074
0011520 5953 5f53 6373 6568 5f64 6567 5f74 7270
0011530 6f69 6972 7974 6d5f 7861 5f20 4e5f 5f52
0011540 6373 6568 5f64 6567 5f74 7270 6f69 6972
0011550 7974 6d5f 7861 5f00 4e5a 534b 3774 5f5f
0011560 7863 3178 3131 6232 7361 6369 735f 7274
0011570 6e69 4967 5363 3174 6331 6168 5f72 7274
0011580 6961 7374 6349 5345 4961 4563 3745 6f63
0011590 706d 7261 4565 6d6d 4b50 6d63 4900 544e
00115a0 465f 5341 3354 5f32 494d 204e 2d28 3239
00115b0 3332 3733 3032 3633 3538 3734 3537 3038
00115c0 4c37 312d 0029 5953 5f53 6567 6774 6f72
00115d0 7075 2073 5f5f 524e 675f 7465 7267 756f
00115e0 7370 5000 4854 4552 4441 455f 5058 494c
00115f0 4943 5f54 4353 4548 2044 5450 5248 4145
0011600 5f44 5845 4c50 4349 5449 535f 4843 4445
0011610 5f00 555f 4553 495f 4f53 3143 2031 0031
0011620 6973 657a 745f 7079 0065 475f 494c 4342
0011630 5858 435f 4e4f 5453 5f20 615f 7474 6972
0011640 7562 6574 5f5f 2820 5f28 635f 6e6f 7473
0011650 5f5f 2929 5f00 4e5a 7453 7636 6365 6f74
0011660 4972 534e 3774 5f5f 7863 3178 3131 6232
0011670 7361 6369 735f 7274 6e69 4967 5363 3174
0011680 6331 6168 5f72 7274 6961 7374 6349 5345
0011690 4961 4563 4545 6153 5349 5f35 4545 3431
00116a0 4d5f 665f 6c69 5f6c 6e69 6573 7472 4e45
00116b0 5f39 675f 756e 635f 7878 3731 5f5f 6f6e
00116c0 6d72 6c61 695f 6574 6172 6f74 4972 5350
00116d0 5f35 3753 455f 6d45 4b52 3553 005f 5a5f
00116e0 534e 3774 5f5f 7863 3178 3131 6232 7361
00116f0 6369 735f 7274 6e69 4967 5363 3174 6331
0011700 6168 5f72 7274 6961 7374 6349 5345 4961
0011710 4563 4345 4534 4b52 3453 6d5f 4b52 3353
0011720 005f 4c55 4e4f 5f47 414d 2058 4c28 4e4f
0011730 5f47 414d 2058 202a 5532 204c 202b 5531
0011740 294c 5300 5359 645f 7075 5f20 4e5f 5f52
0011750 7564 0070 535f 5f43 4552 4547 5f58 4556
0011760 5352 4f49 204e 535f 5f43 4552 4547 5f58
0011770 4556 5352 4f49 004e 505f 534f 5849 4f5f
0011780 4550 5f4e 414d 2058 3032 5f00 4156 4952
0011790 4e41 5f54 4552 414c 4954 4e4f 465f 4e55
00117a0 5443 4f49 5f4e 4554 504d 414c 4554 5f28
00117b0 4f5f 2950 7420 6d65 6c70 7461 3c65 7974
00117c0 6570 616e 656d 2e2e 202e 545f 3e70 6620
00117d0 6972 6e65 2064 6f63 736e 6574 7078 2072
00117e0 6f62 6c6f 6f20 6570 6172 6f74 2072 5f5f
00117f0 504f 6328 6e6f 7473 7620 7261 6169 746e
0011800 5f3c 7054 2e2e 3e2e 2026 5f5f 686c 2c73
0011810 6320 6e6f 7473 7620 7261 6169 746e 5f3c
0011820 7054 2e2e 3e2e 2026 5f5f 6872 2973 003b
0011830 5953 5f53 6567 7874 7461 7274 5f20 4e5f
0011840 5f52 6567 7874 7461 7274 5f00 4c47 4249
0011850 5843 5f58 4845 505f 5254 555f 4553 0044
0011860 5a5f 534e 3674 6576 7463 726f 4e49 7453
0011870 5f37 635f 7878 3131 3231 6162 6973 5f63
0011880 7473 6972 676e 6349 7453 3131 6863 7261
0011890 745f 6172 7469 4973 4563 6153 6349 4545
00118a0 5345 4961 3553 455f 4345 4534 0076 505f
00118b0 5453 5f4c 5341 4553 5452 5f28 6f43 646e
00118c0 7469 6f69 296e 5f20 675f 696c 6362 7878
00118d0 615f 7373 7265 2874 435f 6e6f 6964 6974
00118e0 6e6f 0029 5f5f 524e 755f 6573 6672 7561
00118f0 746c 6466 3320 3332 5f00 4c47 4249 5843
0011900 5f58 554e 5f4d 4146 4543 5354 3120 0034
0011910 5f5f 6177 6e72 7461 7274 6d28 6773 2029
0011920 5f5f 7461 7274 6269 7475 5f65 285f 5f28
0011930 775f 7261 696e 676e 5f5f 2820 736d 2967
0011940 2929 5f00 575f 4843 5241 4d5f 5841 5f5f
0011950 3020 3778 6666 6666 6666 0066 5a5f 534e
0011960 3674 6576 7463 726f 4e49 7453 5f37 635f
0011970 7878 3131 3231 6162 6973 5f63 7473 6972
0011980 676e 6349 7453 3131 6863 7261 745f 6172
0011990 7469 4973 4563 6153 6349 4545 5345 4961
00119a0 3553 455f 3145 5f31 5f53 6572 6f6c 6163
00119b0 6574 5045 3553 535f 5f38 3853 525f 3653
00119c0 005f 5a5f 534e 4961 4563 5361 5245 534b
00119d0 005f 425f 5449 5f53 5450 5248 4145 5444
00119e0 5059 5345 415f 4352 5f48 2048 0031 5a5f
00119f0 394e 5f5f 6e67 5f75 7863 3178 5f37 6e5f
0011a00 726f 616d 5f6c 7469 7265 7461 726f 5049
0011a10 634b 534e 3774 5f5f 7863 3178 3131 6232
0011a20 7361 6369 735f 7274 6e69 4967 5363 3174
0011a30 6331 6168 5f72 7274 6961 7374 6349 5345
0011a40 4961 4563 4545 4345 4534 4b52 3253 005f
0011a50 5a5f 4b4e 7453 3731 6162 6973 5f63 7473
0011a60 6972 676e 765f 6569 4977 5363 3174 6331
0011a70 6168 5f72 7274 6961 7374 6349 4545 6634
0011a80 6e69 4564 6d63 7500 6e69 5f74 6166 7473
0011a90 3436 745f 5f00 615f 7474 6972 7562 6574
0011aa0 775f 7261 5f6e 6e75 7375 6465 725f 7365
0011ab0 6c75 5f74 205f 5f5f 7461 7274 6269 7475
0011ac0 5f65 205f 2828 5f5f 6177 6e72 755f 756e
0011ad0 6573 5f64 6572 7573 746c 5f5f 2929 5f00
0011ae0 5f4d 6966 6c6c 615f 7373 6769 006e 5f5f
0011af0 7063 5f70 6f63 736e 6574 6176 206c 3032
0011b00 3831 3131 004c 5a5f 364e 5f5f 7370 6c74
0011b10 6539 6578 7563 6974 6e6f 7632 3231 7037
0011b20 7261 6c61 656c 5f6c 6e75 6573 7571 6e65
0011b30 6563 5f64 6f70 696c 7963 3631 5f5f 6c61
0011b40 6f6c 5f77 6170 6172 6c6c 6c65 7645 5f00
0011b50 4e5a 534b 3174 6237 7361 6369 735f 7274
0011b60 6e69 5f67 6976 7765 6349 7453 3131 6863
0011b70 7261 745f 6172 7469 4973 4563 3445 6572
0011b80 646e 7645 5300 5359 665f 6361 6563 7373
0011b90 7461 2032 5f5f 524e 665f 6361 6563 7373
0011ba0 7461 0032 5a5f 534e 3174 6936 696e 6974
0011bb0 6c61 7a69 7265 6c5f 7369 4974 534e 3774
0011bc0 5f5f 7863 3178 3131 6232 7361 6369 735f
0011bd0 7274 6e69 4967 5363 3174 6331 6168 5f72
0011be0 7274 6961 7374 6349 5345 4961 4563 4545
0011bf0 4345 4534 0076 6e69 6574 7267 6c61 635f
0011c00 6e6f 7473 6e61 3c74 6f62 6c6f 202c 7274
0011c10 6575 003e 7473 6372 7268 5f00 635f 7070
0011c20 6c5f 6269 625f 796f 7265 6d5f 6f6f 6572
0011c30 735f 6165 6372 6568 2072 3032 3631 3330
0011c40 5f00 5343 505f 534f 5849 565f 5f36 504c
0011c50 3436 4f5f 4646 3436 4c5f 4644 414c 5347
0011c60 5f20 5343 505f 534f 5849 565f 5f36 504c
0011c70 3436 4f5f 4646 3436 4c5f 4644 414c 5347
0011c80 5f00 4c47 4249 5843 5f58 4148 4556 425f
0011c90 4955 544c 4e49 495f 5f53 4741 5247 4745
0011ca0 5441 2045 0031 475f 494c 4342 5858 415f
0011cb0 4153 5f4e 4e41 4f4e 4154 4554 535f 5248
0011cc0 4e49 284b 296e 0020 475f 494c 4342 5858
0011cd0 555f 4553 435f 3939 535f 4454 494c 2042
0011ce0 475f 494c 4342 5858 3131 555f 4553 435f
0011cf0 3939 535f 4454 494c 0042 475f 494c 4342
0011d00 5858 4e5f 454f 4358 5045 5f54 4649 2e28
0011d10 2e2e 2029 6f6e 7865 6563 7470 5f28 565f
0011d20 5f41 5241 5347 5f5f 0029 5a5f 534e 3774
0011d30 5f5f 7863 3178 3131 6232 7361 6369 735f
0011d40 7274 6e69 4967 5363 3174 6331 6168 5f72
0011d50 7274 6961 7374 6349 5345 4961 4563 3345
0011d60 6e65 4564 0076 5a5f 4b4e 7453 7636 6365
0011d70 6f74 4972 534e 3774 5f5f 7863 3178 3131
0011d80 6232 7361 6369 735f 7274 6e69 4967 5363
0011d90 3174 6331 6168 5f72 7274 6961 7374 6349
0011da0 5345 4961 4563 4545 6153 5349 5f35 4545
0011db0 6535 706d 7974 7645 5f00 475f 494c 4342
0011dc0 495f 544e 5245 414e 5f4c 5453 5241 4954
0011dd0 474e 485f 4145 4544 5f52 4d49 4c50 4d45
0011de0 4e45 4154 4954 4e4f 5f00 4353 545f 5248
0011df0 4145 5f44 5441 5254 535f 4154 4b43 4953
0011e00 455a 5f20 4353 545f 5248 4145 5f44 5441
0011e10 5254 535f 4154 4b43 4953 455a 5f00 4152
0011e20 474e 5345 555f 4954 5f4c 2048 0031 5f5f
0011e30 524e 675f 7465 745f 7268 6165 5f64 7261
0011e40 6165 3220 3131 5f00 4942 5354 4c5f 434f
0011e50 4c41 5f45 2048 0031 535f 5f43 4355 4148
0011e60 5f52 414d 2058 535f 5f43 4355 4148 5f52
0011e70 414d 0058 5f5f 656e 6465 735f 7a69 5f65
0011e80 0074 535f 4c54 525f 4c45 504f 5f53 2048
0011e90 0031 5f5f 4c46 3154 3832 4d5f 5841 5f5f
0011ea0 3120 312e 3938 3337 3431 3539 3533 3237
0011eb0 3133 3637 3035 3538 3537 3339 3632 3236
0011ec0 3038 3730 3230 2b65 3934 3233 3146 3832
0011ed0 5f00 505f 5254 4944 4646 575f 4449 4854
0011ee0 5f5f 3620 0034 5953 5f53 636c 6f68 6e77
0011ef0 5f20 4e5f 5f52 636c 6f68 6e77 5f00 4e5f
0011f00 5f52 6573 6974 6974 656d 2072 3833 5f00
0011f10 4e5a 5f39 675f 756e 635f 7878 3731 5f5f
0011f20 6f6e 6d72 6c61 695f 6574 6172 6f74 4972
0011f30 4b50 4e63 7453 5f37 635f 7878 3131 3231
0011f40 6162 6973 5f63 7473 6972 676e 6349 7453
0011f50 3131 6863 7261 745f 6172 7469 4973 4563
0011f60 6153 6349 4545 4545 3443 7645 5300 495f
0011f70 4946 4f46 5f20 535f 495f 4946 4f46 5f00
0011f80 4e5a 7453 7636 6365 6f74 4972 5363 4961
0011f90 4563 3145 5f31 5f53 6572 6f6c 6163 6574
0011fa0 5045 5363 5f32 3253 525f 3053 005f 434c
0011fb0 4d5f 4145 5553 4552 454d 544e 5f20 4c5f
0011fc0 5f43 454d 5341 5255 4d45 4e45 0054 5a5f
0011fd0 4b4e 7453 3731 6162 6973 5f63 7473 6972
0011fe0 676e 765f 6569 4977 5363 3174 6331 6168
0011ff0 5f72 7274 6961 7374 6349 4545 3331 6966
0012000 646e 665f 7269 7473 6f5f 4566 4b50 6d63
0012010 006d 5953 5f53 7065 6c6f 5f6c 7770 6961
0012020 2074 5f5f 524e 655f 6f70 6c6c 705f 6177
0012030 7469 5f00 635f 7070 6c5f 6269 635f 6e6f
0012040 7473 7865 7270 6d5f 6d65 726f 2079 3032
0012050 3831 3131 004c 5a5f 4b4e 7453 5f37 635f
0012060 7878 3131 3231 6162 6973 5f63 7473 6972
0012070 676e 6349 7453 3131 6863 7261 745f 6172
0012080 7469 4973 4563 6153 6349 4545 3731 6966
0012090 646e 665f 7269 7473 6e5f 746f 6f5f 4566
00120a0 6d63 5f00 555f 4e49 5f54 454c 5341 3154
00120b0 5f36 5954 4550 5f5f 7320 6f68 7472 7520
00120c0 736e 6769 656e 2064 6e69 0074 535f 4c54
00120d0 415f 474c 5f4f 2048 0031 4245 4f46 544e
00120e0 3520 0039 5f5f 5353 3245 4d5f 5441 5f48
00120f0 205f 0031 475f 494c 4342 5858 485f 5641
0012100 5f45 4443 4f54 5f52 4143 4c4c 4241 2049
0012110 0030 4245 4441 5152 2043 3635 5f00 465f
0012120 544c 3231 5f38 494d 5f4e 5845 5f50 205f
0012130 2d28 3631 3833 2931 5f00 4e5f 5f52 6e75
0012140 696c 6b6e 3820 0037 435f 5f53 4e47 5f55
0012150 494c 4342 565f 5245 4953 4e4f 5f20 5343
0012160 475f 554e 4c5f 4249 5f43 4556 5352 4f49
0012170 004e 5f5f 6177 656b 705f 6972 6176 6574
0012180 5f00 5f4d 6863 6365 5f6b 656c 006e 495f
0012190 5f4f 4f45 5f46 4553 4e45 3020 3078 3130
00121a0 0030 475f 494c 4342 5858 485f 5641 5f45
00121b0 434c 4d5f 5345 4153 4547 2053 0031 5f5f
00121c0 5553 4553 4f43 444e 5f53 5f54 5954 4550
00121d0 5f20 535f 5359 4143 4c4c 535f 4f4c 474e
00121e0 545f 5059 0045 5f53 5349 4e4c 284b 6f6d
00121f0 6564 2029 5f5f 5f53 5349 5954 4550 2828
0012200 6f6d 6564 2c29 5f20 535f 495f 4c46 4b4e
0012210 0029 5f5f 4c46 3654 5834 4d5f 5841 5f5f
0012220 3120 312e 3938 3337 3431 3539 3533 3237
0012230 3133 3637 3035 3132 3632 3833 3335 3330
0012240 3930 3037 3132 2b65 3934 3233 3646 7834
0012250 5f00 4c47 4249 5843 5f58 5355 5f45 5455
0012260 4d49 4e45 4153 2054 0031 4d45 494c 4b4e
0012270 3320 0031 5f5f 524e 6d5f 7973 636e 3220
0012280 0036 434c 4e5f 4d41 5f45 414d 4b53 2820
0012290 2031 3c3c 5f20 4c5f 5f43 414e 454d 0029
00122a0 415f 4d53 585f 3638 505f 534f 5849 545f
00122b0 5059 5345 365f 5f34 2048 7300 7274 6d63
00122c0 0070 425f 5449 5f53 5453 5441 485f 3120
00122d0 5300 5359 745f 6d69 7265 645f 6c65 7465
00122e0 2065 5f5f 524e 745f 6d69 7265 645f 6c65
00122f0 7465 0065 475f 494c 4342 5858 455f 444e
0012300 4e5f 4d41 5345 4150 4543 4c5f 4244 204c
0012310 5f00 4f43 434e 5255 4552 434e 5f45 2048
0012320 0031 5f5f 4953 455a 464f 505f 4854 4552
0012330 4441 4d5f 5455 5845 545f 3420 0030 4f45
0012340 4e57 5245 4544 4441 3120 3033 5300 5359
0012350 775f 6972 6574 2076 5f5f 524e 775f 6972
0012360 6574 0076 5f5f 7063 5f70 6e75 6369 646f
0012370 5f65 6863 7261 6361 6574 7372 3220 3130
0012380 3134 4c31 5f00 735f 6973 657a 745f 645f
0012390 6665 6e69 6465 0020 5a5f 534e 3174 5f35
00123a0 655f 6378 7065 6974 6e6f 705f 7274 3331
00123b0 7865 6563 7470 6f69 5f6e 7470 4472 4534
00123c0 0076 6964 6666 7265 6e65 6563 745f 7079
00123d0 0065 5345 4154 454c 3120 3631 5f00 5f54
00123e0 4953 455a 0020 5f5f 695f 746e 775f 6863
00123f0 7261 745f 685f 0020 475f 494c 4342 5858
0012400 465f 5f53 5746 5f44 2048 0031 5355 5248
0012410 5f54 414d 2058 5328 5248 5f54 414d 2058
0012420 202a 2032 202b 2931 5f00 675f 696c 6362
0012430 735f 6661 5f65 726f 755f 6b6e 6f6e 6e77
0012440 6c5f 6e65 5f28 6c5f 5f2c 735f 5f2c 6f5f
0012450 7a73 2029 5f28 675f 696c 6362 755f 736e
0012460 6769 656e 5f64 726f 705f 736f 7469 7669
0012470 2065 5f28 6c5f 2029 2626 5f20 625f 6975
0012480 746c 6e69 635f 6e6f 7473 6e61 5f74 2070
0012490 5f28 675f 696c 6362 735f 6661 5f65 656c
00124a0 5f6e 6f63 646e 2820 5f28 535f 5a49 5f45
00124b0 5954 4550 5f5f 2029 5f28 6c5f 2c29 5f20
00124c0 735f 202c 5f5f 736f 297a 2029 2626 5f20
00124d0 675f 696c 6362 735f 6661 5f65 656c 5f6e
00124e0 6f63 646e 2820 5f28 535f 5a49 5f45 5954
00124f0 4550 5f5f 2029 5f28 6c5f 2c29 5f20 735f
0012500 202c 5f5f 736f 297a 0029 5f5f 4e49 3154
0012510 5f36 2843 2963 6320 5f00 4353 535f 5248
0012520 5f54 494d 204e 535f 5f43 4853 5452 4d5f
0012530 4e49 5f00 4e49 5449 4149 494c 455a 5f52
0012540 494c 5453 0020 5a5f 394e 5f5f 6e67 5f75
0012550 7863 3178 5f34 615f 6c6c 636f 745f 6172
0012560 7469 4973 6153 6349 6345 3145 5f30 5f53
0012570 6e6f 735f 6177 4570 5352 5f31 3353 005f
0012580 5f5f 3666 2834 2978 7820 5300 5359 6d5f
0012590 7270 746f 6365 2074 5f5f 524e 6d5f 7270
00125a0 746f 6365 0074 5a5f 534e 3174 6331 6168
00125b0 5f72 7274 6961 7374 6349 3445 6f6d 6576
00125c0 5045 5063 634b 006d 5a5f 534e 3674 6576
00125d0 7463 726f 4e49 7453 5f37 635f 7878 3131
00125e0 3231 6162 6973 5f63 7473 6972 676e 6349
00125f0 7453 3131 6863 7261 745f 6172 7469 4973
0012600 4563 6153 6349 4545 5345 4961 3553 455f
0012610 3545 7265 7361 4565 394e 5f5f 6e67 5f75
0012620 7863 3178 5f37 6e5f 726f 616d 5f6c 7469
0012630 7265 7461 726f 5049 534b 5f35 3753 455f
0012640 5345 5f43 4c00 5f43 4150 4550 2052 5f5f
0012650 434c 505f 5041 5245 5f00 4c47 4249 5843
0012660 5f58 5355 5f45 3943 5f39 4e49 5454 5059
0012670 5345 545f 3152 3120 7000 7261 6c61 656c
0012680 5f6c 6e75 6573 7571 6e65 6563 5f64 6f70
0012690 696c 7963 5300 4154 505f 5350 4954 454d
00126a0 3020 3078 3030 0034 5a5f 534e 3174 6331
00126b0 6168 5f72 7274 6961 7374 6349 3145 7432
00126c0 5f6f 6863 7261 745f 7079 4565 4b52 0069
00126d0 535f 5f43 4950 5f49 534f 5f49 4c43 5354
00126e0 5f20 4353 505f 4949 4f5f 4953 435f 544c
00126f0 0053 7473 6372 7970 4400 4645 5541 544c
0012700 485f 554f 0052 5f5f 524e 6b5f 7865 6365
0012710 6c5f 616f 2064 3432 0036 475f 494c 4342
0012720 5858 555f 4553 525f 4145 504c 5441 2048
0012730 0031 475f 4343 4e5f 5845 5f54 494c 494d
0012740 5354 485f 0020 4d5f 665f 6c69 5f6c 6e69
0012750 7469 6169 696c 657a 5f00 4353 435f 4f4c
0012760 4b43 535f 4c45 4345 4954 4e4f 5f20 4353
0012770 435f 4f4c 4b43 535f 4c45 4345 4954 4e4f
0012780 5f00 495f 544e 575f 4843 5241 545f 485f
0012790 0020 5f5f 524e 6b5f 6d63 2070 3133 0032
00127a0 5f5f 524e 705f 6469 6466 6f5f 6570 206e
00127b0 3334 0034 5f5f 524e 6d5f 6e75 616d 2070
00127c0 3131 5f00 4f50 4953 5f58 4f48 5453 4e5f
00127d0 4d41 5f45 414d 2058 3532 0035 5f5f 6f62
00127e0 2873 7470 2972 5f20 625f 6975 746c 6e69
00127f0 6f5f 6a62 6365 5f74 6973 657a 2820 7470
0012800 2c72 5f20 555f 4553 465f 524f 4954 5946
0012810 4c5f 5645 4c45 3e20 3120 0029 5f5f 4347
0012820 5f43 5441 4d4f 4349 495f 544e 4c5f 434f
0012830 5f4b 5246 4545 3220 5f00 495f 544e 5f38
0012840 2843 2963 6320 5300 495f 5257 5449 2045
0012850 5f53 5749 5355 0052 535f 635f 6d6f 6170
0012860 6572 5f00 575f 4649 4f43 544e 4e49 4555
0012870 2844 7473 7461 7375 2029 2828 7473 7461
0012880 7375 2029 3d3d 5f20 575f 435f 4e4f 4954
0012890 554e 4445 0029 5f5f 524e 675f 7465 6564
00128a0 746e 3673 2034 3132 0037 5f5f 7063 5f70
00128b0 696c 5f62 7373 7a69 2065 3032 3931 3230
00128c0 004c 5f5f 5f53 4549 4558 2043 3130 3030
00128d0 6200 3665 7434 686f 7828 2029 5f5f 7362
00128e0 6177 5f70 3436 2820 2978 5f00 4e5a 7453
00128f0 3231 565f 6365 6f74 5f72 6162 6573 4e49
0012900 7453 5f37 635f 7878 3131 3231 6162 6973
0012910 5f63 7473 6972 676e 6349 7453 3131 6863
0012920 7261 745f 6172 7469 4973 4563 6153 6349
0012930 4545 5345 4961 3553 455f 3145 5f37 6556
0012940 7463 726f 695f 706d 5f6c 6164 6174 3231
0012950 4d5f 735f 6177 5f70 6164 6174 5245 3853
0012960 005f 455f 6978 0074 415f 6c6c 636f 5f00
0012970 555f 4553 4c5f 5241 4547 4946 454c 5f00
0012980 5845 5f54 5954 4550 545f 4152 5449 2053
0012990 0031 5f5f 7473 6275 5f5f 635f 6d6f 6170
00129a0 5f74 6462 6c66 7375 2068 5f00 4353 505f
00129b0 4949 495f 544e 5245 454e 5f54 5453 4552
00129c0 4d41 5f20 4353 505f 4949 495f 544e 5245
00129d0 454e 5f54 5453 4552 4d41 5f00 475f 4343
00129e0 415f 4f54 494d 5f43 4f42 4c4f 4c5f 434f
00129f0 5f4b 5246 4545 3220 5f00 4350 415f 4c4c
0012a00 434f 535f 5a49 5f45 494d 204e 505f 5f43
0012a10 4c41 4f4c 5f43 4953 455a 4d5f 4e49 5f00
0012a20 4c47 4249 5843 5f58 5551 544f 4445 535f
0012a30 5254 4e49 5f47 2048 0031 5f5f 524e 705f
0012a40 656b 5f79 706d 6f72 6574 7463 3320 3932
0012a50 5f00 4f50 4953 5f58 4853 4c45 204c 0031
0012a60 415f 4c4c 434f 5f41 2048 0031 535f 5f43
0012a70 5049 3656 5f20 4353 495f 5650 0036 5f5f
0012a80 5f5f 626d 7473 7461 5f65 5f74 6564 6966
0012a90 656e 2064 0031 5f5f 524e 675f 7465 6d70
0012aa0 6773 3120 3138 5f00 5f53 7265 6f72 5f72
0012ab0 6170 6572 006e 5f5f 6e75 6564 5f66 494c
0012ac0 4b4e 4d5f 5841 0020 475f 4343 575f 4843
0012ad0 5241 545f 0020 535f 5f43 4955 5f4f 414d
0012ae0 4958 564f 5f20 4353 555f 4f49 4d5f 5841
0012af0 4f49 0056 7076 6972 746e 0066 495f 4f53
0012b00 3943 5f39 4f53 5255 4543 3120 5f00 675f
0012b10 696c 6362 7878 6d5f 7861 625f 5428 422c
0012b20 2029 5f28 675f 696c 6362 7878 735f 6769
0012b30 656e 5f64 2062 5428 422c 2029 203f 2828
0012b40 2828 5428 3129 3c20 203c 5f28 675f 696c
0012b50 6362 7878 645f 6769 7469 5f73 2062 5428
0012b60 422c 2029 202d 2931 2029 202d 2931 3c20
0012b70 203c 2931 2b20 3120 2029 203a 287e 2954
0012b80 2930 5f00 445f 4345 3231 5f38 5553 4e42
0012b90 524f 414d 5f4c 494d 5f4e 205f 2e30 3030
0012ba0 3030 3030 3030 3030 3030 3030 3030 3030
0012bb0 3030 3030 3030 3030 3030 3030 3030 4531
0012bc0 362d 3431 4433 004c 5f5f 524e 695f 5f6f
0012bd0 7275 6e69 5f67 6573 7574 2070 3234 0035
0012be0 475f 494c 4342 5858 485f 5641 5f45 4553
0012bf0 4554 564e 3120 4c00 5f43 454d 5353 4741
0012c00 5345 4d5f 5341 204b 3128 3c20 203c 5f5f
0012c10 434c 4d5f 5345 4153 4547 2953 5f00 4e5a
0012c20 5f36 705f 7473 396c 7865 6365 7475 6f69
0012c30 326e 3176 3831 6e75 6573 7571 6e65 6563
0012c40 5f64 6f70 696c 7963 3931 5f5f 6c61 6f6c
0012c50 5f77 6e75 6573 7571 6e65 6563 4564 0076
0012c60 5f5f 524e 6d5f 616d 2070 0039 5f5f 4953
0012c70 455a 464f 505f 4854 4552 4441 4d5f 5455
0012c80 5845 5441 5254 545f 3420 5f00 4e5a 7453
0012c90 3131 6863 7261 745f 6172 7469 4973 4563
0012ca0 6634 6e69 4564 4b50 6d63 5352 5f31 5f00
0012cb0 445f 4345 455f 4156 5f4c 454d 4854 444f
0012cc0 5f5f 3220 5f00 635f 7070 695f 706d 5f6c
0012cd0 6564 7473 6f72 6979 676e 645f 6c65 7465
0012ce0 2065 3032 3831 3630 004c 5a5f 534e 3774
0012cf0 5f5f 7863 3178 3131 6232 7361 6369 735f
0012d00 7274 6e69 4967 5363 3174 6331 6168 5f72
0012d10 7274 6961 7374 6349 5345 4961 4563 4345
0012d20 4534 4b52 3453 6d5f 006d 4441 5f4a 5453
0012d30 5441 5355 3020 3078 3130 0030 535f 5f43
0012d40 4954 454d 5f52 414d 2058 535f 5f43 4954
0012d50 454d 5f52 414d 0058 435f 5f53 3656 455f
0012d60 564e 5f20 5343 565f 5f36 4e45 0056 5f5f
0012d70 524e 735f 7379 7366 3120 3933 4500 4950
0012d80 4550 3320 0032 5f5f 7063 756c 7073 756c
0012d90 2073 3032 3132 3030 004c 5953 5f53 716d
0012da0 675f 7465 6573 6174 7474 2072 5f5f 524e
0012db0 6d5f 5f71 6567 7374 7465 7461 7274 5f00
0012dc0 5343 505f 534f 5849 565f 5f36 504c 3436
0012dd0 4f5f 4646 3436 4c5f 4e49 4654 414c 5347
0012de0 5f20 5343 505f 534f 5849 565f 5f36 504c
0012df0 3436 4f5f 4646 3436 4c5f 4e49 4654 414c
0012e00 5347 5700 4545 004b 5953 5f53 6f73 6b63
0012e10 7465 5f20 4e5f 5f52 6f73 6b63 7465 5f00
0012e20 4e5a 7453 3631 6c61 6f6c 6163 6f74 5f72
0012e30 7274 6961 7374 5349 4961 4563 3145 6430
0012e40 6165 6c6c 636f 7461 4565 5352 5f30 6350
0012e50 006d 535f 5f43 5f32 4556 5352 4f49 204e
0012e60 535f 5f43 5f32 4556 5352 4f49 004e 425f
0012e70 5449 5f53 5453 4944 544e 555f 4e49 4e54
0012e80 485f 3120 5f00 535f 4454 5f43 4f43 534e
0012e90 4154 544e 4d5f 4341 4f52 0053 475f 494c
0012ea0 4342 5858 555f 4553 435f 3939 575f 4843
0012eb0 5241 5f20 4c47 4249 5843 3158 5f31 5355
0012ec0 5f45 3943 5f39 4357 4148 0052 434c 415f
0012ed0 4c4c 4d5f 5341 204b 4c28 5f43 5443 5059
0012ee0 5f45 414d 4b53 7c20 4c20 5f43 554e 454d
0012ef0 4952 5f43 414d 4b53 7c20 4c20 5f43 4954
0012f00 454d 4d5f 5341 204b 207c 434c 435f 4c4f
0012f10 414c 4554 4d5f 5341 204b 207c 434c 4d5f
0012f20 4e4f 5445 5241 5f59 414d 4b53 7c20 4c20
0012f30 5f43 454d 5353 4741 5345 4d5f 5341 204b
0012f40 207c 434c 505f 5041 5245 4d5f 5341 204b
0012f50 207c 434c 4e5f 4d41 5f45 414d 4b53 7c20
0012f60 4c20 5f43 4441 5244 5345 5f53 414d 4b53
0012f70 7c20 4c20 5f43 4554 454c 4850 4e4f 5f45
0012f80 414d 4b53 7c20 4c20 5f43 454d 5341 5255
0012f90 4d45 4e45 5f54 414d 4b53 7c20 4c20 5f43
0012fa0 4449 4e45 4954 4946 4143 4954 4e4f 4d5f
0012fb0 5341 204b 0029 5f5f 4c46 3354 5832 445f
0012fc0 4345 4d49 4c41 445f 4749 5f5f 3120 0037
0012fd0 5a5f 394e 5f5f 6e67 5f75 7863 3178 5f34
0012fe0 615f 6c6c 636f 745f 6172 7469 4973 6153
0012ff0 6349 6345 3145 5f37 5f53 6573 656c 7463
0013000 6f5f 5f6e 6f63 7970 5245 534b 5f31 5f00
0013010 635f 7070 6c5f 6269 725f 7761 6d5f 6d65
0013020 726f 5f79 6c61 6f67 6972 6874 736d 3220
0013030 3130 3036 4c36 5f00 4e5f 5f52 6c6d 636f
0013040 206b 3431 0039 5953 5f53 6573 6674 7573
0013050 6469 5f20 4e5f 5f52 6573 6674 7573 6469
0013060 5f00 4f50 4953 5f58 4955 5f4f 414d 4958
0013070 564f 3120 0036 475f 494c 4342 5858 4f5f
0013080 5453 4552 4d41 3120 5f00 635f 7070 725f
0013090 6665 715f 6175 696c 6966 7265 2073 3032
00130a0 3730 3031 004c 5f5f 524e 745f 6d69 7265
00130b0 675f 7465 766f 7265 7572 206e 3232 0035
00130c0 475f 494c 4342 5858 4f5f 5f53 4544 4946
00130d0 454e 2053 0031 5f5f 6c67 6269 5f63 6168
00130e0 5f73 7562 6c69 6974 286e 616e 656d 2029
00130f0 5f5f 6168 5f73 7562 6c69 6974 206e 6e28
0013100 6d61 2965 5300 5359 735f 6d65 6974 656d
0013110 6f64 2070 5f5f 524e 735f 6d65 6974 656d
0013120 6f64 0070 5953 5f53 6c63 736f 2065 5f5f
0013130 524e 635f 6f6c 6573 4400 4645 5541 544c
0013140 4d5f 4349 4f52 535f 4345 4e4f 0044 475f
0013150 494c 4342 5858 485f 5641 5f45 4f4d 4644
0013160 3120 5f00 465f 5f44 4c45 2854 2964 2820
0013170 6428 2029 202f 5f5f 464e 4244 5449 2953
0013180 6300 6c61 6f6c 0063 5953 5f53 6573 7274
0013190 7365 6967 2064 5f5f 524e 735f 7465 6572
00131a0 6773 6469 5f00 4c47 4249 5843 3158 5f31
00131b0 4544 5250 4345 5441 4445 535f 4755 4547
00131c0 5453 4128 544c 2029 475f 494c 4342 5858
00131d0 445f 5045 4552 4143 4554 5f44 5553 4747
00131e0 5345 2854 4c41 2954 5f00 4e5a 7453 3131
00131f0 6863 7261 745f 6172 7469 4973 4563 6c36
0013200 6e65 7467 4568 4b50 0063 6572 6f6d 6576
0013210 705f 6572 6966 0078 5f5f 4357 4148 5f52
0013220 2054 5f00 5f4d 6966 696e 6873 5f00 415f
0013230 4f54 494d 5f43 4c48 5f45 4341 5551 5249
0013240 2045 3536 3335 0036 4e45 544f 414e 204d
0013250 3131 0038 6d74 7a5f 6e6f 0065 5f5f 4f43
0013260 5252 4345 5f54 5349 5f4f 5043 5f50 4357
0013270 4148 5f52 5f48 5250 544f 204f 5f00 495f
0013280 534e 5245 5f54 4552 4547 5f58 414d 4354
0013290 4548 0052 565f 4345 4f54 5f52 4354 2043
00132a0 0031 5f5f 6c67 6269 7863 5f78 6973 6e67
00132b0 6465 625f 5428 422c 2029 2828 2954 2d28
00132c0 2931 3c20 3020 0029 656e 5f77 6c61 6f6c
00132d0 6163 6f74 3c72 6863 7261 003e 5f5f 524e
00132e0 705f 6372 6c74 3120 3735 5f00 475f 494c
00132f0 4342 555f 4553 495f 4345 365f 3530 3935
0013300 465f 4e55 5343 455f 5458 3120 5f00 4c47
0013310 4249 5843 5f58 4148 4556 5f5f 435f 4158
0013320 545f 5248 4145 5f44 5441 5845 5449 495f
0013330 504d 204c 0031 5f5f 524e 665f 6863 6f6d
0013340 6164 2074 3632 0038 505f 534f 5849 525f
0013350 4545 544e 4152 544e 465f 4e55 5443 4f49
0013360 534e 3120 5f00 4c47 4249 5843 5f58 4f43
0013370 4544 5643 5f54 5053 4345 4149 494c 415a
0013380 4954 4e4f 5f28 414e 454d 5f2c 4c45 4d45
0013390 2029 475f 494c 4342 5858 435f 444f 4345
00133a0 5456 535f 4550 4943 4c41 5a49 5441 4f49
00133b0 324e 5f28 205f 2323 5f20 414e 454d 2320
00133c0 2023 625f 7361 2c65 5f20 4c45 4d45 3b29
00133d0 7420 6d65 6c70 7461 3c65 6e75 6973 6e67
00133e0 6465 6c20 6e6f 2067 4d5f 7861 6f63 6564
00133f0 202c 6f63 6564 7663 5f74 6f6d 6564 5f20
0013400 6f4d 6564 203e 6c63 7361 2073 4e5f 4d41
0013410 3c45 455f 454c 2c4d 5f20 614d 6378 646f
0013420 2c65 5f20 6f4d 6564 203e 203a 7570 6c62
0013430 6369 5f20 205f 2323 5f20 414e 454d 2320
0013440 2023 625f 7361 3c65 455f 454c 3e4d 7b20
0013450 7020 6275 696c 3a63 6520 7078 696c 6963
0013460 2074 4e5f 4d41 2845 6973 657a 745f 5f20
0013470 725f 6665 2073 203d 2930 3a20 5f20 205f
0013480 2323 5f20 414e 454d 2320 2023 625f 7361
0013490 3c65 455f 454c 3e4d 7328 6474 3a3a 696d
00134a0 286e 4d5f 7861 6f63 6564 202c 7830 3031
00134b0 6666 6666 6c75 2c29 5f20 6f4d 6564 202c
00134c0 5f5f 6572 7366 2029 207b 207d 007d 5f5f
00134d0 524e 765f 6573 7672 7265 3220 3633 5f00
00134e0 4e5a 7453 7636 6365 6f74 4972 534e 3774
00134f0 5f5f 7863 3178 3131 6232 7361 6369 735f
0013500 7274 6e69 4967 5363 3174 6331 6168 5f72
0013510 7274 6961 7374 6349 5345 4961 4563 4545
0013520 6153 5349 5f35 4545 7237 7365 7265 6576
0013530 6d45 7200 6765 735f 7661 5f65 7261 6165
0013540 5f00 4e5f 5f52 7865 6365 6576 7461 3320
0013550 3232 5f00 4353 545f 4152 4543 455f 4556
0013560 544e 465f 4c49 4554 2052 535f 5f43 5254
0013570 4341 5f45 5645 4e45 5f54 4946 544c 5245
0013580 5200 5354 4749 4d5f 5841 3320 0032 5f5f
0013590 6c67 6269 7863 5f78 6572 7571 7269 7365
00135a0 635f 6e61 645f 6365 6572 656d 746e 725f
00135b0 6e61 6567 5f28 6946 7372 3174 5f2c 614c
00135c0 7473 2c31 465f 7269 7473 2932 0020 425f
00135d0 5449 5f53 5441 4d4f 4349 575f 4449 5f45
00135e0 4f43 4e55 4554 5f52 2048 5f00 4353 565f
00135f0 5f37 504c 3436 4f5f 4646 3436 5f20 4353
0013600 565f 5f37 504c 3436 4f5f 4646 3436 5f00
0013610 635f 7070 725f 6176 756c 5f65 6572 6566
0013620 6572 636e 2065 3032 3630 3031 004c 5f5f
0013630 7063 5f70 696c 5f62 7369 695f 766e 636f
0013640 6261 656c 3220 3130 3037 0033 5f5f 7274
0013650 2079 7274 0079 5f5f 5043 5f55 5246 4545
0013660 6328 7570 6573 2974 5f20 735f 6863 6465
0013670 635f 7570 7266 6565 2820 7063 7375 7465
0013680 0029 4d5f 655f 6172 6573 615f 5f74 6e65
0013690 0064 5a5f 534e 3674 6576 7463 726f 6349
00136a0 6153 6349 4545 5361 5345 3174 6936 696e
00136b0 6974 6c61 7a69 7265 6c5f 7369 4974 4563
00136c0 6100 6c6c 636f 7461 726f 745f 6172 7469
00136d0 3c73 7473 3a64 613a 6c6c 636f 7461 726f
00136e0 633c 6168 3e72 3e20 5f00 665f 726f 6974
00136f0 7966 665f 6e75 7463 6f69 206e 5f5f 7865
0013700 6574 6e72 615f 776c 7961 5f73 6e69 696c
0013710 656e 5f20 615f 7474 6972 7562 6574 615f
0013720 7472 6669 6369 6169 5f6c 005f 5f5f 656e
0013730 6465 5f5f 765f 5f61 696c 7473 5f00 4c47
0013740 4249 5843 5f58 5854 5f4e 4153 4546 445f
0013750 4e59 0020 5f5f 7467 7268 2877 616e 656d
0013760 2029 5f5f 7467 7268 3277 5f28 675f 6874
0013770 7772 205f 2323 6e20 6d61 2c65 616e 656d
0013780 6e2c 6d61 2965 5f00 4353 585f 504f 4e45
0013790 525f 4145 544c 4d49 5f45 4854 4552 4441
00137a0 2053 535f 5f43 4f58 4550 5f4e 4552 4c41
00137b0 4954 454d 545f 5248 4145 5344 5300 5359
00137c0 705f 6f72 6563 7373 765f 5f6d 7277 7469
00137d0 7665 5f20 4e5f 5f52 7270 636f 7365 5f73
00137e0 6d76 775f 6972 6574 0076 5f5f 5453 4344
00137f0 555f 4654 335f 5f32 205f 0031 5f5f 4c46
0013800 3354 5f32 414d 5f58 5845 5f50 205f 3231
0013810 0038 505f 5453 5f4c 5250 4741 414d 535f
0013820 4d49 5f44 5845 4c43 5355 5649 5f45 4353
0013830 4e41 5028 4d52 2029 5f00 5343 505f 534f
0013840 5849 565f 5f37 4c49 3350 5f32 464f 4246
0013850 4749 4c5f 4e49 4654 414c 5347 5f20 5343
0013860 505f 534f 5849 565f 5f37 4c49 3350 5f32
0013870 464f 4246 4749 4c5f 4e49 4654 414c 5347
0013880 5f00 4e5a 534b 3174 6237 7361 6369 735f
0013890 7274 6e69 5f67 6976 7765 6349 7453 3131
00138a0 6863 7261 745f 6172 7469 4973 4563 3145
00138b0 6632 6e69 5f64 616c 7473 6f5f 4566 3253
00138c0 6d5f 5300 4154 505f 5350 5246 5145 3020
00138d0 3078 3030 0032 5f5f 7063 5f70 696c 5f62
00138e0 7361 7573 656d 615f 696c 6e67 6465 3220
00138f0 3130 3138 4c31 5f00 4f50 4953 5f58 5454
0013900 5f59 414e 454d 4d5f 5841 3920 4600 5f44
0013910 455a 4f52 6628 7364 7465 2970 5f20 465f
0013920 5f44 455a 4f52 2820 6466 6573 7074 0029
0013930 765f 6174 6c62 5f65 666f 7366 7465 5f00
0013940 4c47 4249 5843 5f58 4f50 5453 5059 5345
0013950 485f 3120 4900 544e 465f 5341 3154 5f36
0013960 494d 204e 2d28 3239 3332 3733 3032 3633
0013970 3538 3734 3537 3038 4c37 312d 0029 5a5f
0013980 4b4e 7453 3631 6e69 7469 6169 696c 657a
0013990 5f72 696c 7473 4e49 7453 5f37 635f 7878
00139a0 3131 3231 6162 6973 5f63 7473 6972 676e
00139b0 6349 7453 3131 6863 7261 745f 6172 7469
00139c0 4973 4563 6153 6349 4545 4545 6235 6765
00139d0 6e69 7645 5f00 4e5a 7453 7636 6365 6f74
00139e0 4972 5363 4961 4563 3145 5f34 5f4d 6966
00139f0 6c6c 615f 7373 6769 456e 526d 634b 5300
0013a00 5359 705f 6573 656c 7463 2036 5f5f 524e
0013a10 705f 6573 656c 7463 0036 5f5f 6c67 6269
0013a20 5f63 6168 5f73 7865 6574 736e 6f69 286e
0013a30 7865 2974 3020 5f00 4353 325f 505f 5342
0013a40 415f 4343 554f 544e 4e49 2047 535f 5f43
0013a50 5f32 4250 5f53 4341 4f43 4e55 4954 474e
0013a60 5f00 4e5a 7453 5f37 635f 7878 3131 3231
0013a70 6162 6973 5f63 7473 6972 676e 6349 7453
0013a80 3131 6863 7261 745f 6172 7469 4973 4563
0013a90 6153 6349 4545 4c70 6345 5f00 5f53 6863
0013aa0 6365 5f6b 6e69 7469 6c5f 6e65 5000 5044
0013ab0 455f 444e 4149 204e 5f5f 4450 5f50 4e45
0013ac0 4944 4e41 5f00 454e 5f57 4c41 4f4c 4143
0013ad0 4f54 5f52 2048 0031 4d5f 655f 706d 616c
0013ae0 6563 615f 7875 5300 5359 735f 7465 6770
0013af0 6469 5f20 4e5f 5f52 6573 7074 6967 0064
0013b00 475f 494c 4342 5858 485f 5641 5f45 4543
0013b10 4c49 2046 0031 5953 5f53 6d6d 7061 5f20
0013b20 4e5f 5f52 6d6d 7061 5f00 4c47 4249 5843
0013b30 5f58 5341 4e41 415f 4e4e 544f 5441 5f45
0013b40 5247 5745 6e28 2029 7600 7366 6163 666e
0013b50 7300 7274 7265 6f72 0072 6f63 736e 5f74
0013b60 6572 6566 6572 636e 0065 5f5f 444c 4c42
0013b70 4e5f 524f 5f4d 414d 5f58 205f 2e31 3831
0013b80 3739 3133 3934 3335 3735 3332 3731 3536
0013b90 3230 3231 3336 3538 3033 3033 3739 3230
0013ba0 6531 342b 3339 4c32 5f00 5f53 6f6d 6576
0013bb0 5f00 655f 6378 7065 6974 6e6f 705f 7274
0013bc0 5f00 535f 545f 5059 4945 4d53 2851 7562
0013bd0 2966 2820 6228 6675 2d29 733e 5f74 6f6d
0013be0 6564 2d20 2820 7562 2966 3e2d 7473 6d5f
0013bf0 646f 2965 4300 4c4f 5f4c 4557 4749 5448
0013c00 5f53 414d 2058 3532 0035 5f5f 524e 735f
0013c10 7465 745f 7268 6165 5f64 7261 6165 3220
0013c20 3530 5f00 5349 6277 7469 6228 7469 2029
0013c30 2828 6962 2974 3c20 3820 3f20 2820 6e69
0013c40 2974 2820 3128 4c55 3c20 203c 6228 7469
0013c50 2929 3c20 203c 3432 2029 203a 2828 6962
0013c60 2974 3c20 3120 2036 203f 6928 746e 2029
0013c70 2828 5531 204c 3c3c 2820 6962 2974 2029
0013c80 3c3c 3820 2029 203a 2828 6962 2974 3c20
0013c90 3220 2034 203f 6928 746e 2029 2828 5531
0013ca0 204c 3c3c 2820 6962 2974 2029 3e3e 3820
0013cb0 2029 203a 6928 746e 2029 2828 5531 204c
0013cc0 3c3c 2820 6962 2974 2029 3e3e 3220 2934
0013cd0 2929 0029 535f 5f43 4953 4e47 4c41 2053
0013ce0 535f 5f43 4953 4e47 4c41 0053 5f5f 4843
0013cf0 5241 5f38 5954 4550 5f5f 7520 736e 6769
0013d00 656e 2064 6863 7261 5f00 485f 5641 5f45
0013d10 4944 5453 4e49 5443 465f 4f4c 5441 3233
0013d20 3020 6500 6578 7563 6974 6e6f 5f00 5453
0013d30 5f4c 5449 5245 5441 524f 485f 3120 5f00
0013d40 4e5f 5f52 7270 6165 7664 3220 3539 5f00
0013d50 465f 544c 3233 5f58 4944 5f47 205f 3531
0013d60 5f00 4353 565f 5f37 4c49 3350 5f32 464f
0013d70 3346 2032 535f 5f43 3756 495f 504c 3233
0013d80 4f5f 4646 3233 5f00 4e5f 5f52 6573 6674
0013d90 6773 6469 3120 3332 5000 5441 5f48 414d
0013da0 2058 3034 3639 5f00 4c5f 5f43 4449 4e45
0013db0 4954 4946 4143 4954 4e4f 3120 0032 6f6c
0013dc0 6163 746c 6d69 0065 5f5f 524e 745f 6565
0013dd0 3220 3637 5f00 4350 465f 4c49 5345 5a49
0013de0 4245 5449 2053 505f 5f43 4946 454c 4953
0013df0 455a 4942 5354 5f00 4f50 4953 5f58 5a54
0013e00 414e 454d 4d5f 5841 3620 5f00 475f 494c
0013e10 4342 555f 4553 495f 4345 365f 3530 3935
0013e20 455f 5458 5f00 4f49 555f 4553 5f52 4f4c
0013e30 4b43 3020 3878 3030 0030 5f5f 4347 5f43
0013e40 5441 4d4f 4349 575f 4843 5241 545f 4c5f
0013e50 434f 5f4b 5246 4545 3220 5f00 4c47 4249
0013e60 5843 5f58 5343 4454 4544 2046 0031 5f5f
0013e70 524e 665f 6164 6174 7973 636e 3720 0035
0013e80 5f5f 544e 4e48 284c 6366 2974 6620 7463
0013e90 5f20 545f 5248 574f 5300 5359 725f 5f74
0013ea0 6973 7467 6d69 6465 6177 7469 5f20 4e5f
0013eb0 5f52 7472 735f 6769 6974 656d 7764 6961
0013ec0 0074 5f5f 7362 6177 5f70 6f63 736e 6174
0013ed0 746e 335f 2832 2978 2820 2828 7828 2029
0013ee0 2026 7830 6666 3030 3030 3030 2975 3e20
0013ef0 203e 3432 2029 207c 2828 7828 2029 2026
0013f00 7830 3030 6666 3030 3030 2975 3e20 203e
0013f10 2938 7c20 2820 2828 2978 2620 3020 3078
0013f20 3030 6630 3066 7530 2029 3c3c 3820 2029
0013f30 207c 2828 7828 2029 2026 7830 3030 3030
0013f40 3030 6666 2975 3c20 203c 3432 2929 5f00
0013f50 695f 6173 6373 6969 6328 2029 2828 6328
0013f60 2029 2026 307e 3778 2966 3d20 203d 2930
0013f70 5f00 464c 5f53 5341 4e59 4843 4f52 4f4e
0013f80 5355 495f 204f 0031 5f5f 7063 5f70 696c
0013f90 5f62 6f63 736e 6574 7078 5f72 7574 6c70
0013fa0 2065 3032 3831 3131 004c 5453 5441 5f58
0013fb0 4c42 434f 534b 3020 3078 3030 3030 3034
0013fc0 5530 5f00 645f 6265 6775 5f00 4c47 4249
0013fd0 5843 5f58 4e49 4f56 454b 485f 3120 5f00
0013fe0 4547 4f54 5450 435f 524f 5f45 2048 0031
0013ff0 475f 494c 4342 5858 4d5f 4d45 524f 2059
0014000 0031 5a5f 4b4e 7453 3731 6162 6973 5f63
0014010 7473 6972 676e 765f 6569 4977 5363 3174
0014020 6331 6168 5f72 7274 6961 7374 6349 4545
0014030 6634 6e69 4564 4b50 6d63 006d 7473 6372
0014040 7073 006e 505f 534f 5849 435f 4f4c 4b43
0014050 4552 5f53 494d 204e 3032 3030 3030 3030
0014060 4500 4544 4441 4f4c 4b43 4520 4544 4441
0014070 4b4c 5700 4e55 5254 4341 4445 3220 5300
0014080 5359 665f 6863 776f 616e 2074 5f5f 524e
0014090 665f 6863 776f 616e 0074 475f 494c 4342
00140a0 5858 465f 5f53 4150 4854 485f 3120 5f00
00140b0 4f49 424c 2046 0031 5f5f 4c53 4e4f 5747
00140c0 524f 5f44 5954 4550 6c20 6e6f 2067 6e69
00140d0 0074 494c 494d 414e 5f4c 494c 5f42 5346
00140e0 495f 434e 554c 4544 505f 4255 494c 5f43
00140f0 5346 555f 4553 5f52 5048 5f50 0020 5f5f
0014100 5447 5248 4145 5f44 4954 454d 495f 494e
0014110 2054 307b 302c 007d 5a5f 4b4e 7453 7636
0014120 6365 6f74 4972 534e 3774 5f5f 7863 3178
0014130 3131 6232 7361 6369 735f 7274 6e69 4967
0014140 5363 3174 6331 6168 5f72 7274 6961 7374
0014150 6349 5345 4961 4563 4545 6153 5349 5f35
0014160 4545 7236 6562 6967 456e 0076 5953 5f53
0014170 6166 6f6e 6974 7966 6d5f 7261 206b 5f5f
0014180 524e 665f 6e61 746f 6669 5f79 616d 6b72
0014190 5300 5359 6d5f 6d65 6466 635f 6572 7461
00141a0 2065 5f5f 524e 6d5f 6d65 6466 635f 6572
00141b0 7461 0065 5f5f 5753 524f 5f44 5954 4550
00141c0 6c20 6e6f 2067 6e69 0074 5f5f 4953 455a
00141d0 464f 505f 4854 4552 4441 425f 5241 4952
00141e0 5245 5441 5254 545f 3420 5300 5359 735f
00141f0 7465 6572 6967 2064 5f5f 524e 735f 7465
0014200 6572 6967 0064 5f5f 4244 5f4c 494d 5f4e
0014210 5845 5f50 205f 2d28 3031 3132 0029 5f5f
0014220 4643 4f4c 5441 3436 5f20 6f43 706d 656c
0014230 2078 6f64 6275 656c 5f00 4c47 4249 5843
0014240 5f58 4854 4f52 2857 455f 4358 2029 5300
0014250 5359 5f5f 7973 6373 6c74 5f20 4e5f 5f52
0014260 735f 7379 7463 006c 5953 5f53 7270 6165
0014270 7664 2032 5f5f 524e 705f 6572 6461 3276
0014280 5f00 4c47 4249 5843 5f58 4148 4556 415f
0014290 5f54 5551 4349 5f4b 5845 5449 3120 6300
00142a0 6e6f 7473 765f 696f 5f64 6f70 6e69 6574
00142b0 0072 505f 5453 5f4c 5250 4741 414d 535f
00142c0 4d49 5f44 4e49 4c43 5355 5649 5f45 4353
00142d0 4e41 5028 4d52 2029 5f00 675f 696c 6362
00142e0 7878 6c5f 6e6f 5f67 6f64 6275 656c 685f
00142f0 7361 645f 6e65 726f 5f6d 6f6c 7373 6620
0014300 6c61 6573 5300 5359 6d5f 6769 6172 6574
0014310 705f 6761 7365 5f20 4e5f 5f52 696d 7267
0014320 7461 5f65 6170 6567 0073 5953 5f53 716d
0014330 745f 6d69 6465 6573 646e 5f20 4e5f 5f52
0014340 716d 745f 6d69 6465 6573 646e 5f00 745f
0014350 6d69 5f65 0074 5f5f 5f53 5954 4550 5349
0014360 4853 284d 7562 2966 2820 6228 6675 2d29
0014370 733e 5f74 6f6d 6564 2d20 2820 7562 2966
0014380 3e2d 7473 6d5f 646f 2965 5300 4843 5241
0014390 575f 4449 4854 3820 5f00 4c47 4249 5843
00143a0 5f58 5453 4944 5f4f 4553 4b45 435f 5255
00143b0 3120 5f00 4c47 4249 5843 5f58 5341 4e41
00143c0 415f 4e4e 544f 5441 5f45 5247 574f 5f00
00143d0 4e5f 5f52 6166 6f6e 6974 7966 6d5f 7261
00143e0 206b 3033 0031 5f5f 4e4f 4543 415f 494c
00143f0 4e47 454d 544e 0020 475f 494c 4342 5858
0014400 555f 4553 445f 5045 4552 4143 4554 2044
0014410 0031 5a5f 4b4e 7453 3731 6162 6973 5f63
0014420 7473 6972 676e 765f 6569 4977 5363 3174
0014430 6331 6168 5f72 7274 6961 7374 6349 4545
0014440 3731 6966 646e 665f 7269 7473 6e5f 746f
0014450 6f5f 4566 6d63 5f00 4f50 4953 5f58 4954
0014460 454d 5352 3220 3030 3038 4c39 5300 5359
0014470 745f 6d69 7265 735f 7465 6974 656d 5f20
0014480 4e5f 5f52 6974 656d 5f72 6573 7474 6d69
0014490 0065 5f5f 7063 5f70 6973 657a 745f 735f
00144a0 6675 6966 2078 3032 3032 3131 004c 5a5f
00144b0 534e 3674 6576 7463 726f 4e49 7453 5f37
00144c0 635f 7878 3131 3231 6162 6973 5f63 7473
00144d0 6972 676e 6349 7453 3131 6863 7261 745f
00144e0 6172 7469 4973 4563 6153 6349 4545 5345
00144f0 4961 3553 455f 3645 7361 6973 6e67 6d45
0014500 4b52 3553 005f 535f 5f43 4552 445f 5055
0014510 4d5f 5841 5f20 4353 525f 5f45 5544 5f50
0014520 414d 0058 535f 5f43 5954 4550 5f44 454d
0014530 4f4d 5952 4f5f 4a42 4345 5354 5f20 4353
0014540 545f 5059 4445 4d5f 4d45 524f 5f59 424f
0014550 454a 5443 0053 5a5f 534e 3774 5f5f 7863
0014560 3178 3131 6232 7361 6369 735f 7274 6e69
0014570 4967 5363 3174 6331 6168 5f72 7274 6961
0014580 7374 6349 5345 4961 4563 3945 4d5f 6c5f
0014590 6e65 7467 4568 006d 6377 6373 6c6f 006c
00145a0 475f 494c 4342 5858 425f 4745 4e49 4e5f
00145b0 4d41 5345 4150 4543 435f 4e4f 4154 4e49
00145c0 5245 0020 5f5f 5355 5f45 414c 4752 4645
00145d0 4c49 2045 0031 475f 494c 4342 5858 465f
00145e0 4f4c 5441 495f 5f53 4549 4545 425f 4e49
00145f0 5241 3359 2032 0031 5a5f 534e 3674 6576
0014600 7463 726f 4e49 7453 5f37 635f 7878 3131
0014610 3231 6162 6973 5f63 7473 6972 676e 6349
0014620 7453 3131 6863 7261 745f 6172 7469 4973
0014630 4563 6153 6349 4545 5345 4961 3553 455f
0014640 4345 4534 7453 3631 6e69 7469 6169 696c
0014650 657a 5f72 696c 7473 5349 5f35 5245 534b
0014660 5f36 5f00 4c47 4249 5843 5f58 4148 4556
0014670 545f 4e41 4c48 3120 5f00 4353 4e5f 455a
0014680 4f52 5f20 4353 4e5f 455a 4f52 5f00 675f
0014690 696c 6362 7878 6d5f 7861 655f 7078 6e6f
00146a0 6e65 3174 2830 545f 2970 5f20 675f 696c
00146b0 6362 7878 665f 6f6c 7461 6e69 2867 545f
00146c0 2c70 5f20 465f 544c 4d5f 5841 315f 5f30
00146d0 5845 5f50 2c5f 5f20 445f 4c42 4d5f 5841
00146e0 315f 5f30 5845 5f50 2c5f 5f20 4c5f 4244
00146f0 5f4c 414d 5f58 3031 455f 5058 5f5f 0029
0014700 5a5f 534e 3174 6136 6c6c 636f 7461 726f
0014710 745f 6172 7469 4973 6153 6349 4545 6138
0014720 6c6c 636f 7461 4565 5352 5f30 506d 764b
0014730 5300 5359 735f 6863 6465 675f 7465 6661
0014740 6966 696e 7974 5f20 4e5f 5f52 6373 6568
0014750 5f64 6567 6174 6666 6e69 7469 0079 5a5f
0014760 534e 3674 6576 7463 726f 6349 6153 6349
0014770 4545 6434 7461 4561 0076 5a5f 394e 5f5f
0014780 6e67 5f75 7863 3378 6964 4576 7878 5f00
0014790 465f 544c 3231 5f38 414d 544e 445f 4749
00147a0 5f5f 3120 3331 6900 696e 6974 6c61 7a69
00147b0 7265 6c5f 7369 3c74 7473 3a64 5f3a 635f
00147c0 7878 3131 3a3a 6162 6973 5f63 7473 6972
00147d0 676e 633c 6168 2c72 7320 6474 3a3a 6863
00147e0 7261 745f 6172 7469 3c73 6863 7261 2c3e
00147f0 7320 6474 3a3a 6c61 6f6c 6163 6f74 3c72
0014800 6863 7261 203e 203e 003e 475f 494c 4342
0014810 5858 475f 4155 4452 425f 5449 5f20 675f
0014820 6175 6472 745f 7365 5f74 6962 2074 3028
0014830 202c 2931 5f00 4c5f 5f43 5443 5059 2045
0014840 0030 435f 4d4f 4150 4552 0020 5f5f 4c49
0014850 3350 5f32 464f 3346 5f32 4643 414c 5347
0014860 2220 6d2d 3233 0022 5a5f 534e 3674 6576
0014870 7463 726f 4e49 7453 5f37 635f 7878 3131
0014880 3231 6162 6973 5f63 7473 6972 676e 6349
0014890 7453 3131 6863 7261 745f 6172 7469 4973
00148a0 4563 6153 6349 4545 5345 4961 3553 455f
00148b0 3145 5f39 5f53 6f6e 6874 6f72 5f77 6572
00148c0 6f6c 6163 6574 5345 3174 6937 746e 6765
00148d0 6172 5f6c 6f63 736e 6174 746e 6249 624c
00148e0 4531 0045 5953 5f53 7375 7265 6166 6c75
00148f0 6674 2064 5f5f 524e 755f 6573 6672 7561
0014900 746c 6466 5f00 4e5f 5f52 6873 676d 7465
0014910 3220 0039 5f5f 6f63 6564 6d5f 646f 6c65
0014920 735f 616d 6c6c 5f5f 3120 5f00 4c5f 5f43
0014930 4150 4550 2052 0037 475f 494c 4342 5858
0014940 485f 5641 5f45 4d46 444f 204c 0031 5f5f
0014950 4544 3343 5f32 414d 544e 445f 4749 5f5f
0014960 3720 4500 4e4c 4e52 2047 3834 5f00 4e5a
0014970 534b 3174 6237 7361 6369 735f 7274 6e69
0014980 5f67 6976 7765 6349 7453 3131 6863 7261
0014990 745f 6172 7469 4973 4563 3145 7331 6174
00149a0 7472 5f73 6977 6874 6345 5f00 4c47 4249
00149b0 5843 5f58 5355 5f45 4c46 414f 3154 3832
00149c0 3120 5f00 695f 6f73 3963 5f39 7376 7377
00149d0 6163 666e 5300 5359 635f 6f6c 656e 2033
00149e0 5f5f 524e 635f 6f6c 656e 0033 505f 534f
00149f0 5849 545f 4152 4543 4c5f 474f 2d20 0031
0014a00 4e49 5f54 4146 5453 3631 4d5f 5841 2820
0014a10 3239 3332 3733 3032 3633 3538 3734 3537
0014a20 3038 4c37 0029 7461 6c6f 006c 7361 7463
0014a30 6d69 0065 475f 494c 4342 5858 485f 5641
0014a40 5f45 5542 4c49 4954 5f4e 414c 4e55 4544
0014a50 2052 0031 5f5f 4f4c 474e 4d5f 5841 5f5f
0014a60 3020 3778 6666 6666 6666 6666 6666 6666
0014a70 6666 4c66 5f00 4353 535f 5248 5f54 414d
0014a80 2058 535f 5f43 4853 5452 4d5f 5841 5f00
0014a90 465f 544c 3233 5f58 414d 544e 445f 4749
0014aa0 5f5f 3520 0033 7469 7265 7461 726f 745f
0014ab0 6172 7469 3c73 6863 7261 3e2a 5f00 4e5a
0014ac0 7453 5f37 635f 7878 3131 3231 6162 6973
0014ad0 5f63 7473 6972 676e 6349 7453 3131 6863
0014ae0 7261 745f 6172 7469 4973 4563 6153 6349
0014af0 4545 7237 7065 616c 6563 4e45 5f39 675f
0014b00 756e 635f 7878 3731 5f5f 6f6e 6d72 6c61
0014b10 695f 6574 6172 6f74 4972 4b50 5363 5f34
0014b20 4545 3953 535f 3174 6936 696e 6974 6c61
0014b30 7a69 7265 6c5f 7369 4974 4563 5f00 4c47
0014b40 4249 5843 5f58 5355 5f45 5453 5f44 5053
0014b50 4345 465f 4e55 5343 3120 5f00 4c47 4249
0014b60 5843 5f58 5743 4843 5241 3120 5f00 4f50
0014b70 4953 5f58 4f4d 4f4e 4f54 494e 5f43 4c43
0014b80 434f 204b 0030 735f 6f68 7472 7562 0066
0014b90 5357 4f54 5050 4445 3220 5f00 575f 5453
0014ba0 504f 4953 2847 7473 7461 7375 2029 5f5f
0014bb0 4557 4958 5354 4154 5554 2853 7473 7461
0014bc0 7375 0029 4955 544e 3631 4d5f 5841 2820
0014bd0 3536 3335 2935 5f00 4c47 4249 5843 5f58
0014be0 5746 5244 4645 5f28 7054 2029 545f 2670
0014bf0 0026 5953 5f53 706f 6e65 625f 5f79 6168
0014c00 646e 656c 615f 2074 5f5f 524e 6f5f 6570
0014c10 5f6e 7962 685f 6e61 6c64 5f65 7461 5f00
0014c20 675f 696c 6362 7878 6c5f 6e6f 5f67 6f64
0014c30 6275 656c 685f 7361 645f 6e65 726f 5f6d
0014c40 6f6c 7373 5f00 4e5f 5f52 736d 7267 7663
0014c50 3720 0030 535f 5f43 454c 4556 324c 435f
0014c60 4341 4548 415f 5353 434f 5f20 4353 4c5f
0014c70 5645 4c45 5f32 4143 4843 5f45 5341 4f53
0014c80 0043 5953 5f53 7270 636f 7365 5f73 6d76
0014c90 725f 6165 7664 5f20 4e5f 5f52 7270 636f
0014ca0 7365 5f73 6d76 725f 6165 7664 5f00 4c47
0014cb0 4249 5843 5f58 5843 5f58 4f4c 4143 454c
0014cc0 485f 3120 5f00 475f 494c 4342 555f 4553
0014cd0 445f 5045 4552 4143 4554 5f44 4547 5354
0014ce0 3020 5f00 4e5a 7453 6938 736f 625f 7361
0014cf0 3465 6e49 7469 5361 5245 534b 5f30 5f00
0014d00 475f 554e 5f43 205f 3131 5f00 4c47 4249
0014d10 5843 5f58 4148 4556 535f 4454 4f42 4c4f
0014d20 485f 3120 5300 4154 5854 415f 5454 5f52
0014d30 4f4e 5544 504d 3020 3078 3030 3030 3430
0014d40 0030 4853 5452 4d5f 5841 5f20 535f 5248
0014d50 5f54 414d 5f58 005f 5f53 5249 5857 2055
0014d60 5f28 535f 495f 4552 4441 5f7c 535f 495f
0014d70 5257 5449 7c45 5f5f 5f53 4549 4558 2943
0014d80 5f00 4c47 4249 5843 5f58 4241 5f49 4154
0014d90 5f47 5843 3158 2031 5f5f 7461 7274 6269
0014da0 7475 2065 2828 5f5f 6261 5f69 6174 5f67
0014db0 205f 2228 7863 3178 2231 2929 0029 6f70
0014dc0 6973 6974 6576 735f 6769 006e 5f5f 4c47
0014dd0 4249 5f43 5355 5f45 4544 5250 4345 5441
0014de0 4445 535f 4143 464e 5f00 4e5a 7453 5f37
0014df0 635f 7878 3131 3231 6162 6973 5f63 7473
0014e00 6972 676e 6349 7453 3131 6863 7261 745f
0014e10 6172 7469 4973 4563 6153 6349 4545 3331
0014e20 4d5f 735f 7465 6c5f 6e65 7467 4568 006d
0014e30 505f 534f 5849 535f 4d45 565f 4c41 4555
0014e40 4d5f 5841 3320 3732 3736 6100 6c6c 636f
0014e50 0061 6672 6e69 0064 5f5f 4e49 5f54 4146
0014e60 5453 3631 545f 5059 5f45 205f 6f6c 676e
0014e70 6920 746e 7400 5f6d 646d 7961 5f00 5453
0014e80 5f4c 4554 504d 5542 5f46 2048 0031 5a5f
0014e90 4b4e 7453 3731 6162 6973 5f63 7473 6972
0014ea0 676e 765f 6569 4977 5363 3174 6331 6168
0014eb0 5f72 7274 6961 7374 6349 4545 6338 6e6f
0014ec0 6174 6e69 4573 0063 505f 534f 5849 545f
0014ed0 5248 4145 5f44 4544 5453 5552 5443 524f
0014ee0 495f 4554 4152 4954 4e4f 2053 0034 5043
0014ef0 5f55 4c41 4f4c 2843 6f63 6e75 2974 5f20
0014f00 435f 5550 415f 4c4c 434f 2820 6f63 6e75
0014f10 2974 5f00 6b5f 7265 656e 5f6c 6c6f 5f64
0014f20 6975 5f64 2074 5f5f 656b 6e72 6c65 6f5f
0014f30 646c 755f 6469 745f 5f00 535f 5551 4441
0014f40 545f 5059 2045 6f6c 676e 6920 746e 5300
0014f50 5359 735f 6c65 6365 2074 5f5f 524e 735f
0014f60 6c65 6365 0074 435f 5f53 4258 3553 4c5f
0014f70 3650 5f34 464f 3646 5f34 444c 4c46 4741
0014f80 2053 435f 5f53 4258 3553 4c5f 3650 5f34
0014f90 464f 3646 5f34 444c 4c46 4741 0053 5a5f
0014fa0 4b4e 7453 3731 6162 6973 5f63 7473 6972
0014fb0 676e 765f 6569 4977 5363 3174 6331 6168
0014fc0 5f72 7274 6961 7374 6349 4545 6337 6d6f
0014fd0 6170 6572 5045 634b 4c00 5f43 4954 454d
0014fe0 4d5f 5341 204b 3128 3c20 203c 5f5f 434c
0014ff0 545f 4d49 2945 5f00 4e5f 5f52 7475 6d69
0015000 2065 3331 0032 5f5f 6c67 6269 7863 5f78
0015010 6572 7571 7269 7365 695f 7272 6665 656c
0015020 6978 6576 2832 465f 7269 7473 5f2c 614c
0015030 7473 2029 5f00 4e5f 5f52 6573 7274 7365
0015040 6975 2064 3131 0037 5f5f 4e49 5f54 454c
0015050 5341 3354 5f32 5954 4550 5f5f 6920 746e
0015060 5f00 735f 6769 6573 5f74 5f74 6564 6966
0015070 656e 2064 0031 5453 5f41 4c43 204b 7830
0015080 3038 3030 4500 4853 5455 4f44 4e57 3120
0015090 3830 5f00 5f4d 7673 5f00 495f 5f44 5f54
00150a0 5954 4550 5f20 555f 3233 545f 5059 0045
00150b0 5f5f 7473 6275 735f 6769 6572 7574 6e72
00150c0 0020 5f5f 4c53 4e4f 3347 5f32 5954 4550
00150d0 6920 746e 5f00 4e5f 5f52 6d75 756f 746e
00150e0 2032 3631 0036 535f 5f43 4e49 5f54 494d
00150f0 204e 535f 5f43 4e49 5f54 494d 004e 5f5f
0015100 7063 5f70 696c 5f62 6e69 6574 7267 6c61
0015110 635f 6e6f 7473 6e61 5f74 6163 6c6c 6261
0015120 656c 3220 3130 3033 0034 5f5f 524e 6d5f
0015130 6e75 6f6c 6b63 6c61 206c 3531 0032 5a5f
0015140 534e 3674 6576 7463 726f 6349 6153 6349
0015150 4545 3444 7645 5000 4854 4552 4441 435f
0015160 4e41 4543 454c 2044 2828 6f76 6469 2a20
0015170 2029 312d 0029 5953 5f53 7566 6574 2078
0015180 5f5f 524e 665f 7475 7865 5f00 5453 5f4c
0015190 5254 4545 485f 3120 5f00 4353 535f 4c45
00151a0 4345 2054 535f 5f43 4553 454c 5443 5f00
00151b0 4c47 4249 5843 5f58 5341 4e41 415f 4e4e
00151c0 544f 5441 5f45 4552 4e49 5449 0020 505f
00151d0 534f 5849 5f32 4556 5352 4f49 204e 5f5f
00151e0 4f50 4953 3258 545f 4948 5f53 4556 5352
00151f0 4f49 004e 5f5f 524e 735f 6177 6f70 6666
0015200 3120 3836 5f00 4e5a 534b 3174 6237 7361
0015210 6369 735f 7274 6e69 5f67 6976 7765 6349
0015220 7453 3131 6863 7261 745f 6172 7469 4973
0015230 4563 3445 6973 657a 7645 5f00 655f 7478
0015240 7265 5f6e 6c61 6177 7379 695f 6c6e 6e69
0015250 2065 7865 6574 6e72 5f20 615f 776c 7961
0015260 5f73 6e69 696c 656e 5f20 615f 7474 6972
0015270 7562 6574 5f5f 2820 5f28 675f 756e 695f
0015280 6c6e 6e69 5f65 295f 0029 555f 4f4e 4452
0015290 5245 4445 4d5f 5041 485f 0020 5f5f 7063
00152a0 5f70 696c 5f62 6f62 6e75 6564 5f64 7261
00152b0 6172 5f79 7274 6961 7374 3220 3130 3039
00152c0 4c32 5f00 4152 474e 5345 415f 474c 5f4f
00152d0 2048 0031 5f5f 4c46 3654 5f34 4148 5f53
00152e0 4e49 4946 494e 5954 5f5f 3120 5f00 5453
00152f0 5f4c 4544 5551 5f45 2048 0031 5043 5f55
0015300 4f58 5f52 2853 6573 7374 7a69 2c65 6564
0015310 7473 6573 2c74 7273 7363 7465 2c31 7273
0015320 7363 7465 2932 5f20 435f 5550 4f5f 5f50
0015330 2053 7328 7465 6973 657a 202c 6564 7473
0015340 6573 2c74 7320 6372 6573 3174 202c 7273
0015350 7363 7465 2c32 5e20 0029 6377 7274 6e61
0015360 5f73 0074 495f 5f4f 6173 6576 655f 646e
0015370 5f00 4942 5354 465f 4f4c 5441 5f4e 4f43
0015380 4d4d 4e4f 485f 0020 5f5f 4c46 3654 5f34
0015390 494d 5f4e 5845 5f50 205f 2d28 3031 3132
00153a0 0029 525f 4e41 4547 5f53 4c41 4f47 4142
00153b0 4553 485f 3120 5f00 4e5f 5f52 666e 7373
00153c0 7265 6376 6c74 3120 3038 5300 5359 665f
00153d0 6373 6e6f 6966 2067 5f5f 524e 665f 6373
00153e0 6e6f 6966 0067 5f5f 6f6e 6d72 6c61 695f
00153f0 6574 6172 6f74 3c72 6863 7261 2c2a 7320
0015400 6474 3a3a 6576 7463 726f 633c 6168 2c72
0015410 7320 6474 3a3a 6c61 6f6c 6163 6f74 3c72
0015420 6863 7261 203e 203e 003e 5f5f 4953 455a
0015430 4d5f 5841 5f5f 3020 6678 6666 6666 6666
0015440 6666 6666 6666 6666 5566 004c 5f5f 4244
0015450 5f4c 4148 5f53 4e49 4946 494e 5954 5f5f
0015460 3120 5f00 534f 5254 4145 5f4d 4e49 4553
0015470 5452 485f 3120 5f00 4f50 4953 5f58 4954
0015480 454d 554f 5354 3220 3030 3038 4c39 5f00
0015490 4f50 4953 3258 435f 4c4f 5f4c 4557 4749
00154a0 5448 5f53 414d 2058 0032 5f5f 4c47 4249
00154b0 5f43 5355 2845 2946 5f20 475f 494c 4342
00154c0 555f 4553 205f 2323 4620 5f00 505f 544d
00154d0 6128 6772 2973 6120 6772 0073 5953 5f53
00154e0 6163 6770 7465 5f20 4e5f 5f52 6163 6770
00154f0 7465 5300 4843 4445 445f 4145 4c44 4e49
0015500 2045 0036 535f 4c54 555f 494e 494e 4954
0015510 4c41 5a49 4445 485f 3120 5300 5359 735f
0015520 6174 6674 2073 5f5f 524e 735f 6174 6674
0015530 0073 5953 5f53 6f69 635f 6e61 6563 206c
0015540 5f5f 524e 695f 5f6f 6163 636e 6c65 4100
0015550 4a44 4e5f 4e41 204f 7830 3032 3030 5f00
0015560 4e5a 7453 7636 6365 6f74 4972 534e 3774
0015570 5f5f 7863 3178 3131 6232 7361 6369 735f
0015580 7274 6e69 4967 5363 3174 6331 6168 5f72
0015590 7274 6961 7374 6349 5345 4961 4563 4545
00155a0 6153 5349 5f35 4545 5f38 5f4d 7265 7361
00155b0 4565 394e 5f5f 6e67 5f75 7863 3178 5f37
00155c0 6e5f 726f 616d 5f6c 7469 7265 7461 726f
00155d0 5049 3553 535f 5f37 4545 5f00 5f53 7265
00155e0 6f72 5f72 6162 6264 6172 6563 4400 4645
00155f0 5541 544c 545f 4d49 5f45 4e55 5449 5300
0015600 5359 705f 7274 6361 2065 5f5f 524e 705f
0015610 7274 6361 0065 4d5f 735f 7465 6c5f 6e65
0015620 7467 0068 5953 5f53 7571 746f 6361 6c74
0015630 5f20 4e5f 5f52 7571 746f 6361 6c74 5f00
0015640 6e5f 6565 5f64 5f5f 6176 6c5f 7369 2074
0015650 5300 495f 4453 5249 6d28 646f 2965 5f20
0015660 535f 495f 5453 5059 2845 6d28 646f 2965
0015670 202c 5f5f 5f53 4649 4944 2952 5f00 615f
0015680 646d 3436 5f5f 3120 4500 5250 544f 544f
0015690 5059 2045 3139 5f00 4e5f 5f52 6567 7274
00156a0 7365 6967 2064 3231 0030 535f 5f43 4854
00156b0 4552 4441 545f 5248 4145 5344 4d5f 5841
00156c0 5f20 4353 545f 5248 4145 5f44 4854 4552
00156d0 4441 5f53 414d 0058 505f 534f 5849 525f
00156e0 4145 4544 5f52 5257 5449 5245 4c5f 434f
00156f0 534b 3220 3030 3038 4c39 5f00 4353 505f
0015700 4949 5f20 4353 505f 4949 6600 7277 7469
0015710 0065 4957 544e 4d5f 5841 2820 3234 3439
0015720 3639 3237 3539 2975 5f00 495f 544e 414d
0015730 5f58 4957 5444 5f48 205f 3436 6600 6567
0015740 7774 0063 4953 5f47 5441 4d4f 4349 4d5f
0015750 4e49 2820 322d 3431 3437 3338 3436 2d37
0015760 2931 5f00 4f58 4550 5f4e 4e55 5849 3120
0015770 6600 6567 7774 0073 5043 5f55 5349 4553
0015780 5f54 2853 7063 2c75 6573 7374 7a69 2c65
0015790 7063 7375 7465 2970 5f20 435f 5550 495f
00157a0 5353 5445 535f 2820 7063 2c75 7320 7465
00157b0 6973 657a 202c 7063 7375 7465 2970 5f00
00157c0 485f 5641 5f45 4c46 414f 4e54 4e5f 544f
00157d0 545f 5059 4445 4645 3020 5300 5359 695f
00157e0 706f 7265 206d 5f5f 524e 695f 706f 7265
00157f0 006d 5a5f 534e 3674 6576 7463 726f 4e49
0015800 7453 5f37 635f 7878 3131 3231 6162 6973
0015810 5f63 7473 6972 676e 6349 7453 3131 6863
0015820 7261 745f 6172 7469 4973 4563 6153 6349
0015830 4545 5345 4961 3553 455f 3245 5f31 5f4d
0015840 6564 6166 6c75 5f74 6e69 7469 6169 696c
0015850 657a 6d45 5f00 675f 696c 6362 7878 725f
0015860 7165 6975 6572 5f73 6170 7472 7469 6f69
0015870 656e 5f64 6f6c 6577 5f72 7270 6465 5f28
0015880 6946 7372 2c74 4c5f 7361 2c74 565f 6c61
0015890 6575 5f2c 7250 6465 2029 5f00 4e5a 7453
00158a0 7636 6365 6f74 4972 534e 3774 5f5f 7863
00158b0 3178 3131 6232 7361 6369 735f 7274 6e69
00158c0 4967 5363 3174 6331 6168 5f72 7274 6961
00158d0 7374 6349 5345 4961 4563 4545 6153 5349
00158e0 5f35 4545 3731 535f 635f 6568 6b63 695f
00158f0 696e 5f74 656c 456e 526d 534b 5f36 4300
0015900 4f4c 454e 535f 5359 5356 4d45 3020 3078
0015910 3030 3034 3030 0030 5f5f 5355 5f45 494d
0015920 4353 4500 4e49 5250 474f 4552 5353 3120
0015930 3531 6300 7275 6572 636e 5f79 7973 626d
0015940 6c6f 5f00 4353 585f 504f 4e45 585f 4750
0015950 2034 535f 5f43 4f58 4550 5f4e 5058 3447
0015960 5300 5359 6c5f 6e61 6c64 636f 5f6b 6461
0015970 5f64 7572 656c 5f20 4e5f 5f52 616c 646e
0015980 6f6c 6b63 615f 6464 725f 6c75 0065 415f
0015990 534e 5f49 5453 4444 4645 485f 0020 5a5f
00159a0 4b4e 5f39 675f 756e 635f 7878 3731 5f5f
00159b0 6f6e 6d72 6c61 695f 6574 6172 6f74 4972
00159c0 4b50 4e63 7453 5f37 635f 7878 3131 3231
00159d0 6162 6973 5f63 7473 6972 676e 6349 7453
00159e0 3131 6863 7261 745f 6172 7469 4973 4563
00159f0 6153 6349 4545 4545 6c70 6c45 4200 5f43
0015a00 5453 4952 474e 4d5f 5841 5f20 4f50 4953
0015a10 3258 425f 5f43 5453 4952 474e 4d5f 5841
0015a20 5f00 4c47 4249 5843 5f58 4148 4556 555f
0015a30 4843 5241 485f 3120 4900 544e 4d5f 5841
0015a40 5f20 495f 544e 4d5f 5841 5f5f 5f00 4e5f
0015a50 5f52 7973 636e 3120 3236 5f00 475f 494c
0015a60 4342 555f 4553 495f 4f53 3243 2058 0031
0015a70 5f5f 6d63 5f70 6163 0074 535f 5f43 5355
0015a80 5248 5f54 414d 2058 535f 5f43 5355 5248
0015a90 5f54 414d 0058 4f4c 474e 4d5f 5841 5f20
0015aa0 4c5f 4e4f 5f47 414d 5f58 005f 6c36 6964
0015ab0 5f76 0074 5f5f 4357 4148 5f52 494d 5f4e
0015ac0 205f 2d28 5f5f 4357 4148 5f52 414d 5f58
0015ad0 205f 202d 2931 4500 5453 5052 5049 2045
0015ae0 3638 6d00 6e6f 675f 6f72 7075 6e69 0067
0015af0 5a5f 534e 3774 5f5f 7863 3178 3131 6232
0015b00 7361 6369 735f 7274 6e69 4967 5363 3174
0015b10 6331 6168 5f72 7274 6961 7374 6349 5345
0015b20 4961 4563 3445 7773 7061 5245 3453 005f
0015b30 5f5f 5953 4353 4c41 5f4c 4c55 4e4f 5f47
0015b40 5954 4550 5f20 555f 4f4c 474e 4f57 4452
0015b50 545f 5059 0045 5f5f 6e69 7469 6169 696c
0015b60 657a 705f 6300 6272 6765 6e69 5f00 465f
0015b70 544c 4d5f 5841 315f 5f30 5845 5f50 205f
0015b80 3833 4500 4f4e 5554 494e 2051 3637 6800
0015b90 6f74 6562 3631 7828 2029 5f5f 7362 6177
0015ba0 5f70 3631 2820 2978 7400 5f6d 6f6d 006e
0015bb0 4c43 4e4f 5f45 454e 4e57 5445 3020 3478
0015bc0 3030 3030 3030 0030 5f5f 4c46 3154 3832
0015bd0 4d5f 4e49 5f5f 3320 332e 3236 3031 3133
0015be0 3334 3131 3032 3339 3035 3236 3236 3736
0015bf0 3837 3731 3233 3731 3235 3036 2d65 3934
0015c00 3233 3146 3832 5f00 4c47 4249 5843 5f58
0015c10 4942 5354 5445 575f 524f 5344 5f28 6e5f
0015c20 2029 2828 5f5f 296e 2f20 5f20 4c47 4249
0015c30 5843 5f58 4942 5354 5445 425f 5449 5f53
0015c40 4550 5f52 4f57 4452 2b20 2820 5f28 6e5f
0015c50 2029 2025 475f 494c 4342 5858 425f 5449
0015c60 4553 5f54 4942 5354 505f 5245 575f 524f
0015c70 2044 3d3d 3020 3f20 3020 3a20 3120 2929
0015c80 5f00 4e5a 7453 7636 6365 6f74 4972 5363
0015c90 4961 4563 3345 6e65 4564 0076 7369 6177
0015ca0 6e6c 6d75 5f00 4c47 4249 5843 5f58 4f49
0015cb0 4653 4457 3120 4500 5053 5049 2045 3932
0015cc0 5f00 4e5f 5f52 706f 6e65 745f 6572 2065
0015cd0 3234 0038 5f5f 7063 5f70 6761 7267 6765
0015ce0 7461 5f65 6162 6573 2073 3032 3631 3330
0015cf0 004c 494c 494d 414e 5f4c 5346 495f 434e
0015d00 554c 4544 505f 4255 494c 5f43 5346 505f
0015d10 5245 494d 4953 4e4f 485f 5050 205f 5300
0015d20 5359 625f 6b72 5f20 4e5f 5f52 7262 006b
0015d30 5953 5f53 616c 646e 6f6c 6b63 725f 7365
0015d40 7274 6369 5f74 6573 666c 5f20 4e5f 5f52
0015d50 616c 646e 6f6c 6b63 725f 7365 7274 6369
0015d60 5f74 6573 666c 5f00 635f 7070 6c5f 6269
0015d70 6e5f 6c75 5f6c 7469 7265 7461 726f 2073
0015d80 3032 3331 3430 004c 5f5f 444c 4c42 525f
0015d90 4445 5249 2831 616e 656d 702c 6f72 6f74
0015da0 612c 696c 7361 2029 616e 656d 7020 6f72
0015db0 6f74 5f00 4e5a 534b 3174 6237 7361 6369
0015dc0 735f 7274 6e69 5f67 6976 7765 6349 7453
0015dd0 3131 6863 7261 745f 6172 7469 4973 4563
0015de0 3945 6e65 7364 775f 7469 4568 3253 005f
0015df0 5845 5546 4c4c 3520 0034 5f5f 524e 735f
0015e00 7465 6178 7474 2072 3831 0038 535f 5f43
0015e10 4854 4552 4441 415f 5454 5f52 5453 4341
0015e20 414b 4444 2052 535f 5f43 4854 4552 4441
0015e30 415f 5454 5f52 5453 4341 414b 4444 0052
0015e40 5a5f 534e 3774 5f5f 7863 3178 3131 6232
0015e50 7361 6369 735f 7274 6e69 4967 5363 3174
0015e60 6331 6168 5f72 7274 6961 7374 6349 5345
0015e70 4961 4563 3845 4d5f 655f 6172 6573 6d45
0015e80 006d 505f 5453 5f4c 5845 4345 5455 4f49
0015e90 5f4e 4f50 494c 5943 445f 4645 5f53 2048
0015ea0 6600 6573 6b65 5f00 4f50 4953 3258 435f
0015eb0 425f 4e49 2044 5f5f 4f50 4953 3258 545f
0015ec0 4948 5f53 4556 5352 4f49 004e 475f 494c
0015ed0 4342 5858 485f 5641 5f45 4357 5954 4550
0015ee0 485f 3120 5f00 4c47 4249 5843 3258 5f30
0015ef0 4544 5250 4345 5441 4445 535f 4755 4547
0015f00 5453 4128 544c 2029 475f 494c 4342 5858
0015f10 445f 5045 4552 4143 4554 5f44 5553 4747
0015f20 5345 2854 4c41 2954 5f00 4e5a 534b 3774
0015f30 5f5f 7863 3178 3131 6232 7361 6369 735f
0015f40 7274 6e69 4967 5363 3174 6331 6168 5f72
0015f50 7274 6961 7374 6349 5345 4961 4563 6345
0015f60 5376 3174 6237 7361 6369 735f 7274 6e69
0015f70 5f67 6976 7765 6349 3253 455f 7645 5f00
0015f80 635f 7878 3131 5300 5359 635f 6f6c 6b63
0015f90 6e5f 6e61 736f 656c 7065 5f20 4e5f 5f52
0015fa0 6c63 636f 5f6b 616e 6f6e 6c73 6565 0070
0015fb0 5450 5248 4145 5f44 5752 4f4c 4b43 575f
0015fc0 4952 4554 5f52 4f4e 524e 4345 5255 4953
0015fd0 4556 495f 494e 4954 4c41 5a49 5245 4e5f
0015fe0 2050 207b 207b 5f5f 5450 5248 4145 5f44
0015ff0 5752 4f4c 4b43 495f 494e 4954 4c41 5a49
0016000 5245 2820 5450 5248 4145 5f44 5752 4f4c
0016010 4b43 505f 4552 4546 5f52 5257 5449 5245
0016020 4e5f 4e4f 4552 5543 5352 5649 5f45 504e
0016030 2029 207d 007d 5f5f 4f57 4452 4953 455a
0016040 545f 4d49 3645 5f34 4f43 504d 5441 3233
0016050 3120 5f00 4e5a 534b 3674 6576 7463 726f
0016060 6349 6153 6349 4545 6336 6562 6967 456e
0016070 0076 5f5f 524e 6d5f 6773 7463 206c 3137
0016080 5f00 4e5f 5f52 7065 6c6f 5f6c 7263 6165
0016090 6574 3220 3331 5f00 4e5a 7453 5f37 635f
00160a0 7878 3131 3231 6162 6973 5f63 7473 6972
00160b0 676e 6349 7453 3131 6863 7261 745f 6172
00160c0 7469 4973 4563 6153 6349 4545 6535 6172
00160d0 6573 4e45 5f39 675f 756e 635f 7878 3731
00160e0 5f5f 6f6e 6d72 6c61 695f 6574 6172 6f74
00160f0 4972 4b50 5363 5f34 4545 5f00 4e5a 7453
0016100 5f37 635f 7878 3131 3231 6162 6973 5f63
0016110 7473 6972 676e 6349 7453 3131 6863 7261
0016120 745f 6172 7469 4973 4563 6153 6349 4545
0016130 4c70 5345 3174 6936 696e 6974 6c61 7a69
0016140 7265 6c5f 7369 4974 4563 4500 5748 4f50
0016150 5349 4e4f 3120 3333 5f00 4c47 4249 5843
0016160 5f58 4148 4556 545f 4d47 5441 5f48 2048
0016170 0031 5953 5f53 7773 7061 6e6f 5f20 4e5f
0016180 5f52 7773 7061 6e6f 5f00 635f 7070 6c5f
0016190 6269 625f 7479 2065 3032 3631 3330 5300
00161a0 5359 705f 7265 6f73 616e 696c 7974 5f20
00161b0 4e5f 5f52 6570 7372 6e6f 6c61 7469 0079
00161c0 5a5f 534e 3174 5f32 6556 7463 726f 625f
00161d0 7361 4965 534e 3774 5f5f 7863 3178 3131
00161e0 6232 7361 6369 735f 7274 6e69 4967 5363
00161f0 3174 6331 6168 5f72 7274 6961 7374 6349
0016200 5345 4961 4563 4545 6153 5349 5f35 4545
0016210 3443 5245 534b 5f36 5f00 4353 545f 5248
0016220 4145 5344 5f20 4353 545f 5248 4145 5344
0016230 5f00 4f43 4544 5643 5f54 2048 0031 475f
0016240 494c 4342 5858 555f 4553 435f 3939 435f
0016250 4d4f 4c50 5845 545f 3152 3120 5f00 4c47
0016260 4249 5843 5f58 4156 4952 4e41 2054 0031
0016270 5f5f 6c66 616f 3174 3832 5f00 465f 4f4c
0016280 5441 575f 524f 5f44 524f 4544 5f52 205f
0016290 5f5f 524f 4544 5f52 494c 5454 454c 455f
00162a0 444e 4149 5f4e 005f 5953 5f53 7270 7463
00162b0 206c 5f5f 524e 705f 6372 6c74 5000 4854
00162c0 4552 4441 535f 4f43 4550 535f 5359 4554
00162d0 204d 5450 5248 4145 5f44 4353 504f 5f45
00162e0 5953 5453 4d45 5f00 755f 646e 6665 4e5f
00162f0 5f52 504f 4e45 0020 475f 494c 4342 5858
0016300 485f 5641 5f45 4547 4954 4950 464e 204f
0016310 0031 535f 5f43 4f43 4c4c 575f 4945 4847
0016320 5354 4d5f 5841 5f20 4353 435f 4c4f 5f4c
0016330 4557 4749 5448 5f53 414d 0058 5a5f 4b4e
0016340 7453 7636 6365 6f74 4972 534e 3774 5f5f
0016350 7863 3178 3131 6232 7361 6369 735f 7274
0016360 6e69 4967 5363 3174 6331 6168 5f72 7274
0016370 6961 7374 6349 5345 4961 4563 4545 6153
0016380 5349 5f35 4545 6434 7461 4561 0076 5a5f
0016390 534e 3774 5f5f 7863 3178 3131 6232 7361
00163a0 6369 735f 7274 6e69 4967 5363 3174 6331
00163b0 6168 5f72 7274 6961 7374 6349 5345 4961
00163c0 4563 3145 5f32 735f 5f76 7277 7061 6570
00163d0 4372 4534 7453 3731 6162 6973 5f63 7473
00163e0 6972 676e 765f 6569 4977 5363 5f32 0045
00163f0 5f5f 5355 5f45 414c 4752 4645 4c49 3645
0016400 0034 6f74 6f6c 6577 0072 5f5f 4e47 4355
0016410 565f 5f41 494c 5453 0020 5f57 4b4f 3220
0016420 5f00 4c47 4249 5843 5f58 414d 2050 0031
0016430 4c43 434f 5f4b 4552 4c41 4954 454d 415f
0016440 414c 4d52 3820 5f00 5f5f 6e69 5f74 7470
0016450 6472 6669 5f66 5f74 2068 5300 4154 5854
0016460 555f 4449 3020 3078 3030 3030 3030 5538
0016470 5f00 4353 585f 504f 4e45 525f 4145 544c
0016480 4d49 2045 535f 5f43 4f58 4550 5f4e 4552
0016490 4c41 4954 454d 5f00 4e5f 5f52 6c63 636f
00164a0 5f6b 6461 746a 6d69 2065 3033 0035 5f5f
00164b0 4e49 5f54 4146 5453 5f38 4957 5444 5f48
00164c0 205f 0038 5f5f 4347 5f43 5441 4d4f 4349
00164d0 435f 4148 3852 545f 4c5f 434f 5f4b 5246
00164e0 4545 3220 5f00 635f 7070 6c5f 6269 615f
00164f0 796e 3220 3130 3036 4c36 5700 4f43 544e
0016500 4e49 4555 2044 0038 5f5f 524e 745f 6d69
0016510 7365 3120 3030 5f00 4c47 4249 5843 5f58
0016520 4148 4556 4c5f 4d49 5449 445f 5441 2041
0016530 0031 5f5f 524e 5f5f 7973 6373 6c74 3120
0016540 3635 5700 4554 4d52 4953 2847 7473 7461
0016550 7375 2029 5f5f 5457 5245 534d 4749 2820
0016560 7473 7461 7375 0029 5f5f 7673 775f 6172
0016570 7070 7265 5f00 5f53 7265 6f72 5f72 6172
0016580 676e 0065 475f 494c 4342 5858 495f 4554
0016590 4152 4f54 2052 0031 5441 4d4f 4349 4c5f
00165a0 4e4f 5f47 4f4c 4b43 465f 4552 2045 5f5f
00165b0 4347 5f43 5441 4d4f 4349 4c5f 4e4f 5f47
00165c0 4f4c 4b43 465f 4552 0045 5f5f 6c62 636b
00165d0 746e 745f 645f 6665 6e69 6465 0020 6377
00165e0 7273 6f74 626d 0073 5f5f 5043 5f55 4f43
00165f0 4e55 5f54 2853 6573 7374 7a69 2c65 7063
0016600 7375 7465 2970 5f20 735f 6863 6465 635f
0016610 7570 6f63 6e75 2074 7328 7465 6973 657a
0016620 202c 7063 7375 7465 2970 5f00 4f50 4953
0016630 5f58 5953 4c4d 4e49 5f4b 414d 2058 3532
0016640 0035 535f 5f43 494d 534e 4749 5453 534b
0016650 205a 535f 5f43 494d 534e 4749 5453 534b
0016660 005a 475f 494c 4342 5858 555f 4553 4c5f
0016670 5346 3120 5f00 616d 6b72 7265 0073 5953
0016680 5f53 6f70 6c6c 5f20 4e5f 5f52 6f70 6c6c
0016690 5f00 4c47 4249 5843 5f58 4148 4556 535f
00166a0 5359 495f 4350 485f 3120 5f00 4d5f 444f
00166b0 5f45 5f54 5954 4550 5f20 555f 3233 545f
00166c0 5059 0045 475f 494c 4342 5858 3131 555f
00166d0 4553 435f 3939 575f 4843 5241 3120 5f00
00166e0 4e5f 5f52 716d 6e5f 746f 6669 2079 3432
00166f0 0034 656c 3233 6f74 2868 2978 5f20 755f
0016700 6e69 3374 5f32 6469 6e65 6974 7974 2820
0016710 2978 5300 5359 6d5f 7973 636e 5f20 4e5f
0016720 5f52 736d 6e79 0063 5a5f 4b4e 7453 5f37
0016730 635f 7878 3131 3231 6162 6973 5f63 7473
0016740 6972 676e 6349 7453 3131 6863 7261 745f
0016750 6172 7469 4973 4563 6153 6349 4545 7236
0016760 6562 6967 456e 0076 5f5f 4c46 3654 5f34
0016770 414d 5f58 5845 5f50 205f 3031 3432 5f00
0016780 5f4d 6572 6c70 6361 5f65 7561 0078 5245
0016790 4d45 544f 2045 3636 5f00 465f 544c 3233
00167a0 445f 4e45 524f 5f4d 494d 5f4e 205f 2e31
00167b0 3034 3231 3839 3634 3334 3432 3138 3037
00167c0 3037 3239 3733 3932 3835 3233 3938 3139
00167d0 3136 6533 342d 4635 3233 5f00 4e5a 7453
00167e0 7636 6365 6f74 4972 534e 3774 5f5f 7863
00167f0 3178 3131 6232 7361 6369 735f 7274 6e69
0016800 4967 5363 3174 6331 6168 5f72 7274 6961
0016810 7374 6349 5345 4961 4563 4545 6153 5349
0016820 5f35 4545 3531 4d5f 655f 6172 6573 615f
0016830 5f74 6e65 4564 5350 5f35 5300 5359 755f
0016840 6974 656d 736e 7461 5f20 4e5f 5f52 7475
0016850 6d69 6e65 6173 0074 5f5f 3355 5f32 5954
0016860 4550 7520 736e 6769 656e 2064 6e69 0074
0016870 5f5f 6c67 6269 7863 5f78 6c66 616f 6974
0016880 676e 5f00 5453 5441 5542 5f46 5453 4e5f
0016890 4553 2043 5300 5359 745f 6d69 7265 675f
00168a0 7465 6974 656d 5f20 4e5f 5f52 6974 656d
00168b0 5f72 6567 7474 6d69 0065 5a5f 534e 3674
00168c0 6576 7463 726f 6349 6153 6349 4545 6535
00168d0 6172 6573 4e45 5f39 675f 756e 635f 7878
00168e0 3731 5f5f 6f6e 6d72 6c61 695f 6574 6172
00168f0 6f74 4972 4b50 5363 5f31 4545 5f00 445f
0016900 4345 3233 4d5f 4e49 455f 5058 5f5f 2820
0016910 392d 2934 5f00 4c47 4249 5843 5f58 4148
0016920 4556 565f 5357 4143 464e 3120 7200 7665
0016930 7265 6573 695f 6574 6172 6f74 3c72 5f5f
0016940 6e67 5f75 7863 3a78 5f3a 6e5f 726f 616d
0016950 5f6c 7469 7265 7461 726f 633c 6168 2a72
0016960 202c 7473 3a64 5f3a 635f 7878 3131 3a3a
0016970 6162 6973 5f63 7473 6972 676e 633c 6168
0016980 2c72 7320 6474 3a3a 6863 7261 745f 6172
0016990 7469 3c73 6863 7261 2c3e 7320 6474 3a3a
00169a0 6c61 6f6c 6163 6f74 3c72 6863 7261 203e
00169b0 203e 203e 003e 7473 7072 7262 006b 4f4c
00169c0 474e 425f 5449 3620 0034 5f5f 4148 4556
00169d0 465f 4f4c 5441 3436 2058 0031 5f5f 5341
00169e0 5f4d 3858 5f36 4942 5354 4550 4c52 4e4f
00169f0 5f47 2048 5f00 4c47 4249 5843 5f58 4148
0016a00 4556 4d5f 4d45 524f 5f59 2048 0031 5f5f
0016a10 524e 635f 7061 6567 2074 3231 0035 5953
0016a20 5f53 6b70 7965 6d5f 7270 746f 6365 2074
0016a30 5f5f 524e 705f 656b 5f79 706d 6f72 6574
0016a40 7463 7400 6d69 7365 6570 0063 425f 5449
0016a50 5f53 4f50 4953 3258 4c5f 4d49 485f 3120
0016a60 5f00 4e5f 5f52 6863 776f 206e 3239 5f00
0016a70 475f 4854 4552 4441 525f 4345 5255 4953
0016a80 4556 4d5f 5455 5845 495f 494e 2054 5450
0016a90 5248 4145 5f44 4552 5543 5352 5649 5f45
0016aa0 554d 4554 5f58 4e49 5449 4149 494c 455a
0016ab0 5f52 504e 5f00 4e5a 534b 3774 5f5f 7863
0016ac0 3178 3131 6232 7361 6369 735f 7274 6e69
0016ad0 4967 5363 3174 6331 6168 5f72 7274 6961
0016ae0 7374 6349 5345 4961 4563 3145 6632 6e69
0016af0 5f64 616c 7473 6f5f 4566 4b52 3453 6d5f
0016b00 5500 4e49 5f54 4146 5453 3436 4d5f 5841
0016b10 2820 5f5f 4955 544e 3436 435f 3128 3438
0016b20 3634 3437 3034 3337 3037 3539 3135 3136
0016b30 2935 0029 6d77 6d65 6863 0072 5f5f 7063
0016b40 5f70 6176 6972 6261 656c 745f 6d65 6c70
0016b50 7461 7365 3220 3130 3033 4c34 5f00 4e5f
0016b60 5f52 6974 656d 6672 5f64 6567 7474 6d69
0016b70 2065 3832 0037 475f 494c 4342 5858 435f
0016b80 4954 454d 3120 4300 4f4c 4b43 545f 5248
0016b90 4145 5f44 5043 5455 4d49 5f45 4449 3320
0016ba0 4300 4148 5f52 4942 2054 5f5f 4843 5241
0016bb0 425f 5449 5f5f 5f00 635f 7070 6c5f 6269
0016bc0 6d5f 6b61 5f65 626f 5f6a 7375 6e69 5f67
0016bd0 6c61 6f6c 6163 6f74 2072 3032 3831 3131
0016be0 004c 5a5f 4b4e 7453 5f37 635f 7878 3131
0016bf0 3231 6162 6973 5f63 7473 6972 676e 6349
0016c00 7453 3131 6863 7261 745f 6172 7469 4973
0016c10 4563 6153 6349 4545 3331 6567 5f74 6c61
0016c20 6f6c 6163 6f74 4572 0076 475f 494c 4342
0016c30 5858 545f 5248 574f 4f5f 5f52 4241 524f
0016c40 2854 455f 4358 2029 7428 7268 776f 2820
0016c50 455f 4358 2929 5f00 775f 6961 0074 6162
0016c60 6973 5f63 7473 6972 676e 765f 6569 3c77
0016c70 6863 7261 202c 7473 3a64 633a 6168 5f72
0016c80 7274 6961 7374 633c 6168 3e72 3e20 5f00
0016c90 4942 5354 555f 4f49 4c5f 4d49 485f 3120
0016ca0 5f00 4e5f 5f52 696d 7267 7461 5f65 6170
0016cb0 6567 2073 3532 0036 5a5f 394e 5f5f 6e67
0016cc0 5f75 7863 3178 5f34 615f 6c6c 636f 745f
0016cd0 6172 7469 4973 6153 6349 6345 3145 5f35
0016ce0 5f53 6f6e 6874 6f72 5f77 6f6d 6576 7645
0016cf0 4c00 4e4f 5f47 494d 204e 2d28 4f4c 474e
0016d00 4d5f 5841 2d20 3120 294c 5f00 6f6d 6564
0016d10 5f00 535f 495f 4d46 2054 3130 3037 3030
0016d20 0030 495f 4f53 3943 5f35 4f53 5255 4543
0016d30 3120 5f00 635f 7070 6c5f 6269 735f 7274
0016d40 6e69 5f67 6f63 746e 6961 736e 3220 3230
0016d50 3130 4c31 5f00 4e5f 5f52 706f 6e65 3220
0016d60 5f00 635f 7070 6c5f 6269 695f 746e 6765
0016d70 7265 735f 7165 6575 636e 2065 3032 3331
0016d80 3430 5f00 555f 4e49 3354 5f32 5954 4550
0016d90 5f5f 7520 736e 6769 656e 2064 6e69 0074
0016da0 5f5f 6c67 6269 7863 5f78 6572 7571 7269
0016db0 7365 735f 7274 6e69 5f67 656c 286e 535f
0016dc0 7274 6e69 2c67 4c5f 6e65 2029 5f00 4350
0016dd0 4e5f 5f4f 5254 4e55 2043 505f 5f43 4f4e
0016de0 545f 5552 434e 5f00 4c47 4249 5843 5f58
0016df0 4148 4556 4c5f 474f 2046 0031 435f 5f53
0016e00 4258 3553 4c5f 4250 4749 4f5f 4646 4942
0016e10 5f47 494c 544e 4c46 4741 2053 435f 5f53
0016e20 4258 3553 4c5f 4250 4749 4f5f 4646 4942
0016e30 5f47 494c 544e 4c46 4741 0053 5f5f 7063
0016e40 5f70 696c 5f62 6c63 6d61 2070 3032 3631
0016e50 3330 5300 5359 745f 6d69 7265 6466 635f
0016e60 6572 7461 2065 5f5f 524e 745f 6d69 7265
0016e70 6466 635f 6572 7461 0065 5f5f 4c46 3354
0016e80 5832 4d5f 4e49 5f5f 3220 322e 3532 3730
0016e90 3833 3835 3035 3237 3130 3833 3033 3039
0016ea0 3332 3732 3731 3333 3432 3430 3630 2d65
0016eb0 3033 4638 3233 0078 5f5f 6177 656b 4100
0016ec0 4f49 505f 4952 5f4f 4544 544c 5f41 414d
0016ed0 2058 3032 5f00 4942 5354 545f 5059 5345
0016ee0 485f 3120 5500 4954 454d 4f5f 494d 2054
0016ef0 2828 6c31 3c20 203c 3033 2029 202d 6c32
0016f00 0029 475f 494c 4342 5858 485f 5641 5f45
0016f10 5453 4952 474e 5f53 2048 0031 5f5f 524e
0016f20 725f 6e65 6d61 6165 2074 3632 0034 445f
0016f30 4645 5541 544c 535f 554f 4352 0045 5f5f
0016f40 5942 4554 4f5f 4452 5245 5f5f 5f20 4f5f
0016f50 4452 5245 4c5f 5449 4c54 5f45 4e45 4944
0016f60 4e41 5f5f 5f00 4c47 4249 5843 5f58 4f4e
0016f70 5845 4543 5450 505f 5241 204d 202c 6f62
0016f80 6c6f 5f20 454e 5f00 5f4d 6f6c 6163 5f6c
0016f90 7562 0066 545f 5f70 6c61 6f6c 5f63 7974
0016fa0 6570 5f00 4353 425f 5f43 4353 4c41 5f45
0016fb0 414d 2058 535f 5f43 4342 535f 4143 454c
0016fc0 4d5f 5841 5f00 635f 7070 6c5f 6269 615f
0016fd0 5f73 6f63 736e 2074 3032 3531 3031 5f00
0016fe0 475f 5858 525f 5454 2049 0031 535f 5f43
0016ff0 4f58 4550 5f4e 5058 3247 5f20 4353 585f
0017000 504f 4e45 585f 4750 0032 5f5f 4954 454d
0017010 4953 455a 5f20 575f 524f 5344 5a49 0045
0017020 5a5f 4b4e 5f39 675f 756e 635f 7878 3731
0017030 5f5f 6f6e 6d72 6c61 695f 6574 6172 6f74
0017040 4972 4b50 4e63 7453 5f37 635f 7878 3131
0017050 3231 6162 6973 5f63 7473 6972 676e 6349
0017060 7453 3131 6863 7261 745f 6172 7469 4973
0017070 4563 6153 6349 4545 4545 696d 6c45 5f00
0017080 4e5f 4854 6628 7463 2029 5f5f 454c 4641
0017090 415f 5454 2052 6366 2074 5f5f 4854 4f52
00170a0 0057 5953 5f53 6574 2065 5f5f 524e 745f
00170b0 6565 4300 5550 535f 5445 6328 7570 632c
00170c0 7570 6573 7074 2029 5f5f 5043 5f55 4553
00170d0 5f54 2053 6328 7570 202c 6973 657a 666f
00170e0 2820 7063 5f75 6573 5f74 2974 202c 7063
00170f0 7375 7465 2970 5f00 635f 7070 6c5f 6269
0017100 695f 5f73 7773 7061 6170 6c62 2065 3032
0017110 3631 3330 5f00 4e5f 5f52 7366 6174 2074
0017120 0035 6d77 6d65 6d63 0070 4e49 5f54 494d
0017130 204e 2d28 4e49 5f54 414d 2058 202d 2931
0017140 5f00 4942 5354 455f 5252 4f4e 485f 3120
0017150 5f00 4e5f 5f52 6461 5f64 656b 2079 3432
0017160 0038 5441 4d4f 4349 4c5f 4f4c 474e 4c5f
0017170 434f 5f4b 5246 4545 5f20 475f 4343 415f
0017180 4f54 494d 5f43 4c4c 4e4f 5f47 4f4c 4b43
0017190 465f 4552 0045 535f 5f43 4953 5147 4555
00171a0 4555 4d5f 5841 5f20 4353 535f 4749 5551
00171b0 5545 5f45 414d 0058 435f 5f53 4258 3553
00171c0 4c5f 3650 5f34 464f 3646 5f34 494c 544e
00171d0 4c46 4741 2053 435f 5f53 4258 3553 4c5f
00171e0 3650 5f34 464f 3646 5f34 494c 544e 4c46
00171f0 4741 0053 505f 5453 5f4c 4347 5f43 4556
0017200 5352 4f49 204e 5f28 475f 554e 5f43 205f
0017210 202a 3031 3030 2030 202b 5f5f 4e47 4355
0017220 4d5f 4e49 524f 5f5f 2a20 3120 3030 2b20
0017230 5f20 475f 554e 5f43 4150 4354 4c48 5645
0017240 4c45 5f5f 0029 475f 494c 4342 5858 485f
0017250 5641 5f45 4e49 3654 5f34 5f54 4f4c 474e
0017260 3120 5f00 465f 5344 425f 5449 2853 6573
0017270 2974 2820 7328 7465 2d29 663e 7364 625f
0017280 7469 2973 5f00 505f 4854 4552 4441 4d5f
0017290 5455 5845 495f 494e 4954 4c41 5a49 5245
00172a0 5f28 6b5f 6e69 2964 3020 202c 2c30 3020
00172b0 202c 2c30 5f20 6b5f 6e69 2c64 3020 202c
00172c0 2c30 7b20 3020 202c 2030 007d 5a5f 534e
00172d0 3674 6576 7463 726f 4e49 7453 5f37 635f
00172e0 7878 3131 3231 6162 6973 5f63 7473 6972
00172f0 676e 6349 7453 3131 6863 7261 745f 6172
0017300 7469 4973 4563 6153 6349 4545 5345 4961
0017310 3553 455f 3345 6e65 4564 0076 465f 4145
0017320 5554 4552 5f53 2048 0031 5a5f 4b4e 7453
0017330 3631 6e69 7469 6169 696c 657a 5f72 696c
0017340 7473 6349 3445 6973 657a 7645 5300 4154
0017350 555f 534e 4e59 2043 7830 3030 3034 5300
0017360 5359 735f 7465 745f 6469 615f 6464 6572
0017370 7373 5f20 4e5f 5f52 6573 5f74 6974 5f64
0017380 6461 7264 7365 0073 5f5f 524e 6c5f 696c
0017390 7473 6178 7474 2072 3931 0035 5a5f 534e
00173a0 3674 6576 7463 726f 4e49 7453 5f37 635f
00173b0 7878 3131 3231 6162 6973 5f63 7473 6972
00173c0 676e 6349 7453 3131 6863 7261 745f 6172
00173d0 7469 4973 4563 6153 6349 4545 5345 4961
00173e0 3553 455f 3445 6164 6174 7645 5f00 635f
00173f0 7070 6c5f 6269 615f 7272 7961 635f 6e6f
0017400 7473 7865 7270 3220 3130 3138 4c31 5300
0017410 5359 745f 7572 636e 7461 2065 5f5f 524e
0017420 745f 7572 636e 7461 0065 5a5f 534e 4961
0017430 534e 3774 5f5f 7863 3178 3131 6232 7361
0017440 6369 735f 7274 6e69 4967 5363 3174 6331
0017450 6168 5f72 7274 6961 7374 6349 5345 4961
0017460 4563 4545 4345 4534 4b52 3553 005f 495f
0017470 464f 4642 3020 5f00 4c47 4249 5843 5f58
0017480 4843 4f52 4f4e 495f 544e 3436 545f 6920
0017490 746e 3436 745f 5f00 4e5a 7453 7636 6365
00174a0 6f74 4972 5363 4961 4563 3645 6e69 6573
00174b0 7472 4e45 5f39 675f 756e 635f 7878 3731
00174c0 5f5f 6f6e 6d72 6c61 695f 6574 6172 6f74
00174d0 4972 4b50 5363 5f31 4545 5352 5f34 5f00
00174e0 465f 544c 3233 4d5f 4e41 5f54 4944 5f47
00174f0 205f 3432 5f00 475f 4343 495f 4345 355f
0017500 3935 435f 4d4f 4c50 5845 3220 6c00 636f
0017510 6c61 6365 6e6f 0076 4552 414e 454d 4e5f
0017520 524f 5045 414c 4543 2820 2031 3c3c 3020
0017530 0029 5a5f 534e 3774 5f5f 7863 3178 3131
0017540 6232 7361 6369 735f 7274 6e69 4967 5363
0017550 3174 6331 6168 5f72 7274 6961 7374 6349
0017560 5345 4961 4563 3145 5f38 5f4d 6f63 736e
0017570 7274 6375 5f74 7561 5f78 4532 636d 5f00
0017580 5f53 7265 6f72 5f72 7473 6361 006b 6d77
0017590 6d65 7063 0079 475f 494c 4342 5858 445f
00175a0 5045 5f52 4942 444e 5f00 475f 4343 415f
00175b0 4f54 494d 5f43 4f4c 474e 4c5f 434f 5f4b
00175c0 5246 4545 3220 5f00 5343 505f 534f 5849
00175d0 565f 5f36 4c49 3350 5f32 464f 4246 4749
00175e0 4c5f 4249 2053 435f 5f53 4f50 4953 5f58
00175f0 3656 495f 504c 3233 4f5f 4646 4942 5f47
0017600 494c 5342 5f00 4353 435f 4b4c 545f 4b43
0017610 5f20 4353 435f 4b4c 545f 4b43 5f00 4e5a
0017620 5f39 675f 756e 635f 7878 3431 5f5f 6c61
0017630 6f6c 5f63 7274 6961 7374 5349 4961 4563
0017640 4563 3732 535f 705f 6f72 6170 6167 6574
0017650 6f5f 5f6e 6f63 7970 615f 7373 6769 456e
0017660 0076 475f 494c 4342 5858 485f 5641 5f45
0017670 4552 4441 494c 4b4e 3120 5300 545f 5059
0017680 4945 5353 4d48 6228 6675 2029 5f5f 5f53
0017690 5954 4550 5349 4853 284d 7562 2966 5f00
00176a0 4c47 4249 5843 5f58 5355 5f45 3943 5f39
00176b0 414d 4854 545f 3152 3120 7300 7274 6678
00176c0 6d72 5f00 4f49 6c5f 636f 5f6b 0074 5f5f
00176d0 4c46 3654 5f34 414d 5f58 3031 455f 5058
00176e0 5f5f 3320 3830 5f00 4e5a 7453 7636 6365
00176f0 6f74 4972 5363 4961 4563 3245 7461 6d45
0017700 5f00 675f 696c 6362 7878 6d5f 7861 645f
0017710 6769 7469 3173 2830 2954 2820 2032 202b
0017720 5428 2029 202a 3436 4c33 2f20 3220 3331
0017730 2936 5f00 4353 585f 504f 4e45 565f 5245
0017740 4953 4e4f 5f20 4353 585f 504f 4e45 565f
0017750 5245 4953 4e4f 5f00 5343 505f 534f 5849
0017760 565f 5f37 504c 4942 5f47 464f 4246 4749
0017770 4c5f 4249 2053 435f 5f53 4f50 4953 5f58
0017780 3756 4c5f 4250 4749 4f5f 4646 4942 5f47
0017790 494c 5342 5f00 5f53 6f74 735f 7274 6e69
00177a0 5f67 6976 7765 5f00 4e5a 394b 5f5f 6e67
00177b0 5f75 7863 3178 5f37 6e5f 726f 616d 5f6c
00177c0 7469 7265 7461 726f 5049 4e63 7453 5f37
00177d0 635f 7878 3131 3231 6162 6973 5f63 7473
00177e0 6972 676e 6349 7453 3131 6863 7261 745f
00177f0 6172 7469 4973 4563 6153 6349 4545 4545
0017800 6c70 6c45 5f00 4353 585f 504f 4e45 455f
0017810 484e 495f 3831 204e 535f 5f43 4f58 4550
0017820 5f4e 4e45 5f48 3149 4e38 5300 5359 675f
0017830 7465 6570 7265 616e 656d 5f20 4e5f 5f52
0017840 6567 7074 6565 6e72 6d61 0065 5f5f 524e
0017850 675f 7465 6974 2064 3831 0036 475f 494c
0017860 4342 5858 4e5f 524f 5445 5255 204e 5f5f
0017870 7461 7274 6269 7475 5f65 205f 2828 5f5f
0017880 6f6e 6572 7574 6e72 5f5f 2929 4c00 4d49
0017890 4e49 4c41 4c5f 4249 6a5f 6f73 696e 5f6f
00178a0 5349 495f 5f4e 4156 4952 4e41 5f54 5f56
00178b0 5048 5f50 0020 5f5f 4244 5f4c 414d 5f58
00178c0 3031 455f 5058 5f5f 3320 3830 5300 5359
00178d0 705f 7265 5f66 7665 6e65 5f74 706f 6e65
00178e0 5f20 4e5f 5f52 6570 6672 655f 6576 746e
00178f0 6f5f 6570 006e 5a5f 4b4e 7453 5f37 635f
0017900 7878 3131 3231 6162 6973 5f63 7473 6972
0017910 676e 6349 7453 3131 6863 7261 745f 6172
0017920 7469 4973 4563 6153 6349 4545 6338 6e6f
0017930 6174 6e69 4573 0063 6c61 6f6c 6163 6f74
0017940 5f72 7274 6961 7374 733c 6474 3a3a 6c61
0017950 6f6c 6163 6f74 3c72 7473 3a64 5f3a 635f
0017960 7878 3131 3a3a 6162 6973 5f63 7473 6972
0017970 676e 633c 6168 2c72 7320 6474 3a3a 6863
0017980 7261 745f 6172 7469 3c73 6863 7261 2c3e
0017990 7320 6474 3a3a 6c61 6f6c 6163 6f74 3c72
00179a0 6863 7261 203e 203e 203e 003e 5453 5f41
00179b0 4544 204c 7830 3030 3032 5f00 775f 6b61
00179c0 5f65 6962 7374 7465 5f00 555f 4e49 5f54
00179d0 4146 5453 3631 4d5f 5841 5f5f 3020 6678
00179e0 6666 6666 6666 6666 6666 6666 6666 5566
00179f0 004c 666f 7366 7465 666f 5428 5059 2c45
0017a00 454d 424d 5245 2029 5f5f 7562 6c69 6974
0017a10 5f6e 666f 7366 7465 666f 2820 5954 4550
0017a20 202c 454d 424d 5245 0029 5f5f 4552 4944
0017a30 4552 5443 4c5f 4244 284c 616e 656d 702c
0017a40 6f72 6f74 612c 696c 7361 2029 5f5f 4552
0017a50 4944 4552 5443 2820 616e 656d 202c 7270
0017a60 746f 2c6f 6120 696c 7361 0029 5f5f 524e
0017a70 735f 6e79 6663 2073 3033 0036 475f 494c
0017a80 4342 5858 435f 4c5f 434f 4c41 5f45 4e47
0017a90 2055 0031 5f5f 656e 6465 705f 7274 6964
0017aa0 6666 745f 5300 495f 4c46 4b4e 5f20 535f
0017ab0 495f 4c46 4b4e 4500 4f44 204d 3333 5f00
0017ac0 4e5a 7453 5f37 635f 7878 3131 3231 6162
0017ad0 6973 5f63 7473 6972 676e 6349 7453 3131
0017ae0 6863 7261 745f 6172 7469 4973 4563 6153
0017af0 6349 4545 5361 4f45 3453 005f 565f 6365
0017b00 6f74 5f72 6162 6573 733c 6474 3a3a 5f5f
0017b10 7863 3178 3a31 623a 7361 6369 735f 7274
0017b20 6e69 3c67 6863 7261 202c 7473 3a64 633a
0017b30 6168 5f72 7274 6961 7374 633c 6168 3e72
0017b40 202c 7473 3a64 613a 6c6c 636f 7461 726f
0017b50 633c 6168 3e72 3e20 202c 7473 3a64 613a
0017b60 6c6c 636f 7461 726f 733c 6474 3a3a 5f5f
0017b70 7863 3178 3a31 623a 7361 6369 735f 7274
0017b80 6e69 3c67 6863 7261 202c 7473 3a64 633a
0017b90 6168 5f72 7274 6961 7374 633c 6168 3e72
0017ba0 202c 7473 3a64 613a 6c6c 636f 7461 726f
0017bb0 633c 6168 3e72 3e20 3e20 3e20 5300 5359
0017bc0 6c5f 6e69 616b 2074 5f5f 524e 6c5f 6e69
0017bd0 616b 0074 5f5f 524e 675f 7465 6974 656d
0017be0 666f 6164 2079 3639 4200 5f43 4353 4c41
0017bf0 5f45 414d 2058 505f 534f 5849 5f32 4342
0017c00 535f 4143 454c 4d5f 5841 5f00 4353 415f
0017c10 4f49 505f 4952 5f4f 4544 544c 5f41 414d
0017c20 2058 535f 5f43 4941 5f4f 5250 4f49 445f
0017c30 4c45 4154 4d5f 5841 5f00 5350 4c54 505f
0017c40 4152 4d47 5f41 4544 4c43 5241 5f45 4953
0017c50 444d 5f20 5350 4c54 505f 4152 4d47 2841
0017c60 6d6f 2070 6564 6c63 7261 2065 6973 646d
0017c70 0029 5953 5f53 756d 6c6e 636f 206b 5f5f
0017c80 524e 6d5f 6e75 6f6c 6b63 4100 4f54 494d
0017c90 5f43 4853 524f 5f54 4f4c 4b43 465f 4552
0017ca0 2045 5f5f 4347 5f43 5441 4d4f 4349 535f
0017cb0 4f48 5452 4c5f 434f 5f4b 5246 4545 5300
0017cc0 5359 725f 6e65 6d61 2065 5f5f 524e 725f
0017cd0 6e65 6d61 0065 5f5f 386b 3120 5f00 494c
0017ce0 554e 5f58 5453 5441 485f 0020 435f 5858
0017cf0 4241 5f49 4f46 4352 4445 485f 3120 5f00
0017d00 615f 6c6c 776f 705f 7261 6c61 656c 006c
0017d10 5245 4e41 4547 3320 0034 5953 5f53 7564
0017d20 3270 5f20 4e5f 5f52 7564 3270 5f00 7266
0017d30 6565 6572 5f73 696c 7473 5f00 4e5a 5f36
0017d40 705f 7473 396c 7865 6365 7475 6f69 326e
0017d50 3176 3831 6e75 6573 7571 6e65 6563 5f64
0017d60 6f70 696c 7963 3631 5f5f 6c61 6f6c 5f77
0017d70 6170 6172 6c6c 6c65 7645 5f00 4f50 4953
0017d80 5f58 4954 454d 5f52 414d 2058 3233 5f00
0017d90 695f 6f73 3963 5f39 7773 6373 6e61 0066
0017da0 5f5f 7473 6275 735f 7474 2079 5f00 615f
0017db0 6c6c 776f 755f 736e 7165 6575 636e 6465
0017dc0 5f00 4e5f 5f52 656d 626d 7261 6972 7265
0017dd0 3320 3432 5f00 6d5f 7861 615f 696c 6e67
0017de0 6c5f 0064 5f5f 4544 5250 4345 5441 4445
0017df0 3120 5f00 6d5f 7861 615f 696c 6e67 6c5f
0017e00 006c 475f 494c 4342 5858 555f 4553 435f
0017e10 4148 3852 545f 3120 5f00 4e5f 5f52 7366
0017e20 6e79 2063 3437 5f00 4353 565f 5f36 4c49
0017e30 3350 5f32 464f 3346 2032 535f 5f43 3656
0017e40 495f 504c 3233 4f5f 4646 3233 5f00 465f
0017e50 544c 4d5f 4e49 455f 5058 5f5f 2820 312d
0017e60 3532 0029 5f5f 6c63 636f 5f6b 0074 4d5f
0017e70 6c5f 6e65 7467 0068 475f 494c 4342 5858
0017e80 3839 555f 4553 435f 3939 535f 4454 4f49
0017e90 3120 5f00 4f5f 4452 5245 425f 4749 455f
0017ea0 444e 4149 5f4e 205f 3334 3132 4c00 5f43
0017eb0 4954 454d 5f20 4c5f 5f43 4954 454d 5300
0017ec0 4749 415f 4f54 494d 5f43 414d 2058 3228
0017ed0 3431 3437 3338 3436 2937 5f00 4e5a 5f39
0017ee0 675f 756e 635f 7878 3431 5f5f 6c61 6f6c
0017ef0 5f63 7274 6961 7374 5349 4961 534e 3774
0017f00 5f5f 7863 3178 3131 6232 7361 6369 735f
0017f10 7274 6e69 4967 5363 3174 6331 6168 5f72
0017f20 7274 6961 7374 6349 5345 4961 4563 4545
0017f30 5345 5f36 3145 5f30 5f53 6e6f 735f 6177
0017f40 4570 5352 5f37 3953 005f 505f 5453 5f4c
0017f50 5250 4741 414d 535f 4d49 5f44 4145 4c52
0017f60 4559 4958 2054 7400 7079 7365 5f00 4e5f
0017f70 5f52 6567 7074 6972 726f 7469 2079 3431
0017f80 0030 5a5f 534e 3674 6576 7463 726f 4e49
0017f90 7453 5f37 635f 7878 3131 3231 6162 6973
0017fa0 5f63 7473 6972 676e 6349 7453 3131 6863
0017fb0 7261 745f 6172 7469 4973 4563 6153 6349
0017fc0 4545 5345 4961 3553 455f 3145 5f37 5f4d
0017fd0 6564 6166 6c75 5f74 7061 6570 646e 6d45
0017fe0 5f00 555f 4553 585f 504f 4e45 4b32 5358
0017ff0 2049 0031 5a5f 4b4e 7453 3731 6162 6973
0018000 5f63 7473 6972 676e 765f 6569 4977 5363
0018010 3174 6331 6168 5f72 7274 6961 7374 6349
0018020 4545 7869 6d45 5f00 4942 5354 545f 5059
0018030 5345 5a49 5345 485f 3120 4e00 5f4c 414c
0018040 474e 414d 2058 505f 534f 5849 5f32 494c
0018050 454e 4d5f 5841 5f00 5343 505f 534f 5849
0018060 565f 5f36 504c 4942 5f47 464f 4246 4749
0018070 4c5f 4e49 4654 414c 5347 5f20 5343 505f
0018080 534f 5849 565f 5f36 504c 4942 5f47 464f
0018090 4246 4749 4c5f 4e49 4654 414c 5347 5f00
00180a0 4142 4953 5f43 4f49 5f53 4354 2043 0031
00180b0 4c45 4f4f 2050 3034 4500 4f4e 454d 4944
00180c0 4d55 3120 3332 5f00 4353 435f 4148 4352
00180d0 414c 5353 4e5f 4d41 5f45 414d 2058 535f
00180e0 5f43 4843 5241 4c43 5341 5f53 414e 454d
00180f0 4d5f 5841 5f00 4e5f 5f52 6766 7465 6178
0018100 7474 2072 3931 0033 475f 494c 4342 5858
0018110 555f 4553 445f 4155 5f4c 4241 2049 0031
0018120 5f5f 4347 5f43 4148 4556 445f 4157 4652
0018130 5f32 4643 5f49 5341 204d 0031 5f5f 4357
0018140 4148 5f52 4957 5444 5f48 205f 3233 5f00
0018150 4f50 4953 5f58 414d 5050 4445 465f 4c49
0018160 5345 3220 3030 3038 4c39 5f00 555f 4e49
0018170 3654 5f34 2843 2963 6320 2320 2023 4c55
0018180 5f00 5349 434f 5832 535f 554f 4352 2045
0018190 0031 475f 494c 4342 5858 485f 5641 5f45
00181a0 4954 454d 5053 4345 475f 5445 3120 4c00
00181b0 5f43 4441 5244 5345 5f53 414d 4b53 2820
00181c0 2031 3c3c 5f20 4c5f 5f43 4441 5244 5345
00181d0 2953 5f00 635f 7070 6e5f 6e6f 7974 6570
00181e0 745f 6d65 6c70 7461 5f65 7261 7367 3220
00181f0 3130 3139 4c31 5700 4843 5241 4d5f 5841
0018200 5f20 575f 4843 5241 4d5f 5841 5f00 4e5a
0018210 7453 5f37 635f 7878 3131 3231 6162 6973
0018220 5f63 7473 6972 676e 6349 7453 3131 6863
0018230 7261 745f 6172 7469 4973 4563 6153 6349
0018240 4545 3631 4d5f 675f 7465 615f 6c6c 636f
0018250 7461 726f 7645 5f00 4c47 4249 5843 5f58
0018260 4148 4556 535f 5251 4c54 3120 4300 5550
0018270 495f 5353 5445 6328 7570 632c 7570 6573
0018280 7074 2029 5f5f 5043 5f55 5349 4553 5f54
0018290 2053 6328 7570 202c 6973 657a 666f 2820
00182a0 7063 5f75 6573 5f74 2974 202c 7063 7375
00182b0 7465 2970 5f00 4c47 4249 5843 5f58 4148
00182c0 4556 535f 4e49 4f43 2053 0031 535f 5f43
00182d0 4150 5353 4d5f 5841 5f20 4353 505f 5341
00182e0 5f53 414d 0058 535f 5f43 4854 4552 4441
00182f0 445f 5345 5254 4355 4f54 5f52 5449 5245
0018300 5441 4f49 534e 5f20 4353 545f 5248 4145
0018310 5f44 4544 5453 5552 5443 524f 495f 4554
0018320 4152 4954 4e4f 0053 475f 494c 4342 5858
0018330 485f 5641 5f45 5246 5845 4c50 3120 4500
0018340 334c 4c48 2054 3634 7e00 565f 6365 6f74
0018350 5f72 6162 6573 5300 5359 735f 6e79 2063
0018360 5f5f 524e 735f 6e79 0063 5f5f 4953 455a
0018370 545f 5f5f 0020 505f 534f 5849 545f 5248
0018380 4145 5f44 4f52 5542 5453 505f 4952 5f4f
0018390 4e49 4548 4952 2054 3032 3830 3930 004c
00183a0 5f5f 4c46 3354 5832 4d5f 4e49 455f 5058
00183b0 5f5f 2820 312d 3230 2931 5f00 4e5a 534b
00183c0 3774 5f5f 7863 3178 3131 6232 7361 6369
00183d0 735f 7274 6e69 4967 5363 3174 6331 6168
00183e0 5f72 7274 6961 7374 6349 5345 4961 4563
00183f0 3145 6633 6e69 5f64 6966 7372 5f74 666f
0018400 5045 634b 6d6d 4500 554d 544c 4849 504f
0018410 3720 0032 5f5f 6c61 6177 7379 695f 6c6e
0018420 6e69 0065 475f 4343 575f 4152 5f50 5453
0018430 4944 544e 485f 0020 5953 5f53 7065 6c6f
0018440 5f6c 7263 6165 6574 2031 5f5f 524e 655f
0018450 6f70 6c6c 635f 6572 7461 3165 5f00 495f
0018460 544e 4c5f 4145 5453 3631 4d5f 5841 5f5f
0018470 3020 3778 6666 0066 5f5f 6f63 6e75 0074
0018480 5f5f 4e47 4355 535f 4454 5f43 4e49 494c
0018490 454e 5f5f 3120 5f00 465f 544c 3233 445f
00184a0 4345 4d49 4c41 445f 4749 5f5f 3920 5f00
00184b0 4c47 4249 5843 5f58 4148 4556 4e5f 5445
00184c0 4e49 5445 495f 5f4e 2048 0031 5f5f 524e
00184d0 735f 7465 745f 6469 615f 6464 6572 7373
00184e0 3220 3831 5f00 775f 6961 5f74 6962 7374
00184f0 7465 705f 6972 6176 6574 5f00 695f 746e
0018500 6c5f 6165 7473 3436 745f 5f00 575f 4649
0018510 5845 5449 4445 7328 6174 7574 2973 2820
0018520 5f5f 5457 5245 534d 4749 7328 6174 7574
0018530 2973 3d20 203d 2930 5f00 635f 7070 6c5f
0018540 6269 625f 7469 635f 7361 2074 3032 3831
0018550 3630 004c 5953 5f53 736c 6174 2074 5f5f
0018560 524e 6c5f 7473 7461 4500 4550 4d52 3120
0018570 5f00 4e5a 534b 3174 6237 7361 6369 735f
0018580 7274 6e69 5f67 6976 7765 6349 7453 3131
0018590 6863 7261 745f 6172 7469 4973 4563 3845
00185a0 6f63 746e 6961 736e 5045 634b 5f00 635f
00185b0 7070 6e5f 6e6f 7974 6570 745f 6d65 6c70
00185c0 7461 5f65 6170 6172 656d 6574 5f72 6c63
00185d0 7361 2073 3032 3831 3630 004c 4e49 3854
00185e0 4d5f 5841 2820 3231 2937 5400 4d49 5f45
00185f0 5455 2043 0031 5f5f 6572 7473 6972 7463
0018600 615f 7272 0020 5f5f 5355 5f45 5944 414e
0018610 494d 5f43 5453 4341 5f4b 4953 455a 3120
0018620 5f00 555f 4553 555f 494e 3958 2038 0031
0018630 5f53 5349 4955 2044 5f5f 5f53 5349 4955
0018640 0044 5f5f 7063 5f70 696c 5f62 6e69 6574
0018650 6567 5f72 6f63 706d 7261 7369 6e6f 665f
0018660 6e75 7463 6f69 736e 3220 3230 3030 4c32
0018670 5f00 705f 7274 745f 7620 696f 2064 002a
0018680 5f5f 4e49 3654 5f34 5954 4550 5f5f 6c20
0018690 6e6f 2067 6e69 0074 475f 494c 4342 5858
00186a0 485f 5641 5f45 5453 5452 464f 3120 4300
00186b0 5550 5a5f 5245 284f 7063 7375 7465 2970
00186c0 5f20 435f 5550 5a5f 5245 5f4f 2053 7328
00186d0 7a69 6f65 2066 6328 7570 735f 7465 745f
00186e0 2c29 6320 7570 6573 7074 0029 5f5f 5355
00186f0 5f45 4f50 4953 3258 3120 4500 4f4e 4544
0018700 2056 3931 4600 5f44 4553 5354 5a49 2045
0018710 5f5f 4446 535f 5445 4953 455a 5f00 4e5f
0018720 5f52 6567 7074 6967 2064 3231 0031 5953
0018730 5f53 616e 656d 745f 5f6f 6168 646e 656c
0018740 615f 2074 5f5f 524e 6e5f 6d61 5f65 6f74
0018750 685f 6e61 6c64 5f65 7461 5300 5359 675f
0018760 7465 6172 646e 6d6f 5f20 4e5f 5f52 6567
0018770 7274 6e61 6f64 006d 5f5f 444c 4c42 4d5f
0018780 4e49 455f 5058 5f5f 2820 312d 3336 3138
0018790 0029 5f5f 7063 5f70 696c 5f62 7369 665f
00187a0 6e69 6c61 3220 3130 3034 4c32 5f00 4e5a
00187b0 7453 7636 6365 6f74 4972 534e 3774 5f5f
00187c0 7863 3178 3131 6232 7361 6369 735f 7274
00187d0 6e69 4967 5363 3174 6331 6168 5f72 7274
00187e0 6961 7374 6349 5345 4961 4563 4545 6153
00187f0 5349 5f35 4545 3443 5245 534b 5f36 7700
0018800 7363 6372 7268 5f00 465f 5f44 455a 4f52
0018810 7328 2029 6f64 7b20 7520 736e 6769 656e
0018820 2064 6e69 2074 5f5f 3b69 6620 5f64 6573
0018830 2074 5f2a 615f 7272 3d20 2820 2973 203b
0018840 6f66 2072 5f28 695f 3d20 3020 203b 5f5f
0018850 2069 203c 6973 657a 666f 2820 6466 735f
0018860 7465 2029 202f 6973 657a 666f 2820 5f5f
0018870 6466 6d5f 7361 296b 203b 2b2b 5f5f 2969
0018880 5f20 465f 5344 425f 5449 2053 5f28 615f
0018890 7272 5b29 5f5f 5d69 3d20 3020 203b 207d
00188a0 6877 6c69 2065 3028 0029 5f5f 5355 5f45
00188b0 4f46 5452 4649 5f59 454c 4556 204c 0030
00188c0 465f 4e55 5443 4f49 414e 5f4c 4148 4853
00188d0 485f 3120 5f00 4f49 775f 6469 5f65 6164
00188e0 6174 5f00 4e5a 7453 7636 6365 6f74 4972
00188f0 534e 3774 5f5f 7863 3178 3131 6232 7361
0018900 6369 735f 7274 6e69 4967 5363 3174 6331
0018910 6168 5f72 7274 6961 7374 6349 5345 4961
0018920 4563 4545 6153 5349 5f35 4545 3443 5245
0018930 534b 5f37 5f00 5752 4f4c 4b43 495f 544e
0018940 5245 414e 5f4c 2048 5f00 755f 6e69 3874
0018950 745f 5300 5359 735f 6863 6465 735f 7465
0018960 6170 6172 206d 5f5f 524e 735f 6863 6465
0018970 735f 7465 6170 6172 006d 475f 494c 4342
0018980 5858 485f 5341 425f 4955 544c 4e49 5f00
0018990 4e5a 7453 3531 5f5f 7865 6563 7470 6f69
00189a0 5f6e 7470 3172 6533 6378 7065 6974 6e6f
00189b0 705f 7274 7334 6177 4570 5352 5f30 6c00
00189c0 3165 7436 686f 7828 2029 5f5f 6975 746e
00189d0 3631 695f 6564 746e 7469 2079 7828 0029
00189e0 4d5f 675f 7465 545f 5f70 6c61 6f6c 6163
00189f0 6f74 0072 5a5f 534e 3674 6576 7463 726f
0018a00 4e49 7453 5f37 635f 7878 3131 3231 6162
0018a10 6973 5f63 7473 6972 676e 6349 7453 3131
0018a20 6863 7261 745f 6172 7469 4973 4563 6153
0018a30 6349 4545 5345 4961 3553 455f 4445 4534
0018a40 0076 5953 5f53 6567 7074 6967 2064 5f5f
0018a50 524e 675f 7465 6770 6469 5f00 465f 544c
0018a60 3233 5f58 494d 5f4e 3031 455f 5058 5f5f
0018a70 2820 332d 3730 0029 4d45 4445 5549 544d
0018a80 5059 2045 3231 0034 4c43 434f 5f4b 4f42
0018a90 544f 4954 454d 415f 414c 4d52 3920 4c00
0018aa0 4d49 4e49 4c41 4c5f 4249 6a5f 6f73 696e
0018ab0 5f6f 5453 5441 5355 485f 5050 205f 5f00
0018ac0 4c47 4249 5843 5f58 4148 4556 505f 4c4f
0018ad0 5f4c 2048 0031 5953 5f53 6973 6e67 6c61
0018ae0 6466 5f20 4e5f 5f52 6973 6e67 6c61 6466
0018af0 5f00 4353 585f 504f 4e45 435f 5952 5450
0018b00 5f20 4353 585f 504f 4e45 435f 5952 5450
0018b10 5f00 4156 4c5f 5349 5f54 0020 6572 6576
0018b20 7372 5f65 7469 7265 7461 726f 5f3c 675f
0018b30 756e 635f 7878 3a3a 5f5f 6f6e 6d72 6c61
0018b40 695f 6574 6172 6f74 3c72 6f63 736e 2074
0018b50 7473 3a64 5f3a 635f 7878 3131 3a3a 6162
0018b60 6973 5f63 7473 6972 676e 633c 6168 2c72
0018b70 7320 6474 3a3a 6863 7261 745f 6172 7469
0018b80 3c73 6863 7261 2c3e 7320 6474 3a3a 6c61
0018b90 6f6c 6163 6f74 3c72 6863 7261 203e 2a3e
0018ba0 202c 7473 3a64 763a 6365 6f74 3c72 7473
0018bb0 3a64 5f3a 635f 7878 3131 3a3a 6162 6973
0018bc0 5f63 7473 6972 676e 633c 6168 2c72 7320
0018bd0 6474 3a3a 6863 7261 745f 6172 7469 3c73
0018be0 6863 7261 2c3e 7320 6474 3a3a 6c61 6f6c
0018bf0 6163 6f74 3c72 6863 7261 203e 2c3e 7320
0018c00 6474 3a3a 6c61 6f6c 6163 6f74 3c72 7473
0018c10 3a64 5f3a 635f 7878 3131 3a3a 6162 6973
0018c20 5f63 7473 6972 676e 633c 6168 2c72 7320
0018c30 6474 3a3a 6863 7261 745f 6172 7469 3c73
0018c40 6863 7261 2c3e 7320 6474 3a3a 6c61 6f6c
0018c50 6163 6f74 3c72 6863 7261 203e 203e 203e
0018c60 203e 203e 003e 585f 504f 4e45 455f 484e
0018c70 495f 3831 204e 0031 5953 5f53 6567 7074
0018c80 736d 2067 5f5f 524e 675f 7465 6d70 6773
0018c90 5f00 5f4d 6172 676e 5f65 6863 6365 006b
0018ca0 5a5f 4b4e 5f39 675f 756e 635f 7878 3731
0018cb0 5f5f 6f6e 6d72 6c61 695f 6574 6172 6f74
0018cc0 4972 6350 534e 3774 5f5f 7863 3178 3131
0018cd0 6232 7361 6369 735f 7274 6e69 4967 5363
0018ce0 3174 6331 6168 5f72 7274 6961 7374 6349
0018cf0 5345 4961 4563 4545 6d45 4569 006c 626d
0018d00 656c 006e 5a5f 534e 3674 6576 7463 726f
0018d10 4e49 7453 5f37 635f 7878 3131 3231 6162
0018d20 6973 5f63 7473 6972 676e 6349 7453 3131
0018d30 6863 7261 745f 6172 7469 4973 4563 6153
0018d40 6349 4545 5345 4961 3553 455f 3145 5f31
0018d50 5f53 616d 5f78 6973 657a 5245 534b 5f36
0018d60 5f00 4e5f 5f52 7263 6165 6574 6d5f 646f
0018d70 6c75 2065 3731 0034 5953 5f53 7973 6c73
0018d80 676f 5f20 4e5f 5f52 7973 6c73 676f 5f00
0018d90 475f 4343 415f 4f54 494d 5f43 4f50 4e49
0018da0 4554 5f52 4f4c 4b43 465f 4552 2045 0032
0018db0 5953 5f53 6572 616d 5f70 6966 656c 705f
0018dc0 6761 7365 5f20 4e5f 5f52 6572 616d 5f70
0018dd0 6966 656c 705f 6761 7365 4500 4f4e 4b50
0018de0 2047 3536 5f00 675f 696c 6362 7878 725f
0018df0 7165 6975 6572 5f73 6f63 646e 5f28 6f43
0018e00 646e 5f2c 734d 2967 0020 475f 494c 4342
0018e10 5858 495f 534f 5254 4145 204d 0031 5f53
0018e20 5849 544f 2048 5328 495f 4758 5052 3e20
0018e30 203e 2933 4c00 5f43 5443 5059 2045 5f5f
0018e40 434c 435f 5954 4550 5f00 465f 544c 3436
0018e50 445f 4345 4d49 4c41 445f 4749 5f5f 3120
0018e60 0037 4f4d 5f44 4154 2049 4441 5f4a 4154
0018e70 0049 505f 534f 5849 4d5f 5f51 504f 4e45
0018e80 4d5f 5841 3820 5f00 4c47 4249 5843 5f58
0018e90 5453 5f44 2041 7473 0064 4441 5f4a 4954
0018ea0 454d 4f43 534e 2054 7830 3030 3032 5f00
0018eb0 445f 4c42 4e5f 524f 5f4d 414d 5f58 205f
0018ec0 6f64 6275 656c 3128 372e 3739 3936 3133
0018ed0 3433 3638 3332 3531 3037 3138 3534 3732
0018ee0 3234 3733 3133 3037 3334 3735 2b65 3033
0018ef0 4c38 0029 5a5f 4b4e 7453 3531 5f5f 7865
0018f00 6563 7470 6f69 5f6e 7470 3172 6533 6378
0018f10 7065 6974 6e6f 705f 7274 5f36 5f4d 6567
0018f20 4574 0076 5f5f 4c47 4249 5f43 5250 5245
0018f30 5145 6d28 6a61 6d2c 6e69 2029 2828 5f5f
0018f40 4c47 4249 5f43 205f 3c3c 3120 2936 2b20
0018f50 5f20 475f 494c 4342 4d5f 4e49 524f 5f5f
0018f60 3e20 203d 2828 616d 296a 3c20 203c 3631
0018f70 2029 202b 6d28 6e69 2929 5f00 505f 534f
0018f80 5849 5f32 4854 5349 565f 5245 4953 4e4f
0018f90 3220 3030 3038 4c39 5300 5359 665f 6e61
0018fa0 746f 6669 5f79 6e69 7469 5f20 4e5f 5f52
0018fb0 6166 6f6e 6974 7966 695f 696e 0074 5f5f
0018fc0 524e 6c5f 6e61 6c64 636f 5f6b 6461 5f64
0018fd0 7572 656c 3420 3534 5f00 4c47 4249 5843
0018fe0 5f58 4148 4556 535f 4e49 4c48 3120 5f00
0018ff0 555f 4e49 5054 5254 4d5f 5841 5f5f 3020
0019000 6678 6666 6666 6666 6666 6666 6666 6666
0019010 5566 004c 5f5f 4244 5f4c 4544 4943 414d
0019020 5f4c 4944 5f47 205f 3731 5f00 435f 5550
0019030 4c45 2854 7063 2975 2820 6328 7570 2029
0019040 202f 5f5f 434e 5550 4942 5354 0029 535f
0019050 5f43 4954 454d 554f 5354 5f20 4353 545f
0019060 4d49 4f45 5455 0053 505f 5453 5f4c 4f43
0019070 464e 4749 485f 0020 475f 494c 4342 5858
0019080 485f 5641 5f45 4f50 4953 5f58 4553 414d
0019090 4850 524f 2045 0031 6c6c 6261 0073 535f
00190a0 675f 6172 6d6d 7261 5f00 4e5a 7453 5f37
00190b0 635f 7878 3131 3231 6162 6973 5f63 7473
00190c0 6972 676e 6349 7453 3131 6863 7261 745f
00190d0 6172 7469 4973 4563 6153 6349 4545 5361
00190e0 5045 634b 5f00 635f 7070 6c5f 6269 625f
00190f0 6e69 5f64 7266 6e6f 2074 3032 3931 3730
0019100 004c 5f5f 4e49 3654 5f34 414d 5f58 205f
0019110 7830 6637 6666 6666 6666 6666 6666 6666
0019120 6666 004c 475f 494c 4342 5858 455f 5058
0019130 5245 4d49 4e45 4154 5f4c 5253 4c43 434f
0019140 3120 5f00 4e5a 7453 7636 6365 6f74 4972
0019150 5363 4961 4563 3145 5f35 5f4d 7265 7361
0019160 5f65 7461 655f 646e 5045 0063 5450 5248
0019170 4145 5f44 4142 5252 4549 5f52 4553 4952
0019180 4c41 545f 5248 4145 2044 312d 5f00 4f58
0019190 4550 5f4e 4f53 5255 4543 3720 3030 5f00
00191a0 4e5f 5f52 6373 6568 5f64 6567 5f74 7270
00191b0 6f69 6972 7974 6d5f 7861 3120 3634 7400
00191c0 6968 0073 5f5f 7473 7461 5f78 6564 6966
00191d0 656e 2064 0031 5a5f 534e 3774 5f5f 7863
00191e0 3178 3131 6232 7361 6369 735f 7274 6e69
00191f0 4967 5363 3174 6331 6168 5f72 7274 6961
0019200 7374 6349 5345 4961 4563 3245 7461 6d45
0019210 5300 5359 6c5f 6573 6b65 5f20 4e5f 5f52
0019220 736c 6565 006b 6f6d 5f6e 6564 6963 616d
0019230 5f6c 6f70 6e69 0074 5953 5f53 6573 7563
0019240 6972 7974 5f20 4e5f 5f52 6573 7563 6972
0019250 7974 5300 5359 725f 6165 6c64 6e69 206b
0019260 5f5f 524e 725f 6165 6c64 6e69 006b 505f
0019270 5453 5f4c 5250 4741 414d 4d5f 5345 4153
0019280 4547 495f 504d 284c 2978 5f20 5350 4c54
0019290 505f 4152 4d47 2841 656d 7373 6761 2865
00192a0 505f 5453 5f4c 5453 4952 474e 435f 4e4f
00192b0 4143 2854 505f 5453 5f4c 5250 4741 414d
00192c0 4c5f 434f 5441 4f49 2c4e 7820 2929 0029
00192d0 5f5f 4244 5f4c 414d 544e 445f 4749 5f5f
00192e0 3520 0033 5f5f 7063 5f70 696c 5f62 6863
00192f0 6f72 6f6e 755f 6c64 2073 3032 3331 3430
0019300 5f00 535f 5a49 4f45 5f46 5450 5248 4145
0019310 5f44 4f43 444e 545f 3420 0038 5f5f 6c67
0019320 6269 7863 5f78 6c63 7361 5f73 6572 7571
0019330 7269 7365 2833 615f 5f2c 2c62 635f 5f2c
0019340 2964 0020 5953 5f53 6573 7374 636f 6f6b
0019350 7470 5f20 4e5f 5f52 6573 7374 636f 6f6b
0019360 7470 5f00 555f 4553 475f 554e 5f00 4e5a
0019370 534b 3174 6237 7361 6369 735f 7274 6e69
0019380 5f67 6976 7765 6349 7453 3131 6863 7261
0019390 745f 6172 7469 4973 4563 3545 6672 6e69
00193a0 4564 4b50 6d63 006d 475f 494c 4342 5858
00193b0 485f 5641 5f45 4953 434e 534f 204c 0031
00193c0 415f 534e 5f49 5453 4144 4752 485f 205f
00193d0 5300 5359 675f 7465 6f73 6b63 616e 656d
00193e0 5f20 4e5f 5f52 6567 7374 636f 6e6b 6d61
00193f0 0065 5445 4d49 2045 3236 5f00 725f 7465
0019400 7275 736e 6e5f 6e6f 756e 6c6c 5f20 615f
0019410 7474 6972 7562 6574 5f5f 2820 5f28 725f
0019420 7465 7275 736e 6e5f 6e6f 756e 6c6c 5f5f
0019430 2929 5f00 504c 3436 3120 5f00 4c47 4249
0019440 5843 5f58 4148 4556 535f 4454 494c 5f42
0019450 2048 0031 5953 5f53 6572 6f6d 6576 6178
0019460 7474 2072 5f5f 524e 725f 6d65 766f 7865
0019470 7461 7274 6900 7073 6972 746e 4500 4f43
0019480 4d4d 3720 0030 5f5f 3666 7834 7828 2029
0019490 2078 2323 006c 6666 756c 6873 5f00 4c47
00194a0 4249 5843 5f58 5953 564d 5245 3120 4500
00194b0 4142 4644 3920 4d00 444f 465f 4552 5551
00194c0 4e45 5943 4120 4a44 465f 4552 5551 4e45
00194d0 5943 5f00 4e5a 6153 4e49 7453 5f37 635f
00194e0 7878 3131 3231 6162 6973 5f63 7473 6972
00194f0 676e 6349 7453 3131 6863 7261 745f 6172
0019500 7469 4973 4563 6153 6349 4545 4545 3443
0019510 7645 5f00 675f 696c 6362 7878 645f 6769
0019520 7469 3173 2830 545f 2970 5f20 675f 696c
0019530 6362 7878 665f 6f6c 7461 6e69 2867 545f
0019540 2c70 5f20 465f 544c 445f 4749 5f5f 202c
0019550 5f5f 4244 5f4c 4944 5f47 2c5f 5f20 4c5f
0019560 4244 5f4c 4944 5f47 295f 5f00 4e5f 5f52
0019570 6f73 6b63 7465 6170 7269 3520 0033 5f5f
0019580 524e 655f 6576 746e 6466 2032 3932 0030
0019590 5f5f 4c46 3654 5834 4d5f 4e49 455f 5058
00195a0 5f5f 2820 312d 3336 3138 0029 6e69 5f74
00195b0 5f70 6573 5f70 7962 735f 6170 6563 5f00
00195c0 4e5a 7453 7636 6365 6f74 4972 5363 4961
00195d0 4563 3145 5f31 5f53 616d 5f78 6973 657a
00195e0 5245 534b 5f30 5300 4843 5241 4d5f 4e49
00195f0 2820 532d 4843 5241 4d5f 5841 2d20 3120
0019600 0029 6572 6567 5f78 6f63 736e 6174 746e
0019610 0073 5f5f 6566 7272 726f 755f 6c6e 636f
0019620 656b 5f64 6f62 7964 5f28 7066 2029 2828
0019630 5f28 7066 2d29 5f3e 6c66 6761 2073 2026
0019640 495f 5f4f 5245 5f52 4553 4e45 2029 3d21
0019650 3020 0029 5a5f 4b4e 5f39 675f 756e 635f
0019660 7878 3731 5f5f 6f6e 6d72 6c61 695f 6574
0019670 6172 6f74 4972 4b50 4e63 7453 5f37 635f
0019680 7878 3131 3231 6162 6973 5f63 7473 6972
0019690 676e 6349 7453 3131 6863 7261 745f 6172
00196a0 7469 4973 4563 6153 6349 4545 4545 7470
00196b0 7645 5f00 555f 4553 505f 534f 5849 3931
00196c0 3339 3930 3120 7700 7363 6f74 646c 5f00
00196d0 5450 5248 4145 5f44 2048 0031 6377 7473
00196e0 6c6f 006c 4c55 4f4c 474e 4d5f 5841 2820
00196f0 4c4c 4e4f 5f47 414d 2058 202a 5532 4c4c
0019700 2b20 3120 0029 535f 5f43 514d 505f 4952
0019710 5f4f 414d 2058 535f 5f43 514d 505f 4952
0019720 5f4f 414d 0058 5f5f 524e 665f 6361 6563
0019730 7373 7461 2032 3334 0039 5a5f 534e 3674
0019740 6576 7463 726f 6349 6153 6349 4545 3431
0019750 4d5f 695f 736e 7265 5f74 7672 6c61 4e45
0019760 5f39 675f 756e 635f 7878 3731 5f5f 6f6e
0019770 6d72 6c61 695f 6574 6172 6f74 4972 4b50
0019780 5363 5f31 4545 634f 5f00 4c47 4249 5843
0019790 5f58 4942 5354 5445 575f 524f 5344 5300
00197a0 5359 6c5f 7369 6574 206e 5f5f 524e 6c5f
00197b0 7369 6574 006e 5953 5f53 7571 7265 5f79
00197c0 6f6d 7564 656c 5f20 4e5f 5f52 7571 7265
00197d0 5f79 6f6d 7564 656c 5f00 4c47 4249 5843
00197e0 5f58 4942 5354 5445 3120 5f00 635f 7070
00197f0 6c5f 6269 745f 7075 656c 5f73 7962 745f
0019800 7079 2065 3032 3331 3430 5f00 5350 4c54
0019810 435f 5050 3431 495f 544e 4745 5245 535f
0019820 5145 4555 434e 5f45 5250 5345 4e45 2054
0019830 5f28 534d 5f43 4556 2052 3d3e 3120 3039
0019840 2030 7c7c 5f20 635f 6c70 7375 6c70 7375
0019850 3e20 203d 3032 3431 3230 294c 5f00 775f
0019860 6e69 5f74 5f74 6564 6966 656e 2064 0031
0019870 425f 4453 535f 5a49 5f45 5f54 4544 4946
0019880 454e 5f44 0020 505f 534f 5849 535f 4d45
0019890 4e5f 4553 534d 4d5f 5841 3220 3635 5f00
00198a0 4e5a 534b 3674 6576 7463 726f 6349 6153
00198b0 6349 4545 7234 6e65 4564 0076 475f 494c
00198c0 4342 5858 3731 445f 5045 4552 4143 4554
00198d0 2044 5b5b 5f5f 6564 7270 6365 7461 6465
00198e0 5f5f 5d5d 5f00 4e5a 7453 5f37 635f 7878
00198f0 3131 3231 6162 6973 5f63 7473 6972 676e
0019900 6349 7453 3131 6863 7261 745f 6172 7469
0019910 4973 4563 6153 6349 4545 7237 7065 616c
0019920 6563 6d45 506d 634b 5f00 4353 505f 4952
0019930 524f 5449 5a49 4445 495f 204f 535f 5f43
0019940 5250 4f49 4952 4954 455a 5f44 4f49 5f00
0019950 4e5f 5f52 6373 6568 5f64 6567 7074 7261
0019960 6d61 3120 3334 5f00 635f 7070 6c5f 6269
0019970 655f 646e 6169 206e 3032 3931 3730 004c
0019980 6966 646e 6c5f 7361 5f74 666f 5f00 555f
0019990 4553 415f 4654 4c49 2045 0031 475f 494c
00199a0 4342 5858 435f 444f 4345 5456 535f 4550
00199b0 4943 4c41 5a49 5441 4f49 324e 5f28 414e
00199c0 454d 5f2c 4c45 4d45 2029 6574 706d 616c
00199d0 6574 3e3c 6320 616c 7373 5f20 414e 454d
00199e0 5f3c 4c45 4d45 203e 203a 7570 6c62 6369
00199f0 6320 646f 6365 7476 5f3c 4c45 4d45 202c
0019a00 6863 7261 202c 626d 7473 7461 5f65 3e74
0019a10 7b20 7020 6275 696c 3a63 7420 7079 6465
0019a20 6665 5f20 4c45 4d45 6920 746e 7265 5f6e
0019a30 7974 6570 203b 7974 6570 6564 2066 6863
0019a40 7261 6520 7478 7265 5f6e 7974 6570 203b
0019a50 7974 6570 6564 2066 626d 7473 7461 5f65
0019a60 2074 7473 7461 5f65 7974 6570 203b 7270
0019a70 746f 6365 6574 3a64 5f20 414e 454d 7528
0019a80 736e 6769 656e 2064 6f6c 676e 5f20 6d5f
0019a90 7861 6f63 6564 202c 6f63 6564 7663 5f74
0019aa0 6f6d 6564 5f20 6d5f 646f 2c65 7320 7a69
0019ab0 5f65 2074 5f5f 6572 7366 2029 203a 6f63
0019ac0 6564 7663 2874 5f5f 6572 7366 2c29 5f20
0019ad0 5f4d 616d 6378 646f 2865 5f5f 616d 6378
0019ae0 646f 2965 202c 4d5f 6d5f 646f 2865 5f5f
0019af0 6f6d 6564 2029 207b 207d 6976 7472 6175
0019b00 206c 5f7e 414e 454d 2928 203b 6976 7472
0019b10 6175 206c 6572 7573 746c 6420 5f6f 756f
0019b20 2874 7473 7461 5f65 7974 6570 2026 5f5f
0019b30 7473 7461 2c65 6320 6e6f 7473 6920 746e
0019b40 7265 5f6e 7974 6570 202a 5f5f 7266 6d6f
0019b50 202c 6f63 736e 2074 6e69 6574 6e72 745f
0019b60 7079 2a65 5f20 665f 6f72 5f6d 6e65 2c64
0019b70 6320 6e6f 7473 6920 746e 7265 5f6e 7974
0019b80 6570 262a 5f20 665f 6f72 5f6d 656e 7478
0019b90 202c 7865 6574 6e72 745f 7079 2a65 5f20
0019ba0 745f 2c6f 6520 7478 7265 5f6e 7974 6570
0019bb0 202a 5f5f 6f74 655f 646e 202c 7865 6574
0019bc0 6e72 745f 7079 2a65 2026 5f5f 6f74 6e5f
0019bd0 7865 2974 6320 6e6f 7473 203b 6976 7472
0019be0 6175 206c 6572 7573 746c 6420 5f6f 6e75
0019bf0 6873 6669 2874 7473 7461 5f65 7974 6570
0019c00 2026 5f5f 7473 7461 2c65 6520 7478 7265
0019c10 5f6e 7974 6570 202a 5f5f 6f74 202c 7865
0019c20 6574 6e72 745f 7079 2a65 5f20 745f 5f6f
0019c30 6e65 2c64 6520 7478 7265 5f6e 7974 6570
0019c40 262a 5f20 745f 5f6f 656e 7478 2029 6f63
0019c50 736e 3b74 7620 7269 7574 6c61 7220 7365
0019c60 6c75 2074 6f64 695f 286e 7473 7461 5f65
0019c70 7974 6570 2026 5f5f 7473 7461 2c65 6320
0019c80 6e6f 7473 6520 7478 7265 5f6e 7974 6570
0019c90 202a 5f5f 7266 6d6f 202c 6f63 736e 2074
0019ca0 7865 6574 6e72 745f 7079 2a65 5f20 665f
0019cb0 6f72 5f6d 6e65 2c64 6320 6e6f 7473 6520
0019cc0 7478 7265 5f6e 7974 6570 262a 5f20 665f
0019cd0 6f72 5f6d 656e 7478 202c 6e69 6574 6e72
0019ce0 745f 7079 2a65 5f20 745f 2c6f 6920 746e
0019cf0 7265 5f6e 7974 6570 202a 5f5f 6f74 655f
0019d00 646e 202c 6e69 6574 6e72 745f 7079 2a65
0019d10 2026 5f5f 6f74 6e5f 7865 2974 6320 6e6f
0019d20 7473 203b 6976 7472 6175 206c 6e69 2074
0019d30 6f64 655f 636e 646f 6e69 2867 2029 6f63
0019d40 736e 2074 6874 6f72 2877 3b29 7620 7269
0019d50 7574 6c61 6220 6f6f 206c 6f64 615f 776c
0019d60 7961 5f73 6f6e 6f63 766e 2928 6320 6e6f
0019d70 7473 7420 7268 776f 2928 203b 6976 7472
0019d80 6175 206c 6e69 2074 6f64 6c5f 6e65 7467
0019d90 2868 7473 7461 5f65 7974 6570 2c26 6320
0019da0 6e6f 7473 6520 7478 7265 5f6e 7974 6570
0019db0 202a 5f5f 7266 6d6f 202c 6f63 736e 2074
0019dc0 7865 6574 6e72 745f 7079 2a65 5f20 655f
0019dd0 646e 202c 6973 657a 745f 5f20 6d5f 7861
0019de0 2029 6f63 736e 3b74 7620 7269 7574 6c61
0019df0 6920 746e 6420 5f6f 616d 5f78 656c 676e
0019e00 6874 2928 6320 6e6f 7473 7420 7268 776f
0019e10 2928 203b 7270 7669 7461 3a65 7520 736e
0019e20 6769 656e 2064 6f6c 676e 5f20 5f4d 616d
0019e30 6378 646f 3b65 6320 646f 6365 7476 6d5f
0019e40 646f 2065 4d5f 6d5f 646f 3b65 7d20 5300
0019e50 5359 695f 706f 6972 5f6f 6573 2074 5f5f
0019e60 524e 695f 706f 6972 5f6f 6573 0074 5f53
0019e70 5349 4946 4f46 6d28 646f 2965 5f20 535f
0019e80 495f 5453 5059 2845 6d28 646f 2965 202c
0019e90 5f5f 5f53 4649 4649 294f 5f00 4353 585f
0019ea0 504f 4e45 585f 4750 2033 535f 5f43 4f58
0019eb0 4550 5f4e 5058 3347 5f00 4f50 4953 5f58
0019ec0 5452 4953 5f47 414d 2058 0038 435f 5f53
0019ed0 4f50 4953 5f58 3656 495f 504c 3233 4f5f
0019ee0 4646 3233 435f 4c46 4741 2053 435f 5f53
0019ef0 4f50 4953 5f58 3656 495f 504c 3233 4f5f
0019f00 4646 3233 435f 4c46 4741 0053 5a5f 534e
0019f10 3174 5f35 655f 6378 7065 6974 6e6f 705f
0019f20 7274 3331 7865 6563 7470 6f69 5f6e 7470
0019f30 6172 4553 4b52 3053 005f 5a5f 534e 3174
0019f40 5f32 6556 7463 726f 625f 7361 4965 534e
0019f50 3774 5f5f 7863 3178 3131 6232 7361 6369
0019f60 735f 7274 6e69 4967 5363 3174 6331 6168
0019f70 5f72 7274 6961 7374 6349 5345 4961 4563
0019f80 4545 6153 5349 5f35 4545 3443 6d45 4b52
0019f90 3653 005f 5f5f 6c67 6269 7863 5f78 6964
0019fa0 6967 7374 3031 5f00 465f 544c 3436 5f58
0019fb0 5045 4953 4f4c 5f4e 205f 2e31 3830 3234
0019fc0 3230 3731 3432 3538 3035 3434 3433 3030
0019fd0 3437 3235 3038 3830 3936 3439 3731 6531
0019fe0 312d 4639 3436 0078 5f5f 7063 5f70 696c
0019ff0 5f62 6f63 736e 6574 7078 5f72 7473 6972
001a000 676e 3220 3130 3138 4c31 5f00 4c47 4249
001a010 5843 5f58 4148 4556 4c5f 4544 5058 204c
001a020 0031 5f5f 5453 4344 435f 4e4f 5453 4e41
001a030 5f54 414d 5243 534f 0020 5f5f 4955 544e
001a040 4c5f 4145 5453 5f38 5954 4550 5f5f 7520
001a050 736e 6769 656e 2064 6863 7261 5f00 445f
001a060 4345 3231 5f38 414d 5f58 5845 5f50 205f
001a070 3136 3534 5f00 5350 4c54 555f 5344 505f
001a080 4552 4553 544e 2820 5f5f 4e49 4554 5f4c
001a090 4f43 504d 4c49 5245 3e20 203d 3931 3030
001a0a0 2620 2026 5f5f 4e49 4554 5f4c 4f43 504d
001a0b0 4c49 5245 425f 4955 444c 445f 5441 2045
001a0c0 3d3e 3220 3130 3038 3236 2936 5f00 475f
001a0d0 554e 475f 5445 4554 5458 535f 5055 4f50
001a0e0 5452 4445 525f 5645 5349 4f49 284e 616d
001a0f0 6f6a 2972 2820 6d28 6a61 726f 2029 3d3d
001a100 3020 3f20 3120 3a20 2d20 2931 5f00 535f
001a110 3631 545f 5059 2045 6873 726f 2074 6e69
001a120 0074 4e45 5445 4e55 4552 4341 2048 3031
001a130 0031 5953 5f53 7773 7061 666f 2066 5f5f
001a140 524e 735f 6177 6f70 6666 5f00 4e5a 7453
001a150 5f37 635f 7878 3131 3231 6162 6973 5f63
001a160 7473 6972 676e 6349 7453 3131 6863 7261
001a170 745f 6172 7469 4973 4563 6153 6349 4545
001a180 3731 535f 745f 5f6f 7473 6972 676e 765f
001a190 6569 4577 7453 3731 6162 6973 5f63 7473
001a1a0 6972 676e 765f 6569 4977 5363 5f32 0045
001a1b0 5953 5f53 6873 646d 2074 5f5f 524e 735f
001a1c0 6d68 7464 5f00 4c47 4249 5843 5f58 4148
001a1d0 4556 505f 534f 5849 4d5f 4d45 4c41 4749
001a1e0 204e 0031 5a5f 534e 3674 6576 7463 726f
001a1f0 6349 6153 6349 4545 5361 5245 534b 5f31
001a200 5300 5359 745f 696b 6c6c 5f20 4e5f 5f52
001a210 6b74 6c69 006c 5f5f 6c67 6269 7863 5f78
001a220 6572 7571 7269 7365 705f 7261 6974 6974
001a230 6e6f 6465 755f 7070 7265 5f28 6946 7372
001a240 2c74 4c5f 7361 2c74 565f 6c61 6575 2029
001a250 5f00 4c47 4249 5843 5f58 4152 4954 204f
001a260 0031 5f5f 524e 6d5f 756f 746e 3120 3536
001a270 4500 4f4e 4144 4154 3620 0031 585f 504f
001a280 4e45 525f 4145 544c 4d49 2045 0031 535f
001a290 5f43 4553 5f4d 4156 554c 5f45 414d 2058
001a2a0 535f 5f43 4553 5f4d 4156 554c 5f45 414d
001a2b0 0058 5f4c 7563 6573 6972 2064 0039 5f5f
001a2c0 444c 4c42 485f 5341 495f 464e 4e49 5449
001a2d0 5f59 205f 0031 475f 494c 4342 5858 535f
001a2e0 4454 5845 4543 5450 3120 5f00 4b5f 5245
001a2f0 454e 5f4c 5453 4952 5443 4e5f 4d41 5345
001a300 0020 505f 5453 5f4c 5250 4741 414d 465f
001a310 524f 4543 4e49 494c 454e 0020 535f 5f43
001a320 4f58 4550 5f4e 4e55 5849 5f20 4353 585f
001a330 504f 4e45 555f 494e 0058 5f5f 6e67 6375
001a340 765f 5f61 696c 7473 4c00 4d49 4e49 4c41
001a350 4c5f 4249 455f 5252 524f 455f 5252 524f
001a360 485f 5050 205f 5f00 4353 545f 495f 564f
001a370 4d5f 5841 5f20 4353 545f 495f 564f 4d5f
001a380 5841 5f00 4c47 4249 5843 5f58 544c 4f5f
001a390 4a42 4944 2052 2e22 696c 7362 222f 5f00
001a3a0 5453 5f4c 4c41 4f47 4142 4553 485f 3120
001a3b0 5f00 735f 7274 6375 5f74 7267 756f 2870
001a3c0 4154 2c47 414e 454d 412c 5454 5352 4d2c
001a3d0 4d45 4542 5352 2e2e 292e 7520 696e 6e6f
001a3e0 7b20 7320 7274 6375 2074 207b 454d 424d
001a3f0 5245 2053 207d 5441 5254 3b53 7320 7274
001a400 6375 2074 4154 2047 207b 454d 424d 5245
001a410 2053 207d 5441 5254 2053 414e 454d 203b
001a420 207d 5441 5254 0053 5953 5f53 6f69 645f
001a430 7365 7274 796f 5f20 4e5f 5f52 6f69 645f
001a440 7365 7274 796f 5f00 414c 4752 4645 4c49
001a450 3645 5f34 4f53 5255 4543 3120 5f00 445f
001a460 4345 3231 5f38 494d 5f4e 205f 4531 362d
001a470 3431 4433 004c 475f 494c 4342 5858 485f
001a480 5641 5f45 4f4c 4143 454c 485f 3120 7300
001a490 7274 7073 006e 5f5f 524e 675f 7465 6973
001a4a0 2064 3231 0034 495f 534f 425f 5341 5f45
001a4b0 2048 0031 5a5f 534e 3674 6576 7463 726f
001a4c0 6349 6153 6349 4545 7869 6d45 4500 5058
001a4d0 5f52 454e 5453 4d5f 5841 5f20 4f50 4953
001a4e0 3258 455f 5058 5f52 454e 5453 4d5f 5841
001a4f0 4900 544e 4c5f 4145 5453 3631 4d5f 5841
001a500 2820 3233 3637 2937 5f00 4e5f 5f52 6f69
001a510 735f 7465 7075 3220 3630 4900 544e 4c5f
001a520 4145 5453 5f38 494d 204e 2d28 3231 2938
001a530 4600 5f44 4c43 2852 6466 662c 7364 7465
001a540 2970 5f20 465f 5f44 4c43 2052 6628 2c64
001a550 6620 7364 7465 2970 5f00 4e5a 7453 5f37
001a560 635f 7878 3131 3231 6162 6973 5f63 7473
001a570 6972 676e 6349 7453 3131 6863 7261 745f
001a580 6172 7469 4973 4563 6153 6349 4545 3331
001a590 535f 635f 706f 5f79 6863 7261 4573 6350
001a5a0 4b50 5363 5f37 5500 4e49 4d54 5841 4d5f
001a5b0 5841 2820 5f5f 4955 544e 3436 435f 3128
001a5c0 3438 3634 3437 3034 3337 3037 3539 3135
001a5d0 3136 2935 0029 5953 5f53 7270 6165 7664
001a5e0 5f20 4e5f 5f52 7270 6165 7664 4500 4142
001a5f0 4d44 4753 3720 0034 5f5f 5553 4553 4f43
001a600 444e 3653 5f34 5f54 5954 4550 5f20 535f
001a610 5551 4441 545f 5059 0045 5953 5f53 6166
001a620 6c6c 636f 7461 2065 5f5f 524e 665f 6c61
001a630 6f6c 6163 6574 4400 4645 4e49 5f45 5245
001a640 4f52 5f52 4c43 5341 2853 7974 6570 2029
001a650 6c63 7361 2073 7974 6570 3a20 7020 6275
001a660 696c 2063 7265 6f72 3a72 423a 7361 2065
001a670 207b 7570 6c62 6369 203a 7974 6570 6328
001a680 6e6f 7473 7320 6474 3a3a 7865 6570 6972
001a690 656d 746e 6c61 3a3a 6f73 7275 6563 6c5f
001a6a0 636f 7461 6f69 206e 6c26 202c 6f63 736e
001a6b0 2074 6863 7261 2a20 2c70 6320 6e6f 7473
001a6c0 6320 6168 2072 662a 202c 2e2e 292e 203a
001a6d0 7265 6f72 3a72 423a 7361 2865 2029 207b
001a6e0 6176 6c5f 7369 2074 3b61 7620 5f61 7473
001a6f0 7261 2874 2c61 6620 3b29 7420 6968 2d73
001a700 693e 696e 2874 2c6c 7020 202c 2c66 6120
001a710 3b29 7620 5f61 6e65 2864 2961 203b 207d
001a720 3b7d 5f00 4c47 4249 5843 3158 5f31 5355
001a730 5f45 3943 5f39 4f43 504d 454c 2058 0031
001a740 7570 6873 625f 6361 006b 5f5f 6f6e 6d72
001a750 6c61 695f 6574 6172 6f74 3c72 6863 7261
001a760 6320 6e6f 7473 2c2a 7320 6474 3a3a 5f5f
001a770 7863 3178 3a31 623a 7361 6369 735f 7274
001a780 6e69 3c67 6863 7261 202c 7473 3a64 633a
001a790 6168 5f72 7274 6961 7374 633c 6168 3e72
001a7a0 202c 7473 3a64 613a 6c6c 636f 7461 726f
001a7b0 633c 6168 3e72 3e20 3e20 5f00 535f 4749
001a7c0 415f 4f54 494d 5f43 494d 5f4e 205f 2d28
001a7d0 5f5f 4953 5f47 5441 4d4f 4349 4d5f 5841
001a7e0 5f5f 2d20 3120 0029 5f5f 7063 5f70 6f63
001a7f0 736e 6974 696e 2074 3032 3931 3730 004c
001a800 5f5f 4c46 5f54 5349 495f 4345 365f 3530
001a810 3935 5f5f 3220 5f00 4c47 4249 5843 5f58
001a820 5245 5341 5f45 4649 485f 3120 4500 4f4e
001a830 454e 2054 3436 5f00 635f 7375 0074 5f5f
001a840 524e 735f 6174 2074 0034 5953 5f53 6d72
001a850 6964 2072 5f5f 524e 725f 646d 7269 5f00
001a860 4e5a 7453 7636 6365 6f74 4972 534e 3774
001a870 5f5f 7863 3178 3131 6232 7361 6369 735f
001a880 7274 6e69 4967 5363 3174 6331 6168 5f72
001a890 7274 6961 7374 6349 5345 4961 4563 4545
001a8a0 6153 5349 5f35 4545 6535 6172 6573 4e45
001a8b0 5f39 675f 756e 635f 7878 3731 5f5f 6f6e
001a8c0 6d72 6c61 695f 6574 6172 6f74 4972 4b50
001a8d0 3553 535f 5f37 4545 5f00 4c47 4249 5843
001a8e0 5f58 4347 5f43 5447 5248 505f 534f 5849
001a8f0 485f 0020 5f5f 524e 635f 6f6c 656e 2033
001a900 3334 0035 5f5f 4e49 3154 5f36 414d 5f58
001a910 205f 7830 6637 6666 5f00 635f 7070 6c5f
001a920 6269 725f 626f 7375 5f74 6f6e 6d6e 646f
001a930 6669 6979 676e 735f 7165 6f5f 7370 3220
001a940 3130 3033 0034 4e49 5054 5254 4d5f 4e49
001a950 2820 392d 3232 3333 3237 3330 3836 3435
001a960 3737 3835 3730 2d4c 2931 7700 7363 6f74
001a970 6c75 5f00 5453 4552 4d41 495f 4554 4152
001a980 4f54 5f52 2048 0031 6c63 6165 6572 7272
001a990 5f00 4e5f 5f52 6962 646e 3420 0039 5a4e
001a9a0 5245 204f 3032 5700 5845 5449 4445 3420
001a9b0 5f00 4353 535f 4548 4c4c 5f20 4353 535f
001a9c0 4548 4c4c 5f00 4f50 4953 5f58 4c43 434f
001a9d0 5f4b 4553 454c 5443 4f49 204e 3032 3830
001a9e0 3930 004c 6e75 6567 6374 5500 4e49 3354
001a9f0 5f32 414d 2058 3428 3932 3934 3736 3932
001aa00 5535 0029 495f 5f4f 6572 6461 655f 646e
001aa10 5f00 4353 505f 4949 4f5f 4953 4d5f 5f20
001aa20 4353 505f 4949 4f5f 4953 4d5f 5f00 4e5a
001aa30 7453 7636 6365 6f74 4972 5363 4961 4563
001aa40 3145 5f36 5f4d 6873 6972 6b6e 745f 5f6f
001aa50 6966 4574 0076 5f5f 454c 4641 415f 5454
001aa60 2052 5f5f 7461 7274 6269 7475 5f65 205f
001aa70 2828 5f5f 656c 6661 5f5f 2929 5f00 4c47
001aa80 4249 5843 5f58 4148 4556 435f 534f 204c
001aa90 0031 535f 5f43 5f32 4843 5241 545f 5245
001aaa0 204d 535f 5f43 5f32 4843 5241 545f 5245
001aab0 004d 7473 7372 7274 5f00 4e5a 7453 3231
001aac0 565f 6365 6f74 5f72 6162 6573 6349 6153
001aad0 6349 4545 3731 565f 6365 6f74 5f72 6d69
001aae0 6c70 645f 7461 3161 5f32 5f4d 6f63 7970
001aaf0 645f 7461 4561 4b52 3253 005f 5f5f 4953
001ab00 455a 464f 505f 4854 4552 4441 415f 5454
001ab10 5f52 2054 3635 5f00 5f53 7375 5f65 6572
001ab20 6f6c 6163 6574 5f00 635f 7070 6c5f 6269
001ab30 635f 6e6f 7473 7865 7270 645f 6e79 6d61
001ab40 6369 615f 6c6c 636f 3220 3130 3039 4c37
001ab50 4300 5550 585f 524f 6428 7365 7374 7465
001ab60 732c 6372 6573 3174 732c 6372 6573 3274
001ab70 2029 5f5f 5043 5f55 504f 535f 2820 6973
001ab80 657a 666f 2820 7063 5f75 6573 5f74 2974
001ab90 202c 6564 7473 6573 2c74 7320 6372 6573
001aba0 3174 202c 7273 7363 7465 2c32 5e20 0029
001abb0 5953 5f53 7366 6174 6674 2073 5f5f 524e
001abc0 665f 7473 7461 7366 5300 5359 6c5f 6567
001abd0 7874 7461 7274 5f20 4e5f 5f52 676c 7465
001abe0 6178 7474 0072 5f5f 5355 5f45 4f50 4953
001abf0 3158 3939 3035 0036 5f5f 4c47 4249 5f43
001ac00 5355 5f45 5349 434f 5832 6600 6c69 7365
001ac10 7379 6574 006d 5a5f 4b4e 7453 7636 6365
001ac20 6f74 4972 534e 3774 5f5f 7863 3178 3131
001ac30 6232 7361 6369 735f 7274 6e69 4967 5363
001ac40 3174 6331 6168 5f72 7274 6961 7374 6349
001ac50 5345 4961 4563 4545 6153 5349 5f35 4545
001ac60 3431 4d5f 725f 6e61 6567 635f 6568 6b63
001ac70 6d45 5f00 495f 544e 4e5f 5f00 4e5a 6153
001ac80 6349 4345 4534 0076 5f5f 696c 756e 2078
001ac90 0031 475f 494c 4342 5858 535f 4d59 4556
001aca0 5f52 4e47 2055 0031 5f46 4c55 434f 204b
001acb0 0030 5f5f 7063 5f70 696c 5f62 6f63 636e
001acc0 7065 7374 3220 3230 3030 4c32 5f00 4e5f
001acd0 5f52 6973 6167 746c 7473 6361 206b 3331
001ace0 0031 535f 5f43 454c 4556 314c 445f 4143
001acf0 4843 5f45 5341 4f53 2043 535f 5f43 454c
001ad00 4556 314c 445f 4143 4843 5f45 5341 4f53
001ad10 0043 6f74 7075 6570 0072 5a5f 534e 3674
001ad20 6576 7463 726f 4e49 7453 5f37 635f 7878
001ad30 3131 3231 6162 6973 5f63 7473 6972 676e
001ad40 6349 7453 3131 6863 7261 745f 6172 7469
001ad50 4973 4563 6153 6349 4545 5345 4961 3553
001ad60 455f 4345 4534 526d 534b 5f35 4b52 3653
001ad70 005f 535f 5f43 5641 4850 5359 505f 4741
001ad80 5345 5f20 4353 415f 5056 5948 5f53 4150
001ad90 4547 0053 5f5f 6c61 6f6c 5f63 7274 6961
001ada0 7374 733c 6474 3a3a 6c61 6f6c 6163 6f74
001adb0 3c72 7473 3a64 5f3a 635f 7878 3131 3a3a
001adc0 6162 6973 5f63 7473 6972 676e 633c 6168
001add0 2c72 7320 6474 3a3a 6863 7261 745f 6172
001ade0 7469 3c73 6863 7261 2c3e 7320 6474 3a3a
001adf0 6c61 6f6c 6163 6f74 3c72 6863 7261 203e
001ae00 203e 2c3e 7320 6474 3a3a 5f5f 7863 3178
001ae10 3a31 623a 7361 6369 735f 7274 6e69 3c67
001ae20 6863 7261 202c 7473 3a64 633a 6168 5f72
001ae30 7274 6961 7374 633c 6168 3e72 202c 7473
001ae40 3a64 613a 6c6c 636f 7461 726f 633c 6168
001ae50 3e72 3e20 3e20 5300 5359 6e5f 6e61 736f
001ae60 656c 7065 5f20 4e5f 5f52 616e 6f6e 6c73
001ae70 6565 0070 5f5f 5f53 4649 4f53 4b43 3020
001ae80 3431 3030 3030 5f00 4f50 4953 5f58 5353
001ae90 5a49 5f45 414d 2058 3233 3637 0037 6d65
001aea0 7470 0079 4953 5f47 5441 4d4f 4349 575f
001aeb0 4449 4854 3320 0032 505f 5f43 4150 4854
001aec0 4d5f 5841 5f20 4350 505f 5441 5f48 414d
001aed0 0058 5953 5f53 726d 6d65 7061 5f20 4e5f
001aee0 5f52 726d 6d65 7061 5f00 675f 696c 6362
001aef0 7878 6d5f 6e69 5428 2029 5f5f 6c67 6269
001af00 7863 5f78 696d 5f6e 2062 5428 202c 6973
001af10 657a 666f 5428 2029 202a 5f5f 4843 5241
001af20 425f 5449 5f5f 0029 505f 534f 5849 445f
001af30 4c45 5941 4954 454d 5f52 414d 2058 3233
001af40 5f00 4e5a 6153 6349 3845 6c61 6f6c 6163
001af50 6574 6d45 5f00 615f 7474 5f72 6361 6563
001af60 7373 6e5f 6e6f 2865 7261 6e67 296f 5f20
001af70 615f 7474 6972 7562 6574 5f5f 2820 5f28
001af80 615f 6363 7365 5f73 205f 5f28 6e5f 6e6f
001af90 5f65 2c5f 6120 6772 6f6e 2929 0029 475f
001afa0 494c 4342 5858 3131 555f 4553 435f 3939
001afb0 535f 4454 494c 2042 0031 535f 5f43 4258
001afc0 3553 495f 504c 3233 4f5f 4646 4942 2047
001afd0 535f 5f43 4258 3553 495f 504c 3233 4f5f
001afe0 4646 4942 0047 5f5f 5f53 5954 4550 5349
001aff0 4553 284d 7562 2966 2820 6228 6675 2d29
001b000 733e 5f74 6f6d 6564 2d20 2820 7562 2966
001b010 3e2d 7473 6d5f 646f 2965 5f00 4e5a 7453
001b020 3631 6c61 6f6c 6163 6f74 5f72 7274 6961
001b030 7374 5349 4961 4563 3845 6c61 6f6c 6163
001b040 6574 5245 3053 6d5f 5f00 4e5f 5f52 7277
001b050 7469 7665 3220 0030 5f5f 524e 6c5f 6e61
001b060 6c64 636f 5f6b 6572 7473 6972 7463 735f
001b070 6c65 2066 3434 0036 5a5f 4b4e 7453 5f37
001b080 635f 7878 3131 3231 6162 6973 5f63 7473
001b090 6972 676e 6349 7453 3131 6863 7261 745f
001b0a0 6172 7469 4973 4563 6153 6349 4545 3131
001b0b0 4d5f 695f 5f73 6f6c 6163 456c 0076 6c63
001b0c0 636f 006b 5453 5441 5f58 544d 4d49 2045
001b0d0 7830 3030 3030 3030 3034 0055 5f5f 4c46
001b0e0 3654 5f34 5045 4953 4f4c 5f4e 205f 2e32
001b0f0 3232 3430 3634 3430 3239 3035 3133 3033
001b100 3038 3438 3237 3336 3333 3136 3138 3436
001b110 3630 6532 312d 4636 3436 5f00 4e5a 7453
001b120 5f37 635f 7878 3131 3231 6162 6973 5f63
001b130 7473 6972 676e 6349 7453 3131 6863 7261
001b140 745f 6172 7469 4973 4563 6153 6349 4545
001b150 7237 7065 616c 6563 4e45 5f39 675f 756e
001b160 635f 7878 3731 5f5f 6f6e 6d72 6c61 695f
001b170 6574 6172 6f74 4972 4b50 5363 5f34 4545
001b180 3953 6d5f 0063 5845 5449 465f 4941 554c
001b190 4552 3120 7300 7274 656c 006e 5953 5f53
001b1a0 726c 6d65 766f 7865 7461 7274 5f20 4e5f
001b1b0 5f52 726c 6d65 766f 7865 7461 7274 5f00
001b1c0 4c47 4249 5843 5f58 4148 4556 4c5f 4e49
001b1d0 204b 0031 5f5f 6c67 6269 7863 5f78 6c63
001b1e0 7361 5f73 6572 7571 7269 7365 2832 615f
001b1f0 5f2c 2c62 635f 2029 5300 5359 675f 7465
001b200 6975 2064 5f5f 524e 675f 7465 6975 0064
001b210 5f5f 7063 5f70 656e 7473 6465 6e5f 6d61
001b220 7365 6170 6563 645f 6665 6e69 7469 6f69
001b230 736e 3220 3130 3134 4c31 5f00 4f49 775f
001b240 6972 6574 655f 646e 4500 5250 544f 4e4f
001b250 534f 5055 4f50 5452 3920 0033 5a5f 534e
001b260 3174 6136 6c6c 636f 7461 726f 745f 6172
001b270 7469 4973 6153 4e49 7453 5f37 635f 7878
001b280 3131 3231 6162 6973 5f63 7473 6972 676e
001b290 6349 7453 3131 6863 7261 745f 6172 7469
001b2a0 4973 4563 6153 6349 4545 4545 3845 616d
001b2b0 5f78 6973 657a 5245 534b 5f36 5f00 4e5a
001b2c0 7453 7636 6365 6f74 4972 534e 3774 5f5f
001b2d0 7863 3178 3131 6232 7361 6369 735f 7274
001b2e0 6e69 4967 5363 3174 6331 6168 5f72 7274
001b2f0 6961 7374 6349 5345 4961 4563 4545 6153
001b300 5349 5f35 4545 3443 4f45 3753 525f 534b
001b310 5f36 7453 3731 6e69 6574 7267 6c61 635f
001b320 6e6f 7473 6e61 4974 4c62 3062 4545 5f00
001b330 4c47 4249 5843 5f58 4148 4556 495f 4953
001b340 464e 204c 0031 475f 494c 4342 5858 475f
001b350 4343 475f 4854 5f52 2048 5f00 635f 7070
001b360 695f 696e 6974 6c61 7a69 7265 6c5f 7369
001b370 7374 3220 3030 3038 4c36 5f00 4c47 4249
001b380 5843 5f58 4f4d 4556 2833 545f 2c70 555f
001b390 2c70 565f 2970 7320 6474 3a3a 6f6d 6576
001b3a0 5f28 7054 202c 555f 2c70 5f20 7056 0029
001b3b0 505f 5f43 5f32 5953 4c4d 4e49 534b 5f20
001b3c0 4350 325f 535f 4d59 494c 4b4e 0053 5f5f
001b3d0 4e57 544f 5248 4145 2044 7830 3032 3030
001b3e0 3030 3030 6900 746e 705f 735f 6769 5f6e
001b3f0 6f70 6e73 5f00 4353 535f 4d45 5041 4f48
001b400 4552 2053 535f 5f43 4553 414d 4850 524f
001b410 5345 5f00 4e5a 7453 7636 6365 6f74 4972
001b420 5363 4961 4563 3145 5f34 5f4d 6f6d 6576
001b430 615f 7373 6769 456e 534f 5f31 7453 3731
001b440 6e69 6574 7267 6c61 635f 6e6f 7473 6e61
001b450 4974 4c62 3062 4545 6900 6173 706c 6168
001b460 5f00 635f 7070 745f 6d65 6c70 7461 5f65
001b470 6574 706d 616c 6574 615f 6772 2073 3032
001b480 3631 3131 004c 5f5f 4c46 3354 5832 4e5f
001b490 524f 5f4d 414d 5f58 205f 2e31 3937 3637
001b4a0 3339 3331 3834 3236 3133 3735 3830 3431
001b4b0 3235 3437 3332 3337 3731 3430 3533 6537
001b4c0 332b 3830 3346 7832 4c00 745f 706d 616e
001b4d0 206d 3032 5f00 635f 7070 645f 6365 746c
001b4e0 7079 2065 3032 3730 3730 004c 5f5f 5341
001b4f0 5f4d 4547 454e 4952 5f43 4942 5354 505f
001b500 5245 4c5f 4e4f 2047 5f00 4e5a 7453 5f37
001b510 635f 7878 3131 3231 6162 6973 5f63 7473
001b520 6972 676e 6349 7453 3131 6863 7261 745f
001b530 6172 7469 4973 4563 6153 6349 4545 7237
001b540 7065 616c 6563 6d45 506d 634b 006d 475f
001b550 494c 4342 5858 435f 5453 4944 544e 3120
001b560 5f00 4e5f 5f52 6361 6563 7373 3220 0031
001b570 535f 5f43 4c4e 535f 5445 414d 2058 535f
001b580 5f43 4c4e 535f 5445 414d 0058 4f57 4452
001b590 425f 5449 3320 0032 5a5f 534e 3674 6576
001b5a0 7463 726f 6349 6153 6349 4545 6335 656c
001b5b0 7261 7645 5300 5359 735f 6863 6465 675f
001b5c0 7465 6373 6568 7564 656c 2072 5f5f 524e
001b5d0 735f 6863 6465 675f 7465 6373 6568 7564
001b5e0 656c 0072 5a5f 534e 3774 5f5f 7863 3178
001b5f0 3131 6232 7361 6369 735f 7274 6e69 4967
001b600 5363 3174 6331 6168 5f72 7274 6961 7374
001b610 6349 5345 4961 4563 3145 5f34 5f4d 6572
001b620 6c70 6361 5f65 7561 4578 6d6d 636d 5f00
001b630 4b5f 5245 454e 5f4c 4c4f 5f44 4954 454d
001b640 4156 5f4c 414d 4354 4548 5f53 4954 454d
001b650 4156 364c 2034 0031 505f 5453 5f4c 5355
001b660 5f45 4f4e 544e 4d45 4f50 4152 5f4c 5453
001b670 524f 5345 495f 5f46 4c41 4f4c 4557 2044
001b680 5f00 4e5a 7453 5f37 635f 7878 3131 3231
001b690 6162 6973 5f63 7473 6972 676e 6349 7453
001b6a0 3131 6863 7261 745f 6172 7469 4973 4563
001b6b0 6153 6349 4545 6936 736e 7265 4574 394e
001b6c0 5f5f 6e67 5f75 7863 3178 5f37 6e5f 726f
001b6d0 616d 5f6c 7469 7265 7461 726f 5049 634b
001b6e0 3453 455f 6345 5f00 635f 7070 675f 6175
001b6f0 6172 746e 6565 5f64 6f63 7970 655f 696c
001b700 6973 6e6f 3220 3130 3036 4c36 5f00 4e5a
001b710 5f36 705f 7473 396c 7865 6365 7475 6f69
001b720 326e 3176 3631 6573 7571 6e65 6563 5f64
001b730 6f70 696c 7963 3431 5f5f 6c61 6f6c 5f77
001b740 6576 7463 726f 7645 5f00 4e5a 394b 5f5f
001b750 6e67 5f75 7863 3178 6e33 7765 615f 6c6c
001b760 636f 7461 726f 4e49 7453 5f37 635f 7878
001b770 3131 3231 6162 6973 5f63 7473 6972 676e
001b780 6349 7453 3131 6863 7261 745f 6172 7469
001b790 4973 4563 6153 6349 4545 4545 3131 4d5f
001b7a0 6d5f 7861 735f 7a69 4565 0076 5a5f 534e
001b7b0 3774 5f5f 7863 3178 3131 6232 7361 6369
001b7c0 735f 7274 6e69 4967 5363 3174 6331 6168
001b7d0 5f72 7274 6961 7374 6349 5345 4961 4563
001b7e0 4345 4534 4b50 6d63 4b52 3353 005f 5f5f
001b7f0 524e 6c5f 6567 7874 7461 7274 3120 3239
001b800 5f00 535f 5248 5f54 414d 5f58 205f 7830
001b810 6637 6666 5f00 5343 505f 5441 2048 435f
001b820 5f53 4150 4854 5f00 4353 535f 4d45 4e5f
001b830 4553 534d 4d5f 5841 5f20 4353 535f 4d45
001b840 4e5f 4553 534d 4d5f 5841 5f00 4f50 4953
001b850 5f58 4f4e 545f 5552 434e 3120 5f00 635f
001b860 7070 635f 6e6f 7473 7865 7270 3220 3130
001b870 3039 4c37 5000 4854 4552 4441 415f 5454
001b880 5f52 4f4e 535f 4749 414d 4b53 4e5f 2050
001b890 2d28 2931 5f00 545f 4d49 3645 5f34 5f54
001b8a0 5954 4550 5f20 545f 4d49 5f45 5f54 5954
001b8b0 4550 4600 4c5f 434f 204b 0031 475f 494c
001b8c0 4342 5858 445f 4245 4755 415f 5353 5245
001b8d0 4954 4e4f 5f53 2048 0031 505f 534f 5849
001b8e0 525f 5741 535f 434f 454b 5354 3220 3030
001b8f0 3038 4c39 5300 5359 705f 7069 3265 5f20
001b900 4e5f 5f52 6970 6570 0032 5953 5f53 6f63
001b910 6e6e 6365 2074 5f5f 524e 635f 6e6f 656e
001b920 7463 6900 7773 6478 6769 7469 6600 6e69
001b930 5f64 6966 7372 5f74 6f6e 5f74 666f 5f00
001b940 4e5a 534b 3174 6937 746e 6765 6172 5f6c
001b950 6f63 736e 6174 746e 6249 624c 4531 6345
001b960 456c 0076 5f5f 524e 665f 6572 6f6d 6576
001b970 6178 7474 2072 3931 0039 5953 5f53 6564
001b980 656c 6574 6d5f 646f 6c75 2065 5f5f 524e
001b990 645f 6c65 7465 5f65 6f6d 7564 656c 5f00
001b9a0 755f 6e69 6d74 7861 745f 5f00 635f 7070
001b9b0 6c5f 6269 735f 6168 6572 5f64 7470 5f72
001b9c0 6577 6b61 745f 7079 2065 3032 3631 3630
001b9d0 5f00 4353 485f 534f 5f54 414e 454d 4d5f
001b9e0 5841 5f20 4353 485f 534f 5f54 414e 454d
001b9f0 4d5f 5841 5f00 5f4d 7473 6972 676e 6c5f
001ba00 6e65 7467 0068 5f5f 4957 544e 4d5f 5841
001ba10 5f5f 3020 6678 6666 6666 6666 5566 5300
001ba20 5359 6d5f 6f6c 6b63 5f20 4e5f 5f52 6c6d
001ba30 636f 006b 5f5f 4c4e 4e49 5f4b 5f54 5954
001ba40 4550 5f20 535f 5359 4143 4c4c 555f 4f4c
001ba50 474e 545f 5059 0045 5953 5f53 6863 6f6d
001ba60 2064 5f5f 524e 635f 6d68 646f 4500 334c
001ba70 5352 2054 3734 6d00 7262 6f74 6377 5f00
001ba80 4e5a 394b 5f5f 6e67 5f75 7863 3178 5f37
001ba90 6e5f 726f 616d 5f6c 7469 7265 7461 726f
001baa0 5049 4e63 7453 5f37 635f 7878 3131 3231
001bab0 6162 6973 5f63 7473 6972 676e 6349 7453
001bac0 3131 6863 7261 745f 6172 7469 4973 4563
001bad0 6153 6349 4545 4545 7470 7645 5f00 4c47
001bae0 4249 5843 5f58 5441 4d4f 4349 5449 5f59
001baf0 2048 0031 5f5f 524e 715f 6575 7972 6d5f
001bb00 646f 6c75 2065 3731 0038 5f5f 524e 735f
001bb10 7465 6572 6773 6469 3120 3931 5f00 4e5f
001bb20 5f52 6974 656d 5f72 7263 6165 6574 3220
001bb30 3232 5f00 4e5f 5f52 6366 746e 206c 3237
001bb40 5f00 5f4d 6f63 736e 7274 6375 0074 495f
001bb50 5573 756e 6573 0064 5953 5f53 6461 746a
001bb60 6d69 7865 5f20 4e5f 5f52 6461 746a 6d69
001bb70 7865 5300 5359 735f 6863 6465 725f 5f72
001bb80 6567 5f74 6e69 6574 7672 6c61 5f20 4e5f
001bb90 5f52 6373 6568 5f64 7272 675f 7465 695f
001bba0 746e 7265 6176 006c 5f5f 4950 5f43 205f
001bbb0 0032 7469 7265 7461 726f 745f 6172 7469
001bbc0 3c73 6863 7261 6320 6e6f 7473 3e2a 5f00
001bbd0 635f 7070 6c5f 6269 635f 6e6f 7473 7865
001bbe0 7270 635f 6168 5f72 7274 6961 7374 3220
001bbf0 3130 3138 4c31 5f00 4e5a 7453 5f37 635f
001bc00 7878 3131 3231 6162 6973 5f63 7473 6972
001bc10 676e 6349 7453 3131 6863 7261 745f 6172
001bc20 7469 4973 4563 6153 6349 4545 7237 7065
001bc30 616c 6563 4e45 5f39 675f 756e 635f 7878
001bc40 3731 5f5f 6f6e 6d72 6c61 695f 6574 6172
001bc50 6f74 4972 4b50 5363 5f34 4545 3953 4e5f
001bc60 3653 495f 6350 3453 455f 5345 5f42 4100
001bc70 4a44 4d5f 4349 4f52 3020 3178 3030 0030
001bc80 495f 6253 7469 6228 7469 2029 2828 6962
001bc90 2974 3c20 3820 3f20 2820 3128 3c20 203c
001bca0 6228 7469 2929 3c20 203c 2938 3a20 2820
001bcb0 3128 3c20 203c 6228 7469 2929 3e20 203e
001bcc0 2938 0029 475f 494c 4342 5858 495f 544e
001bcd0 4e5f 545f 4152 5449 0053 475f 494c 4342
001bce0 5858 445f 4245 4755 415f 5353 5245 2854
001bcf0 435f 6e6f 6964 6974 6e6f 2029 5f00 5f4d
001bd00 6164 6174 5300 5359 665f 6573 7874 7461
001bd10 7274 5f20 4e5f 5f52 7366 7465 6178 7474
001bd20 0072 435f 5f53 4258 3553 495f 504c 3233
001bd30 4f5f 4646 3233 435f 4c46 4741 2053 435f
001bd40 5f53 4258 3553 495f 504c 3233 4f5f 4646
001bd50 3233 435f 4c46 4741 0053 6162 6973 5f63
001bd60 7473 6972 676e 633c 6168 2c72 7320 6474
001bd70 3a3a 6863 7261 745f 6172 7469 3c73 6863
001bd80 7261 2c3e 7320 6474 3a3a 6c61 6f6c 6163
001bd90 6f74 3c72 6863 7261 203e 003e 5f5f 5847
001bda0 5f58 454d 4752 4445 545f 5059 4945 464e
001bdb0 5f4f 414e 454d 2053 0030 475f 494c 4342
001bdc0 5858 555f 4553 505f 4854 4552 4441 525f
001bdd0 4c57 434f 5f4b 4c43 434f 4c4b 434f 204b
001bde0 0031 5a5f 534e 3674 6576 7463 726f 4e49
001bdf0 7453 5f37 635f 7878 3131 3231 6162 6973
001be00 5f63 7473 6972 676e 6349 7453 3131 6863
001be10 7261 745f 6172 7469 4973 4563 6153 6349
001be20 4545 5345 4961 3553 455f 3645 6572 6973
001be30 657a 6d45 4b52 3553 005f 475f 494c 4342
001be40 5858 485f 5641 5f45 4154 484e 2046 0031
001be50 475f 494c 4342 5858 505f 4341 414b 4547
001be60 5f5f 4c47 4249 5843 5f58 4556 5352 4f49
001be70 204e 7622 7265 6973 6e6f 752d 756e 6573
001be80 2264 5f00 4e5a 7453 5f37 635f 7878 3131
001be90 3231 6162 6973 5f63 7473 6972 676e 6349
001bea0 7453 3131 6863 7261 745f 6172 7469 4973
001beb0 4563 6153 6349 4545 5361 6345 5f00 5450
001bec0 4452 4649 5f46 5f54 4544 4c43 5241 4445
001bed0 0020 435f 5f53 464c 5f53 494c 544e 4c46
001bee0 4741 2053 435f 5f53 464c 5f53 494c 544e
001bef0 4c46 4741 0053 5f5f 6975 5f64 5f74 6564
001bf00 6966 656e 2064 5000 4854 4552 4441 435f
001bf10 4552 5441 5f45 4f4a 4e49 4241 454c 5020
001bf20 4854 4552 4441 435f 4552 5441 5f45 4f4a
001bf30 4e49 4241 454c 5300 5359 725f 5f74 6774
001bf40 6973 7167 6575 6575 6e69 6f66 5f20 4e5f
001bf50 5f52 7472 745f 7367 6769 7571 7565 6965
001bf60 666e 006f 5845 4544 2056 3831 7200 7665
001bf70 7265 6573 695f 6574 6172 6f74 3c72 5f5f
001bf80 6e67 5f75 7863 3a78 5f3a 6e5f 726f 616d
001bf90 5f6c 7469 7265 7461 726f 733c 6474 3a3a
001bfa0 5f5f 7863 3178 3a31 623a 7361 6369 735f
001bfb0 7274 6e69 3c67 6863 7261 202c 7473 3a64
001bfc0 633a 6168 5f72 7274 6961 7374 633c 6168
001bfd0 3e72 202c 7473 3a64 613a 6c6c 636f 7461
001bfe0 726f 633c 6168 3e72 3e20 2c2a 7320 6474
001bff0 3a3a 6576 7463 726f 733c 6474 3a3a 5f5f
001c000 7863 3178 3a31 623a 7361 6369 735f 7274
001c010 6e69 3c67 6863 7261 202c 7473 3a64 633a
001c020 6168 5f72 7274 6961 7374 633c 6168 3e72
001c030 202c 7473 3a64 613a 6c6c 636f 7461 726f
001c040 633c 6168 3e72 3e20 202c 7473 3a64 613a
001c050 6c6c 636f 7461 726f 733c 6474 3a3a 5f5f
001c060 7863 3178 3a31 623a 7361 6369 735f 7274
001c070 6e69 3c67 6863 7261 202c 7473 3a64 633a
001c080 6168 5f72 7274 6961 7374 633c 6168 3e72
001c090 202c 7473 3a64 613a 6c6c 636f 7461 726f
001c0a0 633c 6168 3e72 3e20 3e20 3e20 3e20 3e20
001c0b0 5f00 4e5a 7453 3131 6863 7261 745f 6172
001c0c0 7469 4973 4563 6337 6d6f 6170 6572 5045
001c0d0 634b 3253 6d5f 5f00 4e5a 7453 5f37 635f
001c0e0 7878 3131 3231 6162 6973 5f63 7473 6972
001c0f0 676e 6349 7453 3131 6863 7261 745f 6172
001c100 7469 4973 4563 6153 6349 4545 5f37 5f53
001c110 6f63 7970 5045 5063 634b 006d 5f5f 6c67
001c120 6269 7863 5f78 616d 5f78 7865 6f70 656e
001c130 746e 3031 5f00 4e5f 5f52 6567 6774 6f72
001c140 7075 2073 3131 0035 5f5f 524e 705f 656b
001c150 5f79 6c61 6f6c 2063 3333 0030 5f5f 524e
001c160 735f 7465 7270 6f69 6972 7974 3120 3134
001c170 5f00 4c47 4249 5843 5f58 4148 4556 465f
001c180 4f4d 4644 3120 5f00 495f 544e 465f 5341
001c190 3354 5f32 5954 4550 5f5f 6c20 6e6f 2067
001c1a0 6e69 0074 4d5f 635f 6572 7461 5f65 7473
001c1b0 726f 6761 0065 5f5f 4553 5f47 5346 3120
001c1c0 5f00 575f 4f43 4552 5544 504d 7328 6174
001c1d0 7574 2973 2820 7328 6174 7574 2973 2620
001c1e0 5f20 575f 4f43 4552 4c46 4741 0029 5a5f
001c1f0 534e 3774 5f5f 7863 3178 3131 6232 7361
001c200 6369 735f 7274 6e69 4967 5363 3174 6331
001c210 6168 5f72 7274 6961 7374 6349 5345 4961
001c220 4563 4345 4534 4b52 3453 6d5f 526d 534b
001c230 5f33 5f00 475f 4854 4552 4441 4d5f 5455
001c240 5845 495f 494e 5f54 5546 434e 4954 4e4f
001c250 5f20 675f 6874 6572 6461 6d5f 7475 7865
001c260 695f 696e 5f74 7566 636e 6974 6e6f 4e00
001c270 4c55 204c 5f5f 756e 6c6c 5f00 4e5f 5f52
001c280 7564 2070 3233 7600 7773 7270 6e69 6674
001c290 5f00 5453 4552 4d41 5542 5f46 5449 5245
001c2a0 5441 524f 485f 3120 5f00 4e5f 5f52 6863
001c2b0 6f72 746f 3120 3136 5f00 5453 4944 5f4f
001c2c0 2048 0031 5f5f 4544 3343 5f32 5045 4953
001c2d0 4f4c 5f4e 205f 4531 362d 4644 5f00 4c47
001c2e0 4249 5843 5f58 554e 424d 5245 2053 0031
001c2f0 5345 4352 2048 0033 505f 534f 5849 415f
001c300 5953 434e 495f 204f 0031 5f5f 524e 725f
001c310 5f74 6973 7267 7465 7275 206e 3531 4e00
001c320 5f4c 5241 4d47 5841 5f20 4f50 4953 5f58
001c330 5241 5f47 414d 0058 5f5f 5341 4e4d 4d41
001c340 3245 7028 6572 6966 2c78 6e63 6d61 2965
001c350 5f20 535f 5254 4e49 2047 7028 6572 6966
001c360 2978 6320 616e 656d 5f00 4353 4c5f 4e49
001c370 5f45 414d 2058 535f 5f43 494c 454e 4d5f
001c380 5841 5300 5359 695f 5f6f 6573 7574 2070
001c390 5f5f 524e 695f 5f6f 6573 7574 0070 5f5f
001c3a0 7563 7473 615f 6363 7365 0073 505f 534f
001c3b0 5849 4e5f 4d41 5f45 414d 2058 3431 5f00
001c3c0 4e5a 7453 7636 6365 6f74 4972 534e 3774
001c3d0 5f5f 7863 3178 3131 6232 7361 6369 735f
001c3e0 7274 6e69 4967 5363 3174 6331 6168 5f72
001c3f0 7274 6961 7374 6349 5345 4961 4563 4545
001c400 6153 5349 5f35 4545 6136 7373 6769 456e
001c410 7453 3631 6e69 7469 6169 696c 657a 5f72
001c420 696c 7473 5349 5f35 0045 5f5f 5453 4344
001c430 5050 545f 5248 4145 5344 5f5f 3120 5300
001c440 4545 5f4b 4144 4154 3320 5f00 435f 5550
001c450 535f 5445 4953 455a 3120 3230 0034 5f5f
001c460 4c46 3654 5834 4d5f 4e49 315f 5f30 5845
001c470 5f50 205f 2d28 3934 3133 0029 5f5f 4552
001c480 4944 4552 5443 4e5f 4854 4c4e 6e28 6d61
001c490 2c65 7270 746f 2c6f 6c61 6169 2973 6e20
001c4a0 6d61 2065 7270 746f 206f 5f5f 4854 4f52
001c4b0 4e57 204c 5f5f 7361 5f6d 205f 5f28 415f
001c4c0 4d53 414e 454d 2820 6123 696c 7361 2929
001c4d0 5f00 465f 544c 3231 5f38 414d 5f58 3031
001c4e0 455f 5058 5f5f 3420 3339 0032 5a5f 534e
001c4f0 3174 6237 7361 6369 735f 7274 6e69 5f67
001c500 6976 7765 6349 7453 3131 6863 7261 745f
001c510 6172 7469 4973 4563 6145 4553 4b52 3253
001c520 005f 5f53 4549 4558 2043 5f53 5849 5355
001c530 0052 5953 5f53 7472 735f 6769 7571 7565
001c540 6965 666e 206f 5f5f 524e 725f 5f74 6973
001c550 7167 6575 6575 6e69 6f66 5f00 4347 5f43
001c560 454e 5458 4c5f 4d49 5449 5f53 0048 5450
001c570 5248 4145 5f44 4e49 4548 4952 5f54 4353
001c580 4548 2044 5450 5248 4145 5f44 4e49 4548
001c590 4952 5f54 4353 4548 0044 5f5f 4955 544e
001c5a0 5f38 2843 2963 6320 5f00 535f 5a49 4f45
001c5b0 5f46 4f4c 474e 4c5f 4e4f 5f47 205f 0038
001c5c0 5f5f 6962 7774 7369 2065 5f5f 6962 7774
001c5d0 7369 5f65 005f 5f5f 6c67 6269 7863 5f78
001c5e0 6572 7571 7269 7365 735f 6275 6373 6972
001c5f0 7470 5f28 294e 0020 5a5f 534e 3174 5f32
001c600 6556 7463 726f 625f 7361 4965 534e 3774
001c610 5f5f 7863 3178 3131 6232 7361 6369 735f
001c620 7274 6e69 4967 5363 3174 6331 6168 5f72
001c630 7274 6961 7374 6349 5345 4961 4563 4545
001c640 6153 5349 5f35 4545 3331 4d5f 645f 6165
001c650 6c6c 636f 7461 4565 5350 5f35 006d 5a5f
001c660 534e 3674 6576 7463 726f 4e49 7453 5f37
001c670 635f 7878 3131 3231 6162 6973 5f63 7473
001c680 6972 676e 6349 7453 3131 6863 7261 745f
001c690 6172 7469 4973 4563 6153 6349 4545 5345
001c6a0 4961 3553 455f 3145 5f34 5f53 6f64 725f
001c6b0 6c65 636f 7461 4565 5350 5f35 3853 535f
001c6c0 5f38 5352 5f36 7453 3731 6e69 6574 7267
001c6d0 6c61 635f 6e6f 7473 6e61 4974 4c62 3162
001c6e0 4545 5f00 4c47 4249 5843 5f58 4148 4556
001c6f0 465f 4e45 5f56 2048 0031 5f5f 6c67 6269
001c700 7863 5f78 6e69 6574 7267 6c61 745f 6172
001c710 7370 7420 7572 0065 6566 666f 4400 4645
001c720 5541 544c 4d5f 4c49 494c 535f 4345 4e4f
001c730 0044 475f 494c 4342 5858 485f 5641 5f45
001c740 5953 5f53 5453 5441 4656 5f53 2048 0031
001c750 555f 4553 5f53 4c41 4f4c 4143 4f54 5f52
001c760 5241 5347 3120 5f00 5350 4c54 475f 554c
001c770 5f45 454d 4f4d 5952 445f 4645 5f53 2048
001c780 4900 544e 3631 4d5f 4e49 2820 332d 3732
001c790 3736 312d 0029 5f5f 4d50 0054 5f5f 5450
001c7a0 5248 4145 5f44 5752 4f4c 4b43 495f 494e
001c7b0 4954 4c41 5a49 5245 5f28 665f 616c 7367
001c7c0 2029 2c30 3020 202c 2c30 3020 202c 2c30
001c7d0 3020 202c 2c30 3020 202c 5f5f 5450 5248
001c7e0 4145 5f44 5752 4f4c 4b43 455f 494c 4953
001c7f0 4e4f 455f 5458 4152 202c 2c30 5f20 665f
001c800 616c 7367 5f00 4c47 4249 5843 5f58 4f4e
001c810 4854 4f52 2057 475f 494c 4342 5858 555f
001c820 4553 4e5f 454f 4358 5045 0054 4342 445f
001c830 4d49 4d5f 5841 5f20 4f50 4953 3258 425f
001c840 5f43 4944 5f4d 414d 0058 5a5f 4b4e 7453
001c850 3731 6162 6973 5f63 7473 6972 676e 765f
001c860 6569 4977 5363 3174 6331 6168 5f72 7274
001c870 6961 7374 6349 4545 6d38 7861 735f 7a69
001c880 4565 0076 5450 5248 4145 5f44 5752 4f4c
001c890 4b43 495f 494e 4954 4c41 5a49 5245 7b20
001c8a0 7b20 5f20 505f 4854 4552 4441 525f 4c57
001c8b0 434f 5f4b 4e49 5449 4149 494c 455a 2052
001c8c0 5028 4854 4552 4441 525f 4c57 434f 5f4b
001c8d0 4544 4146 4c55 5f54 504e 2029 207d 007d
001c8e0 475f 494c 4342 5858 4e5f 5345 4554 5f44
001c8f0 5845 4543 5450 4f49 5f4e 2048 0031 425f
001c900 5449 5f53 4954 454d 3436 485f 3120 5f00
001c910 4e5a 7453 7636 6365 6f74 4972 5363 4961
001c920 4563 3145 5f37 5f53 6863 6365 5f6b 6e69
001c930 7469 6c5f 6e65 6d45 4b52 3053 005f 5a5f
001c940 534e 3174 6331 6168 5f72 7274 6961 7374
001c950 6349 3245 746c 5245 634b 3253 005f 5f5f
001c960 5847 5f58 4241 5f49 4556 5352 4f49 204e
001c970 3031 3631 5f00 4e5f 5f52 6c63 6e6f 2065
001c980 3635 5f00 4353 525f 4145 544c 4d49 5f45
001c990 4953 4e47 4c41 2053 535f 5f43 4552 4c41
001c9a0 4954 454d 535f 4749 414e 534c 5f00 535f
001c9b0 5a49 5f45 2054 5f00 535f 5a49 4f45 5f46
001c9c0 4957 544e 545f 5f5f 3420 5f00 4942 5354
001c9d0 545f 5059 5345 535f 5254 4355 5f54 4353
001c9e0 4548 5f44 4150 4152 204d 0031 5f5f 696c
001c9f0 756e 5f78 205f 0031 5f5f 5043 5f55 4c41
001ca00 4f4c 2843 6f63 6e75 2974 5f20 735f 6863
001ca10 6465 635f 7570 6c61 6f6c 2063 6328 756f
001ca20 746e 0029 5953 5f53 6373 6568 5f64 6573
001ca30 7374 6863 6465 6c75 7265 5f20 4e5f 5f52
001ca40 6373 6568 5f64 6573 7374 6863 6465 6c75
001ca50 7265 5f00 4c47 4249 5843 5f58 4843 5241
001ca60 4f43 564e 485f 3120 5500 4e49 5f54 454c
001ca70 5341 3854 4d5f 5841 2820 3532 2935 5f00
001ca80 695f 746e 616d 5f78 0074 5f5f 5355 5f45
001ca90 5349 434f 5858 3131 3120 5300 5359 725f
001caa0 6165 2064 5f5f 524e 725f 6165 0064 7369
001cab0 7077 6972 746e 7e00 6e49 7469 6900 6773
001cac0 6172 6870 5f00 4f5f 434e 5f45 4c46 4741
001cad0 495f 494e 2054 207b 2030 007d 475f 494c
001cae0 4342 5858 465f 4c49 5345 5359 4554 204d
001caf0 0031 6572 6576 7372 5f65 7469 7265 7461
001cb00 726f 633c 6168 2072 6f63 736e 2a74 003e
001cb10 5f5f 7063 5f70 6f6e 746e 7079 5f65 6574
001cb20 706d 616c 6574 705f 7261 6d61 7465 7265
001cb30 615f 7475 206f 3032 3631 3630 004c 5f5f
001cb40 4957 544e 545f 5059 5f45 205f 6e75 6973
001cb50 6e67 6465 6920 746e 5f00 4e5a 7453 5f37
001cb60 635f 7878 3131 3231 6162 6973 5f63 7473
001cb70 6972 676e 6349 7453 3131 6863 7261 745f
001cb80 6172 7469 4973 4563 6153 6349 4545 6136
001cb90 7070 6e65 4564 636d 5f00 5343 505f 534f
001cba0 5849 565f 5f37 4c49 3350 5f32 464f 4246
001cbb0 4749 435f 4c46 4741 2053 435f 5f53 4f50
001cbc0 4953 5f58 3756 495f 504c 3233 4f5f 4646
001cbd0 4942 5f47 4643 414c 5347 5f00 475f 5858
001cbe0 575f 4145 5f4b 205f 0031 5f5f 524e 665f
001cbf0 7475 6d69 7365 7461 3220 3136 5f00 555f
001cc00 4553 585f 504f 4e45 4b32 5838 4953 5300
001cc10 5359 725f 6265 6f6f 2074 5f5f 524e 725f
001cc20 6265 6f6f 0074 6e75 6567 7774 0063 5953
001cc30 5f53 6567 7074 6469 5f20 4e5f 5f52 6567
001cc40 7074 6469 5f00 6f5f 6666 745f 5f00 465f
001cc50 5753 524f 5f44 5f54 5954 4550 5f20 535f
001cc60 5359 4143 4c4c 535f 4f4c 474e 545f 5059
001cc70 0045 5545 4c43 4145 204e 3131 0037 5a5f
001cc80 4b4e 7453 5f37 635f 7878 3131 3231 6162
001cc90 6973 5f63 7473 6972 676e 6349 7453 3131
001cca0 6863 7261 745f 6172 7469 4973 4563 6153
001ccb0 6349 4545 7234 6e65 4564 0076 4e57 574f
001ccc0 4941 2054 7830 3130 3030 3030 3030 5f00
001ccd0 695f 746e 6c5f 6165 7473 3233 745f 7200
001cce0 6e61 6567 0073 5f5f 4953 455a 464f 465f
001ccf0 4f4c 5441 5f5f 3420 5f00 4e5a 5f39 675f
001cd00 756e 635f 7878 3731 5f5f 6f6e 6d72 6c61
001cd10 695f 6574 6172 6f74 4972 6350 534e 3774
001cd20 5f5f 7863 3178 3131 6232 7361 6369 735f
001cd30 7274 6e69 4967 5363 3174 6331 6168 5f72
001cd40 7274 6961 7374 6349 5345 4961 4563 4545
001cd50 7045 4570 0069 5f5f 5355 5f45 5349 434f
001cd60 5858 3131 5f00 5343 585f 5342 5f35 4c49
001cd70 3350 5f32 464f 4246 4749 4c5f 4249 2053
001cd80 435f 5f53 4258 3553 495f 504c 3233 4f5f
001cd90 4646 4942 5f47 494c 5342 5f00 4e5a 5f39
001cda0 675f 756e 635f 7878 3731 5f5f 6f6e 6d72
001cdb0 6c61 695f 6574 6172 6f74 4972 6350 534e
001cdc0 3774 5f5f 7863 3178 3131 6232 7361 6369
001cdd0 735f 7274 6e69 4967 5363 3174 6331 6168
001cde0 5f72 7274 6961 7374 6349 5345 4961 4563
001cdf0 4545 7045 4570 0076 435f 5f53 4f50 4953
001ce00 5f58 3656 4c5f 3650 5f34 464f 3646 5f34
001ce10 494c 5342 5f20 5343 505f 534f 5849 565f
001ce20 5f36 504c 3436 4f5f 4646 3436 4c5f 4249
001ce30 0053 5f5f 4e49 5f54 454c 5341 3654 5f34
001ce40 5954 4550 5f5f 6c20 6e6f 2067 6e69 0074
001ce50 475f 494c 4342 5858 425f 4745 4e49 455f
001ce60 5458 5245 5f4e 2043 7865 6574 6e72 2220
001ce70 2243 7b20 5f00 4e5a 7453 7636 6365 6f74
001ce80 4972 5363 4961 4563 3645 6572 6973 657a
001ce90 6d45 5300 5359 735f 6c70 6369 2065 5f5f
001cea0 524e 735f 6c70 6369 0065 535f 5359 435f
001ceb0 4544 5346 485f 3120 5f00 4c47 4249 5843
001cec0 5f58 4146 5453 4d5f 5441 2048 0030 535f
001ced0 5f43 454c 4556 334c 435f 4341 4548 535f
001cee0 5a49 2045 535f 5f43 454c 4556 334c 435f
001cef0 4341 4548 535f 5a49 0045 535f 5f43 4544
001cf00 414c 5459 4d49 5245 4d5f 5841 5f20 4353
001cf10 445f 4c45 5941 4954 454d 5f52 414d 0058
001cf20 4e45 4d41 5445 4f4f 4f4c 474e 3320 0036
001cf30 4d5f 615f 6c6c 636f 7461 6465 635f 7061
001cf40 6361 7469 0079 5f5f 7063 5f70 696c 5f62
001cf50 7461 6d6f 6369 765f 6c61 6575 695f 696e
001cf60 6974 6c61 7a69 7461 6f69 206e 3032 3931
001cf70 3131 004c 5f5f 7461 7274 6269 7475 5f65
001cf80 616d 6279 5f65 6e75 7375 6465 5f5f 5f20
001cf90 615f 7474 6972 7562 6574 5f5f 2820 5f28
001cfa0 755f 756e 6573 5f64 295f 0029 5f5f 7063
001cfb0 5f70 7375 7265 645f 6665 6e69 6465 6c5f
001cfc0 7469 7265 6c61 2073 3032 3830 3930 004c
001cfd0 5f5f 524e 765f 6168 676e 7075 3120 3335
001cfe0 5f00 535f 5a49 4f45 5f46 4f4c 474e 5f5f
001cff0 3820 5f00 4c47 4249 5843 5f58 5453 4341
001d000 204b 0031 5f5f 5043 4d55 5341 284b 7063
001d010 2975 2820 5f28 635f 7570 6d5f 7361 296b
001d020 3120 3c20 203c 2828 7063 2975 2520 5f20
001d030 4e5f 5043 4255 5449 2953 0029 5f5f 434c
001d040 4e5f 4d41 2045 0038 535f 705f 6f72 6170
001d050 6167 6574 6f5f 5f6e 6f6d 6576 615f 7373
001d060 6769 006e 475f 494c 4342 5858 525f 4745
001d070 5845 535f 4154 4554 4c5f 4d49 5449 3120
001d080 3030 3030 0030 535f 5f43 5254 4341 5f45
001d090 5355 5245 455f 4556 544e 4d5f 5841 5f20
001d0a0 4353 545f 4152 4543 555f 4553 5f52 5645
001d0b0 4e45 5f54 414d 0058 7566 646e 6d61 6e65
001d0c0 6174 736c 765f 0032 5a5f 4b4e 7453 7636
001d0d0 6365 6f74 4972 5363 4961 4563 3445 6973
001d0e0 657a 7645 5f00 4e5a 7453 5f37 635f 7878
001d0f0 3131 3231 6162 6973 5f63 7473 6972 676e
001d100 6349 7453 3131 6863 7261 745f 6172 7469
001d110 4973 4563 6153 6349 4545 7234 6e65 4564
001d120 0076 5f5f 524e 705f 6572 6461 3276 3320
001d130 3732 5300 5359 615f 7366 735f 7379 6163
001d140 6c6c 5f20 4e5f 5f52 6661 5f73 7973 6373
001d150 6c61 006c 475f 494c 4342 5858 505f 4341
001d160 414b 4547 425f 4755 4552 4f50 5452 2220
001d170 0022 514d 505f 4952 5f4f 414d 2058 3233
001d180 3637 0038 435f 5f53 4f50 4953 5f58 3756
001d190 575f 4449 4854 525f 5345 5254 4349 4554
001d1a0 5f44 4e45 5356 5f20 5343 565f 5f37 4957
001d1b0 5444 5f48 4552 5453 4952 5443 4445 455f
001d1c0 564e 0053 4c5f 5346 3436 4c5f 5241 4547
001d1d0 4946 454c 3120 5f00 555f 4553 445f 4e59
001d1e0 4d41 4349 535f 4154 4b43 535f 5a49 0045
001d1f0 5953 5f53 6567 7074 6972 726f 7469 2079
001d200 5f5f 524e 675f 7465 7270 6f69 6972 7974
001d210 5f00 555f 4e49 3354 5f32 414d 5f58 205f
001d220 7830 6666 6666 6666 6666 0055 4c43 4e4f
001d230 5f45 4e55 5254 4341 4445 3020 3078 3830
001d240 3030 3030 0030 475f 494c 4342 5858 565f
001d250 5245 4f42 4553 3120 5f00 494c 554e 5f58
001d260 4c43 534f 5f45 4152 474e 5f45 2048 5f00
001d270 4353 325f 465f 524f 5f54 5552 204e 535f
001d280 5f43 5f32 4f46 5452 525f 4e55 5f00 575f
001d290 4e49 5f54 494d 5f4e 205f 5530 5f00 5343
001d2a0 505f 534f 5849 565f 5f36 4c49 3350 5f32
001d2b0 464f 3346 5f32 444c 4c46 4741 2053 435f
001d2c0 5f53 4f50 4953 5f58 3656 495f 504c 3233
001d2d0 4f5f 4646 3233 4c5f 4644 414c 5347 5f00
001d2e0 4e5a 534b 3774 5f5f 7863 3178 3131 6232
001d2f0 7361 6369 735f 7274 6e69 4967 5363 3174
001d300 6331 6168 5f72 7274 6961 7374 6349 5345
001d310 4961 4563 3845 616d 5f78 6973 657a 7645
001d320 5300 5359 705f 656b 5f79 7266 6565 5f20
001d330 4e5f 5f52 6b70 7965 665f 6572 0065 5f5f
001d340 6f74 7361 6963 2869 2963 2820 6328 2029
001d350 2026 7830 6637 0029 535f 5f43 4950 5f49
001d360 4f53 4b43 5445 5f20 4353 505f 4949 535f
001d370 434f 454b 0054 535f 5359 535f 4e49 4c47
001d380 5f45 4854 4552 4441 4445 485f 0020 505f
001d390 5f43 4552 5f43 4658 5245 415f 494c 4e47
001d3a0 5f20 4350 525f 4345 585f 4546 5f52 4c41
001d3b0 4749 004e 5f5f 7063 5f70 7473 7461 6369
001d3c0 615f 7373 7265 2074 3032 3431 3131 004c
001d3d0 5f5f 656e 6465 4e5f 4c55 004c 5f5f 7063
001d3e0 5f70 6874 6572 6461 6173 6566 735f 6174
001d3f0 6974 5f63 6e69 7469 3220 3030 3038 4c36
001d400 5f00 485f 5641 5f45 5053 4345 4c55 5441
001d410 4f49 5f4e 4153 4546 565f 4c41 4555 3120
001d420 5f00 4c47 4249 5843 5f58 4148 4556 4c5f
001d430 4249 4e49 4c54 485f 3120 5f00 4c47 4249
001d440 5843 5f58 5843 5f58 4f43 464e 4749 485f
001d450 3120 5f00 4c47 4249 5843 5f58 5355 5f45
001d460 3943 2039 0031 5f5f 6e69 5f74 656c 7361
001d470 3874 745f 4100 4f54 494d 5f43 4843 5241
001d480 3233 545f 4c5f 434f 5f4b 5246 4545 5f20
001d490 475f 4343 415f 4f54 494d 5f43 4843 5241
001d4a0 3233 545f 4c5f 434f 5f4b 5246 4545 5f00
001d4b0 5f4d 6c61 6f6c 6163 6574 5f00 675f 6874
001d4c0 7772 285f 616e 656d 2029 616e 656d 6900
001d4d0 746e 705f 635f 5f73 7270 6365 6465 7365
001d4e0 5f00 665f 6673 6c69 6e63 5f74 5f74 6564
001d4f0 6966 656e 2064 5f00 5342 5f44 4357 4148
001d500 5f52 5f54 5f00 535f 4454 5f43 4f48 5453
001d510 4445 5f5f 3120 4500 4f48 5453 4f44 4e57
001d520 3120 3231 4c00 585f 4e54 2044 4553 4b45
001d530 455f 444e 5f00 4c47 4249 5843 5f58 4148
001d540 4556 4c5f 4e49 5855 525f 4e41 4f44 5f4d
001d550 2048 0031 4e49 5f54 454c 5341 3154 5f36
001d560 494d 204e 2d28 3233 3637 2d37 2931 5300
001d570 5359 6b5f 6d63 2070 5f5f 524e 6b5f 6d63
001d580 0070 5a5f 4b4e 7453 5f37 635f 7878 3131
001d590 3231 6162 6973 5f63 7473 6972 676e 6349
001d5a0 7453 3131 6863 7261 745f 6172 7469 4973
001d5b0 4563 6153 6349 4545 7869 6d45 5f00 465f
001d5c0 544c 3233 4d5f 5841 5f5f 3320 342e 3230
001d5d0 3238 3433 3636 3833 3235 3838 3935 3138
001d5e0 3731 3430 3831 3433 3438 3135 3936 3532
001d5f0 2b65 3833 3346 0032 535f 735f 6e69 6c67
001d600 0065 5f5f 5453 4344 495f 4345 365f 3530
001d610 3935 425f 5046 5f5f 3220 3130 3034 4c34
001d620 5f00 4353 4c5f 5645 4c45 5f34 4143 4843
001d630 5f45 4953 455a 5f20 4353 4c5f 5645 4c45
001d640 5f34 4143 4843 5f45 4953 455a 5f00 4e5f
001d650 5f52 7472 735f 6769 7571 7565 6965 666e
001d660 206f 3231 0039 505f 534f 5849 545f 5248
001d670 4145 5f44 4854 4552 4441 5f53 414d 2058
001d680 3436 5f00 475f 494c 4342 5f5f 3220 4300
001d690 4f4c 454e 505f 5241 4e45 5f54 4553 5454
001d6a0 4449 3020 3078 3130 3030 3030 0030 4d5f
001d6b0 695f 736e 7265 5f74 7672 6c61 5f00 535f
001d6c0 495f 5653 5854 3020 3031 3030 5f00 555f
001d6d0 4553 495f 4f53 3143 0031 5f5f 4f4e 495f
001d6e0 4c4e 4e49 5f45 205f 0031 494c 494d 414e
001d6f0 5f4c 494c 5f42 4954 454d 495f 434e 554c
001d700 4544 505f 4255 494c 5f43 4954 454d 445f
001d710 5441 5f45 5048 5f50 0020 5953 5f53 6c63
001d720 636f 5f6b 6567 7274 7365 5f20 4e5f 5f52
001d730 6c63 636f 5f6b 6567 7274 7365 5f00 6e5f
001d740 726f 616d 5f6c 7469 7265 7461 726f 733c
001d750 6474 3a3a 5f5f 7863 3178 3a31 623a 7361
001d760 6369 735f 7274 6e69 3c67 6863 7261 202c
001d770 7473 3a64 633a 6168 5f72 7274 6961 7374
001d780 633c 6168 3e72 202c 7473 3a64 613a 6c6c
001d790 636f 7461 726f 633c 6168 3e72 3e20 2c2a
001d7a0 7320 6474 3a3a 6576 7463 726f 733c 6474
001d7b0 3a3a 5f5f 7863 3178 3a31 623a 7361 6369
001d7c0 735f 7274 6e69 3c67 6863 7261 202c 7473
001d7d0 3a64 633a 6168 5f72 7274 6961 7374 633c
001d7e0 6168 3e72 202c 7473 3a64 613a 6c6c 636f
001d7f0 7461 726f 633c 6168 3e72 3e20 202c 7473
001d800 3a64 613a 6c6c 636f 7461 726f 733c 6474
001d810 3a3a 5f5f 7863 3178 3a31 623a 7361 6369
001d820 735f 7274 6e69 3c67 6863 7261 202c 7473
001d830 3a64 633a 6168 5f72 7274 6961 7374 633c
001d840 6168 3e72 202c 7473 3a64 613a 6c6c 636f
001d850 7461 726f 633c 6168 3e72 3e20 3e20 3e20
001d860 3e20 5f00 4e5a 534b 3174 6237 7361 6369
001d870 735f 7274 6e69 5f67 6976 7765 6349 7453
001d880 3131 6863 7261 745f 6172 7469 4973 4563
001d890 3145 6632 6e69 5f64 616c 7473 6f5f 4566
001d8a0 6d63 5f00 555f 4e49 5054 5254 545f 5059
001d8b0 5f45 205f 6f6c 676e 7520 736e 6769 656e
001d8c0 2064 6e69 0074 4445 5551 544f 3120 3232
001d8d0 5f00 4c47 4249 5843 5f58 4f48 5453 4445
001d8e0 3120 5f00 4e5a 534b 3174 6237 7361 6369
001d8f0 735f 7274 6e69 5f67 6976 7765 6349 7453
001d900 3131 6863 7261 745f 6172 7469 4973 4563
001d910 3445 6164 6174 7645 5f00 675f 696c 6362
001d920 7878 635f 6e6f 7473 7865 7270 615f 7373
001d930 7265 2874 6f63 646e 2029 6669 2820 5f5f
001d940 7562 6c69 6974 5f6e 7369 635f 6e6f 7473
001d950 6e61 5f74 7665 6c61 6175 6574 2864 2029
001d960 2626 2120 6f62 6c6f 6328 6e6f 2964 2029
001d970 5f5f 7562 6c69 6974 5f6e 6e75 6572 6361
001d980 6168 6c62 2865 0029 5f5f 4955 544e 4c5f
001d990 4145 5453 3233 4d5f 5841 5f5f 3020 6678
001d9a0 6666 6666 6666 5566 5f00 4e5a 7453 5f37
001d9b0 635f 7878 3131 3231 6162 6973 5f63 7473
001d9c0 6972 676e 6349 7453 3131 6863 7261 745f
001d9d0 6172 7469 4973 4563 6153 6349 4545 7237
001d9e0 7065 616c 6563 4e45 5f39 675f 756e 635f
001d9f0 7878 3731 5f5f 6f6e 6d72 6c61 695f 6574
001da00 6172 6f74 4972 4b50 5363 5f34 4545 3953
001da10 535f 5f38 5f00 635f 7070 6c5f 6269 695f
001da20 5f73 6f63 736e 6174 746e 655f 6176 756c
001da30 7461 6465 3220 3130 3138 4c31 6900 7773
001da40 7267 7061 0068 475f 494c 4342 5858 555f
001da50 4553 435f 4f4c 4b43 525f 4145 544c 4d49
001da60 2045 0031 485f 5341 5448 4241 454c 505f
001da70 4c4f 4349 5f59 2048 0031 5a5f 534e 3674
001da80 6576 7463 726f 4e49 7453 5f37 635f 7878
001da90 3131 3231 6162 6973 5f63 7473 6972 676e
001daa0 6349 7453 3131 6863 7261 745f 6172 7469
001dab0 4973 4563 6153 6349 4545 5345 4961 3553
001dac0 455f 3645 6e69 6573 7472 4e45 5f39 675f
001dad0 756e 635f 7878 3731 5f5f 6f6e 6d72 6c61
001dae0 695f 6574 6172 6f74 4972 4b50 3553 535f
001daf0 5f37 4545 5352 5f41 5f00 5f53 6f6e 6874
001db00 6f72 5f77 6572 6f6c 6163 6574 5f00 535f
001db10 495f 4c46 4b4e 3020 3231 3030 3030 5f00
001db20 5453 5f4c 4f43 534e 5254 4355 5f54 2048
001db30 0031 5f5f 4c55 4e4f 5747 524f 5f44 5954
001db40 4550 7520 736e 6769 656e 2064 6f6c 676e
001db50 6920 746e 4500 4142 4544 3520 0032 5441
001db60 4d4f 4349 495f 544e 4c5f 434f 5f4b 5246
001db70 4545 5f20 475f 4343 415f 4f54 494d 5f43
001db80 4e49 5f54 4f4c 4b43 465f 4552 0045 5953
001db90 5f53 6573 646e 736d 2067 5f5f 524e 735f
001dba0 6e65 6d64 6773 5f00 4c47 4249 5843 5f58
001dbb0 4148 4556 545f 4e41 204c 0031 5745 554f
001dbc0 444c 4c42 434f 204b 4145 4147 4e49 5f00
001dbd0 4e5a 7453 7636 6365 6f74 4972 5363 4961
001dbe0 4563 3545 6562 6967 456e 0076 5453 5f41
001dbf0 4c50 204c 7830 3030 3130 5f00 445f 4345
001dc00 3233 4d5f 5841 5f5f 3920 392e 3939 3939
001dc10 4539 3639 4644 5f00 4c47 4249 5843 5f58
001dc20 5341 4e41 415f 4e4e 544f 5441 5f45 4542
001dc30 4f46 4552 445f 4145 4c4c 434f 0020 5a5f
001dc40 4b4e 7453 7636 6365 6f74 4972 534e 3774
001dc50 5f5f 7863 3178 3131 6232 7361 6369 735f
001dc60 7274 6e69 4967 5363 3174 6331 6168 5f72
001dc70 7274 6961 7374 6349 5345 4961 4563 4545
001dc80 6153 5349 5f35 4545 6334 6e65 4564 0076
001dc90 5f5f 524e 665f 6f73 6570 206e 3334 0030
001dca0 475f 494c 4342 5858 535f 5254 4e49 2047
001dcb0 0031 656e 6167 6974 6576 735f 6769 006e
001dcc0 5953 5f53 656b 6578 5f63 6966 656c 6c5f
001dcd0 616f 2064 5f5f 524e 6b5f 7865 6365 665f
001dce0 6c69 5f65 6f6c 6461 5f00 4e5f 5f52 6373
001dcf0 6568 5f64 6567 6174 7474 2072 3133 0035
001dd00 5f5f 7063 5f70 6564 656c 6167 6974 676e
001dd10 635f 6e6f 7473 7572 7463 726f 2073 3032
001dd20 3630 3430 004c 4c5f 5346 3436 535f 4454
001dd30 4f49 3120 5f00 785f 3638 365f 5f34 205f
001dd40 0031 475f 494c 4342 5858 4d5f 4d45 465f
001dd50 5f4e 5254 4941 5354 2832 435f 2c56 525f
001dd60 4645 5f2c 564c 4c41 5f2c 5652 4c41 2029
001dd70 6574 706d 616c 6574 743c 7079 6e65 6d61
001dd80 2065 525f 7365 202c 7974 6570 616e 656d
001dd90 5f20 6c43 7361 2c73 7420 7079 6e65 6d61
001dda0 2e65 2e2e 5f20 7241 5467 7079 7365 203e
001ddb0 7473 7572 7463 5f20 654d 5f6d 6e66 745f
001ddc0 6172 7469 3c73 525f 7365 2820 435f 616c
001ddd0 7373 3a3a 292a 5f28 7241 5467 7079 7365
001dde0 2e2e 292e 5f20 5643 5f20 4552 3e46 3a20
001ddf0 5f20 654d 5f6d 6e66 745f 6172 7469 5f73
001de00 6162 6573 5f3c 6552 2c73 5f20 5643 5f20
001de10 6c43 7361 2c73 5f20 7241 5467 7079 7365
001de20 2e2e 3e2e 7b20 7520 6973 676e 5f20 765f
001de30 7261 7261 2067 203d 6166 736c 5f65 7974
001de40 6570 203b 3b7d 7420 6d65 6c70 7461 3c65
001de50 7974 6570 616e 656d 5f20 6552 2c73 7420
001de60 7079 6e65 6d61 2065 435f 616c 7373 202c
001de70 7974 6570 616e 656d 2e2e 202e 415f 6772
001de80 7954 6570 3e73 7320 7274 6375 2074 4d5f
001de90 6d65 665f 5f6e 7274 6961 7374 5f3c 6552
001dea0 2073 5f28 6c43 7361 3a73 2a3a 2829 415f
001deb0 6772 7954 6570 2e73 2e2e 2e20 2e2e 2029
001dec0 435f 2056 525f 4645 203e 203a 4d5f 6d65
001ded0 665f 5f6e 7274 6961 7374 625f 7361 3c65
001dee0 525f 7365 202c 435f 2056 435f 616c 7373
001def0 202c 415f 6772 7954 6570 2e73 2e2e 203e
001df00 207b 7375 6e69 2067 5f5f 6176 6172 6772
001df10 3d20 7420 7572 5f65 7974 6570 203b 3b7d
001df20 5f00 6556 7463 726f 695f 706d 5f6c 6164
001df30 6174 5300 4154 4e5f 4e41 204f 7830 3032
001df40 3030 5f00 475f 494c 4342 555f 4553 495f
001df50 4345 365f 3530 3935 455f 5458 3120 5f00
001df60 435f 5550 455f 5551 4c41 535f 7328 7465
001df70 6973 657a 632c 7570 6573 7074 2c31 7063
001df80 7375 7465 3270 2029 5f28 625f 6975 746c
001df90 6e69 6d5f 6d65 6d63 2070 6328 7570 6573
001dfa0 7074 2c31 6320 7570 6573 7074 2c32 7320
001dfb0 7465 6973 657a 2029 3d3d 3020 0029 5f5f
001dfc0 524e 755f 616e 656d 3620 0033 535f 5f43
001dfd0 5f32 5055 2045 535f 5f43 5f32 5055 0045
001dfe0 617e 6c6c 636f 7461 726f 5f00 4e5f 5f52
001dff0 6e69 746f 6669 5f79 6d72 775f 7461 6863
001e000 3220 3535 5f00 635f 7070 6c5f 6269 615f
001e010 7070 796c 3220 3130 3036 0033 5f5f 5355
001e020 5f45 4f58 4550 324e 584b 4953 5f00 495f
001e030 544e 465f 5341 3854 4d5f 5841 5f5f 3020
001e040 3778 0066 505f 5453 5f4c 4455 5f52 5250
001e050 5345 4e45 2054 0031 5f53 5249 5857 204f
001e060 5328 495f 5752 4758 3e20 203e 2933 5f00
001e070 4e5a 7453 5f37 635f 7878 3131 3231 6162
001e080 6973 5f63 7473 6972 676e 6349 7453 3131
001e090 6863 7261 745f 6172 7469 4973 4563 6153
001e0a0 6349 4545 7237 7065 616c 6563 6d45 6d6d
001e0b0 0063 5f5f 7461 7274 6269 7475 5f65 6f66
001e0c0 6d72 7461 615f 6772 5f5f 7828 2029 5f5f
001e0d0 7461 7274 6269 7475 5f65 205f 2828 5f5f
001e0e0 6f66 6d72 7461 615f 6772 5f5f 2820 2978
001e0f0 2929 6600 6c61 6573 745f 7079 0065 5953
001e100 5f53 6567 5f74 656d 706d 6c6f 6369 2079
001e110 5f5f 524e 675f 7465 6d5f 6d65 6f70 696c
001e120 7963 5500 4e49 5f54 454c 5341 3854 575f
001e130 4449 4854 3820 5f00 615f 646d 3436 3120
001e140 7300 7465 6276 6675 4600 5f44 5349 4553
001e150 2854 6466 662c 7364 7465 2970 5f20 465f
001e160 5f44 5349 4553 2054 6628 2c64 6620 7364
001e170 7465 2970 5f00 4e5a 7453 5f37 635f 7878
001e180 3131 3231 6162 6973 5f63 7473 6972 676e
001e190 6349 7453 3131 6863 7261 745f 6172 7469
001e1a0 4973 4563 6153 6349 4545 3443 5245 534b
001e1b0 5f33 5f00 675f 696c 6362 635f 3939 665f
001e1c0 656c 6178 7272 615f 6176 6c69 6261 656c
001e1d0 3120 5f00 4e5f 5f52 6567 6774 6469 3120
001e1e0 3430 5300 5359 665f 6361 6563 7373 7461
001e1f0 5f20 4e5f 5f52 6166 6363 7365 6173 0074
001e200 535f 5f43 454c 4556 324c 435f 4341 4548
001e210 535f 5a49 2045 535f 5f43 454c 4556 324c
001e220 435f 4341 4548 535f 5a49 0045 435f 4e4f
001e230 4543 5450 435f 4548 4b43 485f 3120 5f00
001e240 495f 504c 3233 4f5f 4646 4942 5f47 444c
001e250 4c46 4741 2053 2d22 336d 2232 5f00 425f
001e260 4749 4547 5453 415f 494c 4e47 454d 544e
001e270 5f5f 3120 0036 6e69 5f74 5f6e 6973 6e67
001e280 705f 736f 006e 7674 6e5f 6573 0063 5a5f
001e290 4b4e 7453 5f37 635f 7878 3131 3231 6162
001e2a0 6973 5f63 7473 6972 676e 6349 7453 3131
001e2b0 6863 7261 745f 6172 7469 4973 4563 6153
001e2c0 6349 4545 7334 7a69 4565 0076 5f5f 524e
001e2d0 655f 6578 7663 2065 3935 5f00 4e5a 7453
001e2e0 3731 6162 6973 5f63 7473 6972 676e 765f
001e2f0 6569 4977 5363 3174 6331 6168 5f72 7274
001e300 6961 7374 6349 4545 3443 5045 634b 5f00
001e310 4e5a 7453 5f37 635f 7878 3131 3231 6162
001e320 6973 5f63 7473 6972 676e 6349 7453 3131
001e330 6863 7261 745f 6172 7469 4973 4563 6153
001e340 6349 4545 3443 5245 534b 5f34 5f00 675f
001e350 696c 6362 7878 665f 6f6c 7461 745f 6e69
001e360 6e79 7365 5f73 6562 6f66 6572 5f00 5350
001e370 4c54 505f 4152 4d47 5f41 4953 444d 4f5f
001e380 4452 5245 4445 4d5f 4e4f 544f 4e4f 4349
001e390 5028 4d52 2029 5f00 4e5a 7453 7636 6365
001e3a0 6f74 4972 534e 3774 5f5f 7863 3178 3131
001e3b0 6232 7361 6369 735f 7274 6e69 4967 5363
001e3c0 3174 6331 6168 5f72 7274 6961 7374 6349
001e3d0 5345 4961 4563 4545 6153 5349 5f35 4545
001e3e0 7869 6d45 5f00 4c5f 4244 5f4c 4544 4943
001e3f0 414d 5f4c 4944 5f47 205f 3132 5f00 635f
001e400 7070 615f 696c 6e67 6465 6e5f 7765 3220
001e410 3130 3036 4c36 5f00 555f 4553 495f 4f53
001e420 3943 0035 5f5f 5355 5f45 5349 434f 3939
001e430 7300 7465 6f6c 6163 656c 5f00 635f 7070
001e440 6c5f 6269 755f 636e 7561 6867 5f74 7865
001e450 6563 7470 6f69 736e 3220 3130 3134 4c31
001e460 5300 4154 5854 415f 5454 5f52 4f43 504d
001e470 4552 5353 4445 3020 3078 3030 3030 3030
001e480 0034 505f 5f43 494c 4b4e 4d5f 5841 5f20
001e490 4350 4c5f 4e49 5f4b 414d 0058 5f5f 6c61
001e4a0 6f6c 5f63 7274 6961 7374 733c 6474 3a3a
001e4b0 6c61 6f6c 6163 6f74 3c72 6863 7261 2c3e
001e4c0 6320 6168 3e72 6600 6574 6c6c 4500 4f53
001e4d0 4b43 4e54 534f 5055 4f50 5452 3920 0034
001e4e0 5f5f 7865 7463 7079 2865 616e 656d 2029
001e4f0 7865 6574 6e72 6920 746e 6e20 6d61 2065
001e500 6928 746e 2029 5f5f 4854 4f52 0057 5043
001e510 5f55 4553 5354 5a49 2045 5f5f 5043 5f55
001e520 4553 5354 5a49 0045 6863 6f72 6f6e 6c5f
001e530 7469 7265 6c61 0073 475f 494c 4342 5858
001e540 485f 5641 5f45 5455 4d49 5f45 2048 0031
001e550 5f5f 5441 4d4f 4349 525f 4c45 5841 4445
001e560 3020 5f00 4142 4953 5f43 5453 4952 474e
001e570 545f 4343 3120 7400 5f6d 7369 7364 0074
001e580 5953 5f53 7062 2066 5f5f 524e 625f 6670
001e590 4c00 4e49 5f45 414d 2058 505f 534f 5849
001e5a0 5f32 494c 454e 4d5f 5841 5f00 615f 7474
001e5b0 6972 7562 6574 705f 7275 5f65 205f 5f5f
001e5c0 7461 7274 6269 7475 5f65 205f 2828 5f5f
001e5d0 7570 6572 5f5f 2929 5f00 4c47 4249 5858
001e5e0 535f 5254 4145 424d 4655 3120 5f00 4e5a
001e5f0 5f39 675f 756e 635f 7878 3731 5f5f 6f6e
001e600 6d72 6c61 695f 6574 6172 6f74 4972 6350
001e610 534e 3774 5f5f 7863 3178 3131 6232 7361
001e620 6369 735f 7274 6e69 4967 5363 3174 6331
001e630 6168 5f72 7274 6961 7374 6349 5345 4961
001e640 4563 4545 6d45 456d 0069 5a5f 394e 5f5f
001e650 6e67 5f75 7863 3178 5f37 6e5f 726f 616d
001e660 5f6c 7469 7265 7461 726f 5049 4e63 7453
001e670 5f37 635f 7878 3131 3231 6162 6973 5f63
001e680 7473 6972 676e 6349 7453 3131 6863 7261
001e690 745f 6172 7469 4973 4563 6153 6349 4545
001e6a0 4545 6d6d 7645 5300 5359 635f 6f6c 656e
001e6b0 5f20 4e5f 5f52 6c63 6e6f 0065 5f5f 524f
001e6c0 4544 5f52 494c 5454 454c 455f 444e 4149
001e6d0 5f4e 205f 3231 3433 5f00 475f 494c 4342
001e6e0 555f 4553 495f 4345 365f 3530 3935 465f
001e6f0 4e55 5343 455f 5458 5f00 4e5a 7453 7636
001e700 6365 6f74 4972 534e 3774 5f5f 7863 3178
001e710 3131 6232 7361 6369 735f 7274 6e69 4967
001e720 5363 3174 6331 6168 5f72 7274 6961 7374
001e730 6349 5345 4961 4563 4545 6153 5349 5f35
001e740 4545 7038 706f 625f 6361 456b 0076 5a5f
001e750 534e 3674 6576 7463 726f 6349 6153 6349
001e760 4545 6936 736e 7265 4574 394e 5f5f 6e67
001e770 5f75 7863 3178 5f37 6e5f 726f 616d 5f6c
001e780 7469 7265 7461 726f 5049 634b 3153 455f
001e790 5345 3174 6936 696e 6974 6c61 7a69 7265
001e7a0 6c5f 7369 4974 4563 5f00 4e5a 534b 3174
001e7b0 6237 7361 6369 735f 7274 6e69 5f67 6976
001e7c0 7765 6349 7453 3131 6863 7261 745f 6172
001e7d0 7469 4973 4563 3145 7331 6174 7472 5f73
001e7e0 6977 6874 5045 634b 5f00 495f 4f4e 545f
001e7f0 4d5f 5441 4843 5345 495f 4f4e 3436 545f
001e800 3120 5f00 4c47 4249 5843 5f58 4543 5252
001e810 4f4e 3120 5f00 495f 544e 5450 5f52 5954
001e820 4550 5f5f 6c20 6e6f 2067 6e69 0074 5043
001e830 5f55 524f 535f 7328 7465 6973 657a 642c
001e840 7365 7374 7465 732c 6372 6573 3174 732c
001e850 6372 6573 3274 2029 5f5f 5043 5f55 504f
001e860 535f 2820 6573 7374 7a69 2c65 6420 7365
001e870 7374 7465 202c 7273 7363 7465 2c31 7320
001e880 6372 6573 3274 202c 297c 5f00 5450 5f52
001e890 5254 4941 5354 485f 3120 5f00 4e5a 7453
001e8a0 7636 6365 6f74 4972 5363 4961 4563 3845
001e8b0 4d5f 655f 6172 6573 4e45 5f39 675f 756e
001e8c0 635f 7878 3731 5f5f 6f6e 6d72 6c61 695f
001e8d0 6574 6172 6f74 4972 6350 3153 455f 0045
001e8e0 5445 4d49 4445 554f 2054 3131 0030 535f
001e8f0 5f43 5f32 5f43 4544 2056 535f 5f43 5f32
001e900 5f43 4544 0056 475f 494c 4342 5858 555f
001e910 4553 545f 4242 505f 5241 425f 4341 454b
001e920 444e 5f20 685f 7361 695f 636e 756c 6564
001e930 3c28 6274 2f62 6274 2e62 3e68 0029 5f5f
001e940 4446 435f 524c 6428 732c 2029 2828 6f76
001e950 6469 2029 5f28 465f 5344 425f 5449 2053
001e960 7328 5b29 5f5f 4446 455f 544c 6428 5d29
001e970 2620 203d 5f7e 465f 5f44 414d 4b53 6428
001e980 2929 0029 4c5f 4e49 5855 4c5f 4d49 5449
001e990 5f53 2048 5f00 755f 6e69 5f74 656c 7361
001e9a0 3874 745f 5f00 4f49 725f 6165 5f64 6162
001e9b0 6573 5300 5359 735f 6d65 6567 2074 5f5f
001e9c0 524e 735f 6d65 6567 0074 535f 5453 4552
001e9d0 4d41 545f 4343 3120 5f00 675f 696c 6362
001e9e0 685f 7361 615f 7474 6972 7562 6574 6128
001e9f0 7474 2972 5f20 685f 7361 615f 7474 6972
001ea00 7562 6574 2820 7461 7274 0029 5f5f 7473
001ea10 6275 675f 7474 2079 5f00 495f 544e 4e5f
001ea20 325f 3130 3031 0033 5f5f 524e 715f 6f75
001ea30 6174 7463 5f6c 6466 3420 3334 5f00 465f
001ea40 544c 3436 5f58 494d 5f4e 205f 2e33 3633
001ea50 3132 3330 3431 3133 3231 3930 3533 3630
001ea60 3632 3632 3737 3138 3337 3132 3537 3632
001ea70 6530 342d 3339 4632 3436 0078 5453 5441
001ea80 5f58 525f 5345 5245 4556 2044 7830 3038
001ea90 3030 3030 3030 0055 5953 5f53 7865 7469
001eaa0 5f20 4e5f 5f52 7865 7469 5f00 775f 6961
001eab0 5f74 6962 7374 7465 6600 6f72 746e 4c00
001eac0 5f43 4150 4550 5f52 414d 4b53 2820 2031
001ead0 3c3c 5f20 4c5f 5f43 4150 4550 2952 6300
001eae0 6168 3872 745f 7700 656d 736d 7465 5f00
001eaf0 4e5a 7453 7636 6365 6f74 4972 5363 4961
001eb00 4563 3645 6272 6765 6e69 7645 5f00 445f
001eb10 4c42 445f 4e45 524f 5f4d 494d 5f4e 205f
001eb20 6f64 6275 656c 3428 392e 3034 3536 3436
001eb30 3835 3134 3432 3536 3434 3731 3536 3836
001eb40 3937 3832 3836 3232 3331 3237 2d65 3233
001eb50 4c34 0029 475f 494c 4342 5858 555f 4553
001eb60 555f 4954 454d 3120 5f00 4e5a 394b 5f5f
001eb70 6e67 5f75 7863 3178 5f37 6e5f 726f 616d
001eb80 5f6c 7469 7265 7461 726f 5049 4e63 7453
001eb90 5f37 635f 7878 3131 3231 6162 6973 5f63
001eba0 7473 6972 676e 6349 7453 3131 6863 7261
001ebb0 745f 6172 7469 4973 4563 6153 6349 4545
001ebc0 4545 6234 7361 4565 0076 5f5f 524e 695f
001ebd0 696e 5f74 6f6d 7564 656c 3120 3537 7300
001ebe0 5f74 7463 6d69 2065 7473 635f 6974 2e6d
001ebf0 7674 735f 6365 5300 5359 735f 6e79 5f63
001ec00 6966 656c 725f 6e61 6567 5f20 4e5f 5f52
001ec10 7973 636e 665f 6c69 5f65 6172 676e 0065
001ec20 6170 6172 6c6c 6c65 705f 6c6f 6369 0079
001ec30 5f5f 7063 5f70 696c 5f62 6173 706d 656c
001ec40 3220 3130 3036 0033 5f5f 6176 615f 6772
001ec50 705f 6361 286b 2029 5f5f 7562 6c69 6974
001ec60 5f6e 6176 615f 6772 705f 6361 206b 2928
001ec70 5300 5359 735f 6e65 7464 206f 5f5f 524e
001ec80 735f 6e65 7464 006f 6572 6c61 6f6c 0063
001ec90 535f 5f43 4150 4547 535f 5a49 2045 535f
001eca0 5f43 4150 4547 4953 455a 5f00 6c5f 646c
001ecb0 7669 745f 645f 6665 6e69 6465 3120 5f00
001ecc0 4e5f 5f52 7473 7461 7366 3120 3733 5f00
001ecd0 4e5a 7453 3231 565f 6365 6f74 5f72 6162
001ece0 6573 6349 6153 6349 4545 3731 4d5f 635f
001ecf0 6572 7461 5f65 7473 726f 6761 4565 006d
001ed00 475f 494c 4342 5858 485f 5641 5f45 5953
001ed10 5f53 4150 4152 5f4d 2048 0031 5953 5f53
001ed20 6373 6568 5f64 6573 6174 6666 6e69 7469
001ed30 2079 5f5f 524e 735f 6863 6465 735f 7465
001ed40 6661 6966 696e 7974 5f00 475f 4343 415f
001ed50 4f54 494d 5f43 4853 524f 5f54 4f4c 4b43
001ed60 465f 4552 2045 0032 535f 5f43 5f32 4250
001ed70 5f53 4843 4345 504b 494f 544e 5f20 4353
001ed80 325f 505f 5342 435f 4548 4b43 4f50 4e49
001ed90 0054 5f5f 5355 5f45 4f58 4550 5f4e 5845
001eda0 4554 444e 4445 5f00 645f 7665 745f 645f
001edb0 6665 6e69 6465 0020 6d74 795f 6164 0079
001edc0 5953 5f53 7065 6c6f 5f6c 7770 6961 3274
001edd0 5f20 4e5f 5f52 7065 6c6f 5f6c 7770 6961
001ede0 3274 5300 5359 615f 6464 6b5f 7965 5f20
001edf0 4e5f 5f52 6461 5f64 656b 0079 505f 534f
001ee00 5849 545f 5248 4145 5f44 4f52 5542 5453
001ee10 505f 4952 5f4f 5250 544f 4345 2054 312d
001ee20 5f00 4e5a 7453 5f37 635f 7878 3131 3231
001ee30 6162 6973 5f63 7473 6972 676e 6349 7453
001ee40 3131 6863 7261 745f 6172 7469 4973 4563
001ee50 6153 6349 4545 3231 415f 6c6c 636f 685f
001ee60 6469 7265 3443 5045 5263 534b 5f33 5f00
001ee70 4c47 4249 5843 5f58 5355 5f45 4e49 3154
001ee80 3832 3120 5f00 4e5f 5f52 6573 6874 736f
001ee90 6e74 6d61 2065 3731 0030 505f 534f 5849
001eea0 435f 535f 554f 4352 2045 3032 3830 3930
001eeb0 004c 475f 494c 4342 5858 4d5f 4b41 5f45
001eec0 4f4d 4556 495f 4554 4152 4f54 2852 495f
001eed0 6574 2972 7320 6474 3a3a 616d 656b 6d5f
001eee0 766f 5f65 7469 7265 7461 726f 5f28 7449
001eef0 7265 0029 5a5f 4b4e 7453 3731 6162 6973
001ef00 5f63 7473 6972 676e 765f 6569 4977 5363
001ef10 3174 6331 6168 5f72 7274 6961 7374 6349
001ef20 4545 7236 6562 6967 456e 0076 5f5f 524e
001ef30 6d5f 6572 616d 2070 3532 6100 6c6c 636f
001ef40 2861 6973 657a 2029 5f5f 7562 6c69 6974
001ef50 5f6e 6c61 6f6c 6163 2820 6973 657a 0029
001ef60 535f 4c54 425f 4556 5443 524f 485f 3120
001ef70 5000 4854 4552 4441 455f 5252 524f 4843
001ef80 4345 5f4b 554d 4554 5f58 4e49 5449 4149
001ef90 494c 455a 5f52 504e 7b20 7b20 5f20 505f
001efa0 4854 4552 4441 4d5f 5455 5845 495f 494e
001efb0 4954 4c41 5a49 5245 2820 5450 5248 4145
001efc0 5f44 554d 4554 5f58 5245 4f52 4352 4548
001efd0 4b43 4e5f 2950 7d20 7d20 5f00 445f 4c42
001efe0 4d5f 5841 5f5f 6420 756f 6c62 2865 2e31
001eff0 3937 3637 3339 3331 3834 3236 3133 3735
001f000 3830 3431 3235 3437 3332 3337 3731 3430
001f010 3533 6537 332b 3830 294c 5f00 4e5a 5f36
001f020 705f 7473 396c 7865 6365 7475 6f69 326e
001f030 3176 3732 6170 6172 6c6c 6c65 755f 736e
001f040 7165 6575 636e 6465 705f 6c6f 6369 3179
001f050 5f39 615f 6c6c 776f 755f 736e 7165 6575
001f060 636e 6465 7645 5f00 4c47 4249 5843 5f58
001f070 4f43 534e 4554 5058 2052 6f63 736e 6574
001f080 7078 0072 475f 494c 4342 5858 445f 554f
001f090 4c42 5f45 5349 495f 4545 5f45 4942 414e
001f0a0 5952 3436 3120 5f00 5f4d 7473 7261 0074
001f0b0 5f5f 7063 5f70 6761 7267 6765 7461 5f65
001f0c0 736e 6d64 2069 3032 3331 3430 004c 5a5f
001f0d0 364e 5f5f 7370 6c74 6539 6578 7563 6974
001f0e0 6e6f 7632 3231 7037 7261 6c61 656c 5f6c
001f0f0 6e75 6573 7571 6e65 6563 5f64 6f70 696c
001f100 7963 3431 5f5f 6c61 6f6c 5f77 6576 7463
001f110 726f 7645 5f00 5350 4c54 475f 554c 5f45
001f120 4c41 4f47 4952 4854 5f4d 4544 5346 485f
001f130 0020 5f5f 5346 4c42 434b 544e 3436 545f
001f140 545f 5059 2045 5f5f 5155 4155 5f44 5954
001f150 4550 7200 7665 7265 6573 695f 6574 6172
001f160 6f74 3c72 5f5f 6e67 5f75 7863 3a78 5f3a
001f170 6e5f 726f 616d 5f6c 7469 7265 7461 726f
001f180 633c 6168 2072 6f63 736e 2a74 202c 7473
001f190 3a64 5f3a 635f 7878 3131 3a3a 6162 6973
001f1a0 5f63 7473 6972 676e 633c 6168 2c72 7320
001f1b0 6474 3a3a 6863 7261 745f 6172 7469 3c73
001f1c0 6863 7261 2c3e 7320 6474 3a3a 6c61 6f6c
001f1d0 6163 6f74 3c72 6863 7261 203e 203e 203e
001f1e0 003e 475f 494c 4342 5858 4d5f 5841 535f
001f1f0 5a49 5f45 5954 4550 485f 3120 5f00 5453
001f200 5441 5542 5f46 5453 425f 4b4c 4953 455a
001f210 0020 4c43 4e4f 5f45 4f49 3020 3878 3030
001f220 3030 3030 0030 5a5f 394e 5f5f 6e67 5f75
001f230 7863 3178 6e33 7765 615f 6c6c 636f 7461
001f240 726f 6349 3145 6430 6165 6c6c 636f 7461
001f250 4565 6350 006d 535f 5f43 5f32 5753 445f
001f260 5645 5f20 4353 325f 535f 5f57 4544 0056
001f270 435f 5f53 4258 3553 4c5f 4250 4749 4f5f
001f280 4646 4942 5f47 4643 414c 5347 5f20 5343
001f290 585f 5342 5f35 504c 4942 5f47 464f 4246
001f2a0 4749 435f 4c46 4741 0053 435f 7878 685f
001f2b0 7361 7468 6261 656c 645f 6665 6e69 5f65
001f2c0 7274 7669 6169 5f6c 6168 6873 5f28 7054
001f2d0 2029 6574 706d 616c 6574 3e3c 7320 7274
001f2e0 6375 2074 6168 6873 5f3c 7054 203e 203a
001f2f0 7570 6c62 6369 5f20 685f 7361 5f68 6162
001f300 6573 733c 7a69 5f65 2c74 5f20 7054 203e
001f310 207b 6973 657a 745f 6f20 6570 6172 6f74
001f320 2872 2829 545f 2070 5f5f 6176 296c 6320
001f330 6e6f 7473 6e20 656f 6378 7065 2074 207b
001f340 6572 7574 6e72 7320 6174 6974 5f63 6163
001f350 7473 733c 7a69 5f65 3e74 5f28 765f 6c61
001f360 3b29 7d20 7d20 003b 475f 494c 4342 5858
001f370 555f 4553 435f 3939 535f 4454 4e49 5f54
001f380 5254 2031 0031 5f5f 6c63 6165 756e 5f70
001f390 6366 5f74 7461 7274 6269 7475 2065 5f00
001f3a0 5350 4c54 505f 4152 4d47 5f41 454d 5353
001f3b0 4741 2845 2978 0020 5f5f 4957 544e 575f
001f3c0 4449 4854 5f5f 3320 0032 4c5f 4e49 5855
001f3d0 505f 534f 5849 545f 5059 5345 485f 0020
001f3e0 435f 5f53 4f50 4953 5f58 3656 4c5f 3650
001f3f0 5f34 464f 3646 5f34 4643 414c 5347 5f20
001f400 5343 505f 534f 5849 565f 5f36 504c 3436
001f410 4f5f 4646 3436 435f 4c46 4741 0053 415f
001f420 4d53 585f 3638 555f 494e 5453 5f44 2048
001f430 5f00 4347 5f43 4953 455a 545f 0020 4c43
001f440 4e4f 5f45 4953 4847 4e41 2044 7830 3030
001f450 3030 3830 3030 5f00 5f53 6e69 6176 696c
001f460 5f64 7473 7461 5f65 6469 5f00 445f 4c42
001f470 485f 5341 445f 4e45 524f 5f4d 205f 0031
001f480 5a5f 4b4e 7453 5f37 635f 7878 3131 3231
001f490 6162 6973 5f63 7473 6972 676e 6349 7453
001f4a0 3131 6863 7261 745f 6172 7469 4973 4563
001f4b0 6153 6349 4545 7336 6275 7473 4572 6d6d
001f4c0 4500 4641 4f4e 5553 5050 524f 2054 3739
001f4d0 5f00 4f49 625f 6361 756b 5f70 6162 6573
001f4e0 5f00 695f 746e 3436 745f 5300 5359 745f
001f4f0 6b67 6c69 206c 5f5f 524e 745f 6b67 6c69
001f500 006c 5043 5f55 4c41 4f4c 5f43 4953 455a
001f510 6328 756f 746e 2029 5f5f 5043 5f55 4c41
001f520 4f4c 5f43 4953 455a 2820 6f63 6e75 2974
001f530 5f00 4353 525f 5741 535f 434f 454b 5354
001f540 5f20 4353 525f 5741 535f 434f 454b 5354
001f550 5f00 4e5a 7453 7636 6365 6f74 4972 534e
001f560 3774 5f5f 7863 3178 3131 6232 7361 6369
001f570 735f 7274 6e69 4967 5363 3174 6331 6168
001f580 5f72 7274 6961 7374 6349 5345 4961 4563
001f590 4545 6153 5349 5f35 4545 6635 6f72 746e
001f5a0 7645 5f00 5350 4c54 435f 5050 3131 535f
001f5b0 4454 525f 544f 5441 5f45 5242 4b4f 4e45
001f5c0 2820 5f28 475f 494c 4342 5858 5f5f 2620
001f5d0 2026 5f5f 4c47 4249 5843 5f58 205f 203c
001f5e0 3032 3531 3730 3631 2029 7c7c 2820 4d5f
001f5f0 4353 565f 5245 2620 2026 4d5f 4353 565f
001f600 5245 3c20 3120 3038 2930 0029 535f 5f43
001f610 454c 4556 314c 495f 4143 4843 5f45 4953
001f620 455a 5f20 4353 4c5f 5645 4c45 5f31 4349
001f630 4341 4548 535f 5a49 0045 5f5f 3655 5f34
001f640 5954 4550 7520 736e 6769 656e 2064 6f6c
001f650 676e 6920 746e 5f00 6c41 6f6c 5f63 6968
001f660 6564 0072 5f5f 4c46 3354 5832 455f 5350
001f670 4c49 4e4f 5f5f 3220 322e 3032 3434 3036
001f680 3934 3532 3330 3331 3830 3830 3734 3632
001f690 3333 3633 3831 3631 3034 3236 2d65 3631
001f6a0 3346 7832 5f00 635f 7070 645f 7365 6769
001f6b0 616e 6574 5f64 6e69 7469 6169 696c 657a
001f6c0 7372 3220 3130 3037 4c37 5300 4154 4d5f
001f6d0 444f 2045 7830 3034 3030 5f00 4c47 4249
001f6e0 5843 5f58 454d 5f4d 4e46 545f 4152 5449
001f6f0 3253 5f00 4e5a 534b 3774 5f5f 7863 3178
001f700 3131 6232 7361 6369 735f 7274 6e69 4967
001f710 5363 3174 6331 6168 5f72 7274 6961 7374
001f720 6349 5345 4961 4563 3145 6632 6e69 5f64
001f730 616c 7473 6f5f 4566 4b50 6d63 4100 4f54
001f740 494d 5f43 4c46 4741 495f 494e 2054 207b
001f750 2030 007d 5f5f 524e 735f 636f 656b 2074
001f760 3134 5f00 705f 7473 006c 5f5f 524e 725f
001f770 6365 6d76 6773 3420 0037 5f5f 7063 5f70
001f780 696c 5f62 6874 6572 5f65 6177 5f79 6f63
001f790 706d 7261 7369 6e6f 3220 3130 3039 4c37
001f7a0 5f00 4353 325f 435f 565f 5245 4953 4e4f
001f7b0 5f20 4353 325f 435f 565f 5245 4953 4e4f
001f7c0 5f00 494c 4342 4c5f 4d49 5449 5f53 5f48
001f7d0 3120 5f00 4e5a 5f39 675f 756e 635f 7878
001f7e0 3331 656e 5f77 6c61 6f6c 6163 6f74 4972
001f7f0 534e 3774 5f5f 7863 3178 3131 6232 7361
001f800 6369 735f 7274 6e69 4967 5363 3174 6331
001f810 6168 5f72 7274 6961 7374 6349 5345 4961
001f820 4563 4545 4345 4534 0076 5f5f 4544 3643
001f830 5f34 5045 4953 4f4c 5f4e 205f 4531 312d
001f840 4435 0044 585f 504f 4e45 535f 554f 4352
001f850 5f45 5845 4554 444e 4445 5f00 4c47 4249
001f860 5843 5f58 4942 5354 5445 425f 5449 5f53
001f870 4550 5f52 4c55 004c 5a5f 534e 3674 6576
001f880 7463 726f 4e49 7453 5f37 635f 7878 3131
001f890 3231 6162 6973 5f63 7473 6972 676e 6349
001f8a0 7453 3131 6863 7261 745f 6172 7469 4973
001f8b0 4563 6153 6349 4545 5345 4961 3553 455f
001f8c0 3145 5f34 5f4d 6d65 6c70 6361 5f65 7561
001f8d0 4578 394e 5f5f 6e67 5f75 7863 3178 5f37
001f8e0 6e5f 726f 616d 5f6c 7469 7265 7461 726f
001f8f0 5049 534b 5f35 3753 455f 4f45 3553 005f
001f900 7369 6c77 776f 7265 7600 7077 6972 746e
001f910 0066 5f5f 7063 5f70 696c 5f62 6c61 6f6c
001f920 6163 6f74 5f72 7274 6961 7374 695f 5f73
001f930 6c61 6177 7379 655f 7571 6c61 3220 3130
001f940 3134 0031 505f 5453 5f4c 5453 4952 474e
001f950 7828 2029 505f 5453 5f4c 5453 4952 474e
001f960 415f 5855 7828 0029 5a5f 394e 5f5f 6e67
001f970 5f75 7863 3178 5f37 6e5f 726f 616d 5f6c
001f980 7469 7265 7461 726f 5049 4e63 7453 5f37
001f990 635f 7878 3131 3231 6162 6973 5f63 7473
001f9a0 6972 676e 6349 7453 3131 6863 7261 745f
001f9b0 6172 7469 4973 4563 6153 6349 4545 4545
001f9c0 4c70 6c45 5f00 745f 626f 646f 2879 2c63
001f9d0 2c66 2c61 7261 7367 2029 5f28 655f 7478
001f9e0 6e65 6973 6e6f 5f5f 2820 207b 6e69 2074
001f9f0 5f5f 6572 3b73 6920 2066 7328 7a69 6f65
001fa00 2066 6328 2029 203e 2931 7b20 6920 2066
001fa10 5f28 625f 6975 746c 6e69 635f 6e6f 7473
001fa20 6e61 5f74 2070 6328 2929 7b20 6920 746e
001fa30 5f20 635f 3d20 2820 2963 203b 5f5f 6572
001fa40 2073 203d 5f5f 2063 203c 312d 3832 7c20
001fa50 207c 5f5f 2063 203e 3532 2035 203f 5f5f
001fa60 2063 203a 6128 5b29 5f5f 5d63 203b 207d
001fa70 6c65 6573 5f20 725f 7365 3d20 6620 6120
001fa80 6772 3b73 7d20 6520 736c 2065 5f5f 6572
001fa90 2073 203d 6128 5b29 6928 746e 2029 6328
001faa0 5d29 203b 5f5f 6572 3b73 7d20 2929 5f00
001fab0 435f 5550 435f 524c 535f 6328 7570 732c
001fac0 7465 6973 657a 632c 7570 6573 7074 2029
001fad0 5f28 655f 7478 6e65 6973 6e6f 5f5f 2820
001fae0 207b 6973 657a 745f 5f20 635f 7570 3d20
001faf0 2820 7063 2975 203b 5f5f 7063 2075 202f
001fb00 2038 203c 7328 7465 6973 657a 2029 203f
001fb10 2828 5f28 635f 7570 6d5f 7361 206b 292a
001fb20 2820 6328 7570 6573 7074 2d29 5f3e 625f
001fb30 7469 2973 5b29 5f5f 5043 4555 544c 2820
001fb40 5f5f 7063 2975 205d 3d26 7e20 5f5f 5043
001fb50 4d55 5341 204b 5f28 635f 7570 2929 3a20
001fb60 3020 203b 297d 0029 656e 5f77 6c61 6f6c
001fb70 6163 6f74 3c72 7473 3a64 5f3a 635f 7878
001fb80 3131 3a3a 6162 6973 5f63 7473 6972 676e
001fb90 633c 6168 2c72 7320 6474 3a3a 6863 7261
001fba0 745f 6172 7469 3c73 6863 7261 2c3e 7320
001fbb0 6474 3a3a 6c61 6f6c 6163 6f74 3c72 6863
001fbc0 7261 203e 203e 003e 475f 554e 535f 554f
001fbd0 4352 2045 0031 5f5f 6c67 6269 5f63 616d
001fbe0 7263 5f6f 6177 6e72 6e69 3167 6d28 7365
001fbf0 6173 6567 2029 505f 6172 6d67 2061 2328
001fc00 656d 7373 6761 2965 7400 706d 616e 006d
001fc10 5f5f 524e 645f 7075 2033 3932 0032 4c43
001fc20 4e4f 5f45 4843 4c49 5f44 4c43 4145 5452
001fc30 4449 3020 3078 3230 3030 3030 0030 5f5f
001fc40 7063 5f70 696c 5f62 6f63 736e 6574 7078
001fc50 5f72 7475 6c69 7469 2079 3032 3831 3131
001fc60 004c 435f 5f53 464c 3653 5f34 444c 4c46
001fc70 4741 2053 435f 5f53 464c 3653 5f34 444c
001fc80 4c46 4741 0053 5f5f 5f57 5845 5449 4f43
001fc90 4544 7228 7465 732c 6769 2029 2828 6572
001fca0 2974 3c20 203c 2038 207c 7328 6769 2929
001fcb0 5f00 4c47 4249 5843 5f58 4148 4556 485f
001fcc0 5059 544f 204c 0031 4544 4146 4c55 5f54
001fcd0 494d 554e 4554 5f00 435f 524f 4552 5443
001fce0 495f 4f53 435f 5050 535f 5254 4e49 5347
001fcf0 485f 505f 4f52 4f54 0020 4544 4146 4c55
001fd00 5f54 4f4d 544e 0048 5f5f 6f6e 6d72 6c61
001fd10 695f 6574 6172 6f74 0072 4445 544f 4f44
001fd20 2054 3337 5f00 4f50 4953 5f58 4843 4c49
001fd30 5f44 414d 2058 3532 5f00 465f 544c 3231
001fd40 5f38 5349 495f 4345 365f 3530 3935 5f5f
001fd50 3220 4100 4f54 494d 5f43 4843 5241 3631
001fd60 545f 4c5f 434f 5f4b 5246 4545 5f20 475f
001fd70 4343 415f 4f54 494d 5f43 4843 5241 3631
001fd80 545f 4c5f 434f 5f4b 5246 4545 4100 4f54
001fd90 494d 5f43 4357 4148 5f52 5f54 4f4c 4b43
001fda0 465f 4552 2045 5f5f 4347 5f43 5441 4d4f
001fdb0 4349 575f 4843 5241 545f 4c5f 434f 5f4b
001fdc0 5246 4545 5300 5359 6b5f 7965 7463 206c
001fdd0 5f5f 524e 6b5f 7965 7463 006c 5f5f 5355
001fde0 5f45 5441 4946 454c 5f00 535f 5a49 4f45
001fdf0 5f46 5450 4452 4649 5f46 5f54 205f 0038
001fe00 5f5f 7063 5f70 696c 5f62 6962 6f74 7370
001fe10 3220 3130 3039 4c37 5f00 6e5f 726f 616d
001fe20 5f6c 7469 7265 7461 726f 633c 6168 2a72
001fe30 202c 7473 3a64 5f3a 635f 7878 3131 3a3a
001fe40 6162 6973 5f63 7473 6972 676e 633c 6168
001fe50 2c72 7320 6474 3a3a 6863 7261 745f 6172
001fe60 7469 3c73 6863 7261 2c3e 7320 6474 3a3a
001fe70 6c61 6f6c 6163 6f74 3c72 6863 7261 203e
001fe80 203e 003e 5f5f 524e 705f 7274 6361 2065
001fe90 3031 0031 505f 5453 5f4c 4948 4544 465f
001fea0 4f52 5f4d 4241 5f49 4f50 2050 5f00 535f
001feb0 495f 4346 5248 3020 3230 3030 3030 5f00
001fec0 4f50 4953 5f58 4854 4552 4441 505f 4952
001fed0 524f 5449 5f59 4353 4548 5544 494c 474e
001fee0 3220 3030 3038 4c39 5000 5254 4944 4646
001fef0 575f 4449 4854 5f20 575f 524f 5344 5a49
001ff00 0045 5f5f 444c 4c42 4d5f 4e41 5f54 4944
001ff10 5f47 205f 3436 5f00 4c47 4249 5843 5f58
001ff20 4148 4556 535f 5251 4654 3120 5f00 5343
001ff30 565f 5f37 4957 5444 5f48 4552 5453 4952
001ff40 5443 4445 455f 564e 2053 435f 5f53 3756
001ff50 575f 4449 4854 525f 5345 5254 4349 4554
001ff60 5f44 4e45 5356 5f00 435f 4c46 414f 3654
001ff70 5834 5f20 6f43 706d 656c 2078 6f6c 676e
001ff80 6420 756f 6c62 0065 5f5f 524e 695f 636f
001ff90 6c74 3120 0036 5f5f 524e 725f 6165 6c64
001ffa0 6e69 206b 3938 5f00 4c47 4249 5843 5f58
001ffb0 4148 4556 465f 4552 5058 2046 0031 5f5f
001ffc0 7461 7274 6269 7475 5f65 6f63 7970 5f5f
001ffd0 6128 6772 2029 5f5f 7461 7274 6269 7475
001ffe0 5f65 205f 2828 5f5f 6f63 7970 5f5f 2820
001fff0 7261 2967 2929 4500 494c 4d42 5841 3820
0020000 0032 7473 7472 646f 7300 7274 6f74 0066
0020010 435f 5858 4241 5f49 2048 0031 505f 534f
0020020 5849 5f32 5f43 4556 5352 4f49 204e 5f5f
0020030 4f50 4953 3258 545f 4948 5f53 4556 5352
0020040 4f49 004e 7473 7472 6b6f 7300 7274 6f74
0020050 006c 5f5f 524e 695f 6f6e 6974 7966 615f
0020060 6464 775f 7461 6863 3220 3435 5f00 555f
0020070 4553 5f52 414c 4542 5f4c 5250 4645 5849
0020080 5f5f 0020 435f 5f53 464c 5f53 494c 5342
0020090 5f20 5343 4c5f 5346 4c5f 4249 0053 5a5f
00200a0 4b4e 7453 7636 6365 6f74 4972 534e 3774
00200b0 5f5f 7863 3178 3131 6232 7361 6369 735f
00200c0 7274 6e69 4967 5363 3174 6331 6168 5f72
00200d0 7274 6961 7374 6349 5345 4961 4563 4545
00200e0 6153 5349 5f35 4545 6336 6562 6967 456e
00200f0 0076 5a5f 534e 3674 6576 7463 726f 4e49
0020100 7453 5f37 635f 7878 3131 3231 6162 6973
0020110 5f63 7473 6972 676e 6349 7453 3131 6863
0020120 7261 745f 6172 7469 4973 4563 6153 6349
0020130 4545 5345 4961 3553 455f 3645 6e69 6573
0020140 7472 4e45 5f39 675f 756e 635f 7878 3731
0020150 5f5f 6f6e 6d72 6c61 695f 6574 6172 6f74
0020160 4972 4b50 3553 535f 5f37 4545 526d 4153
0020170 005f 5a5f 364e 5f5f 7370 6c74 6539 6578
0020180 7563 6974 6e6f 7632 3131 7336 7165 6575
0020190 636e 6465 705f 6c6f 6369 3179 5f36 615f
00201a0 6c6c 776f 705f 7261 6c61 656c 456c 0076
00201b0 4645 4942 2047 3732 4c00 4d49 4e49 4c41
00201c0 4c5f 4249 4c5f 474f 4547 5f52 5048 5f50
00201d0 0020 5f5f 6e75 6564 5f66 504f 4e45 4d5f
00201e0 5841 7700 7463 6d6f 0062 4e45 454f 4558
00201f0 2043 0038 5f5f 6975 746e 3436 745f 5f00
0020200 4c47 4249 5843 5f58 5355 5f45 4544 4943
0020210 414d 5f4c 4c46 414f 2054 0031 505f 5f43
0020220 4843 574f 5f4e 4552 5453 4952 5443 4445
0020230 5f20 4350 435f 4f48 4e57 525f 5345 5254
0020240 4349 4554 0044 5953 5f53 6573 7574 6469
0020250 5f20 4e5f 5f52 6573 7574 6469 5300 4843
0020260 4445 465f 4649 204f 0031 434c 4e5f 4d55
0020270 5245 4349 5f20 4c5f 5f43 554e 454d 4952
0020280 0043 505f 534f 5849 535f 4749 5551 5545
0020290 5f45 414d 2058 3233 4500 454b 5259 5645
00202a0 4b4f 4445 3120 3832 5500 4e49 5f54 454c
00202b0 5341 3154 5f36 4957 5444 2048 3631 5f00
00202c0 4942 5354 505f 534f 5849 5f31 494c 5f4d
00202d0 2048 0031 5a5f 534e 3674 6576 7463 726f
00202e0 6349 6153 6349 4545 3431 4d5f 655f 706d
00202f0 616c 6563 615f 7875 4e45 5f39 675f 756e
0020300 635f 7878 3731 5f5f 6f6e 6d72 6c61 695f
0020310 6574 6172 6f74 4972 4b50 5363 5f31 4545
0020320 634f 5f00 4353 425f 5f43 5453 4952 474e
0020330 4d5f 5841 5f20 4353 425f 5f43 5453 4952
0020340 474e 4d5f 5841 5300 495f 5557 5253 5f20
0020350 535f 495f 5257 5449 0045 535f 5f43 4941
0020360 5f4f 414d 2058 535f 5f43 4941 5f4f 414d
0020370 0058 7369 6177 706c 6168 5f00 535f 4745
0020380 475f 2053 0031 5f5f 4c46 3654 5f34 414d
0020390 5f58 205f 2e31 3937 3637 3339 3331 3834
00203a0 3236 3133 3735 3830 3431 3235 3437 3332
00203b0 3337 3731 3430 3533 6537 332b 3830 3646
00203c0 0034 5453 5441 5f58 5441 5254 565f 5245
00203d0 5449 2059 7830 3030 3031 3030 3030 5f00
00203e0 635f 7070 6c5f 6269 6c5f 676f 6369 6c61
00203f0 745f 6172 7469 2073 3032 3531 3031 5f00
0020400 425f 4b4c 4e43 3654 5f34 5f54 5954 4550
0020410 5f20 535f 5551 4441 545f 5059 0045 6e65
0020420 7364 775f 7469 0068 5f5f 524e 665f 6573
0020430 7874 7461 7274 3120 3039 4c00 5f43 4f4d
0020440 454e 4154 5952 5f20 4c5f 5f43 4f4d 454e
0020450 4154 5952 4500 4544 5453 4441 5244 4552
0020460 2051 3938 5f00 575f 4843 5241 4d5f 4e49
0020470 5f20 575f 4843 5241 4d5f 4e49 5f5f 5f00
0020480 535f 5359 4143 4c4c 535f 4f4c 474e 545f
0020490 5059 2045 5f5f 4c53 4e4f 5747 524f 5f44
00204a0 5954 4550 5f00 4c47 4249 5843 5f58 5441
00204b0 4d4f 4349 425f 5341 5f45 2048 0031 505f
00204c0 534f 5849 535f 4d45 5041 4f48 4552 2053
00204d0 3032 3830 3930 004c 475f 494c 4342 5858
00204e0 555f 4553 435f 3131 555f 4843 5241 435f
00204f0 5858 3131 3120 5f00 475f 4343 415f 4f54
0020500 494d 5f43 4843 5241 4c5f 434f 5f4b 5246
0020510 4545 3220 5f00 4c47 4249 5843 5f58 5441
0020520 4d4f 4349 575f 4941 5f54 2048 0031 5f5f
0020530 6c66 7865 7261 2072 5d5b 5f00 445f 4345
0020540 3233 4d5f 5841 455f 5058 5f5f 3920 0037
0020550 7570 6374 6168 0072 4e5f 444f 5f45 4148
0020560 444e 454c 3120 5f00 5343 585f 5342 5f35
0020570 4c49 3350 5f32 464f 4246 4749 4c5f 4644
0020580 414c 5347 5f20 5343 585f 5342 5f35 4c49
0020590 3350 5f32 464f 4246 4749 4c5f 4644 414c
00205a0 5347 5f00 735f 7274 6375 5f74 4946 454c
00205b0 645f 6665 6e69 6465 3120 5f00 4f58 4550
00205c0 5f4e 4358 5f55 4556 5352 4f49 204e 0034
00205d0 5f5f 524e 735f 6177 6f70 206e 3631 0037
00205e0 535f 4c54 4d5f 5041 485f 3120 5f00 735f
00205f0 7574 5f62 6366 6668 616c 7367 0020 5f5f
0020600 4f43 434e 5441 7828 792c 2029 2078 2323
0020610 7920 5f00 4e5a 534b 3674 6576 7463 726f
0020620 6349 6153 6349 4545 6338 7061 6361 7469
0020630 4579 0076 5f5f 524e 725f 5f74 6774 6973
0020640 7167 6575 6575 6e69 6f66 3220 3739 5f00
0020650 4e5f 5f52 6573 6774 6f72 7075 2073 3131
0020660 0036 5f5f 444c 4c42 455f 5350 4c49 4e4f
0020670 5f5f 3120 302e 3438 3032 3132 3237 3834
0020680 3535 3430 3334 3034 3730 3534 3832 3030
0020690 3638 3939 3134 3137 2d65 3931 004c 5f5f
00206a0 7063 5f70 696c 5f62 6168 5f73 6e75 7169
00206b0 6575 6f5f 6a62 6365 5f74 6572 7270 7365
00206c0 6e65 6174 6974 6e6f 2073 3032 3631 3630
00206d0 5f00 4e5f 5f52 716d 755f 6c6e 6e69 206b
00206e0 3432 0031 505f 534f 5849 565f 5f36 504c
00206f0 4942 5f47 464f 4246 4749 2d20 0031 5953
0020700 5f53 6d75 756f 746e 2032 5f5f 524e 755f
0020710 6f6d 6e75 3274 5f00 4e5f 5f52 6567 6574
0020720 6967 2064 3031 0038 5f5f 3366 2832 2978
0020730 7820 2320 6623 5f00 4353 415f 5644 5349
0020740 524f 5f59 4e49 4f46 5f20 4353 415f 5644
0020750 5349 524f 5f59 4e49 4f46 5300 5359 695f
0020760 5f6f 7275 6e69 5f67 6573 7574 2070 5f5f
0020770 524e 695f 5f6f 7275 6e69 5f67 6573 7574
0020780 0070 5f5f 6c67 6269 7863 5f78 6964 6967
0020790 7374 5f00 4942 5354 535f 4454 4f49 4c5f
00207a0 4d49 485f 3120 5f00 7843 5f78 6168 6873
00207b0 6174 6c62 5f65 6564 6966 656e 745f 6972
00207c0 6976 6c61 685f 7361 0068 5f5f 7063 5f70
00207d0 6863 7261 5f38 2074 3032 3831 3131 004c
00207e0 5f5f 6c67 6269 7863 5f78 6572 7571 7269
00207f0 7365 685f 6165 2870 465f 7269 7473 5f2c
0020800 614c 7473 2029 5500 4954 454d 4e5f 574f
0020810 2820 3128 206c 3c3c 3320 2930 2d20 3120
0020820 296c 5f00 4e5a 7453 6938 736f 625f 7361
0020830 3465 6e49 7469 3143 7645 5f00 4c47 4249
0020840 5843 5f58 4150 4b43 4741 5f45 5255 204c
0020850 2222 5f00 4c47 4249 5843 5f58 4148 4556
0020860 465f 4e43 4c54 485f 3120 5f00 4c47 4249
0020870 5843 5f58 5355 5f45 4f4c 474e 4c5f 4e4f
0020880 2047 0031 5f5f 5355 5f45 5349 434f 3539
0020890 3120 5f00 4353 4f5f 4550 5f4e 414d 2058
00208a0 535f 5f43 504f 4e45 4d5f 5841 5f00 675f
00208b0 696c 6362 7878 725f 7165 6975 6572 5f73
00208c0 7473 6972 676e 5f28 7453 6972 676e 2029
00208d0 5f00 4e5a 534b 3774 5f5f 7863 3178 3131
00208e0 6232 7361 6369 735f 7274 6e69 4967 5363
00208f0 3174 6331 6168 5f72 7274 6961 7374 6349
0020900 5345 4961 4563 3545 6672 6e69 4564 4b52
0020910 3453 6d5f 5f00 4c47 4249 5843 5f58 4150
0020920 4b43 4741 5f45 4154 4e52 4d41 2045 6c22
0020930 6269 7473 6364 2b2b 0022 425f 5449 5f53
0020940 5450 5248 4145 5444 5059 5345 435f 4d4f
0020950 4f4d 5f4e 2048 0031 435f 5f53 3556 575f
0020960 4449 4854 525f 5345 5254 4349 4554 5f44
0020970 4e45 5356 5f20 5343 565f 5f35 4957 5444
0020980 5f48 4552 5453 4952 5443 4445 455f 564e
0020990 0053 5f5f 524e 695f 5f6f 6564 7473 6f72
00209a0 2079 3032 0037 4957 4546 4958 4554 2844
00209b0 7473 7461 7375 2029 5f5f 4957 4546 4958
00209c0 4554 2044 7328 6174 7574 2973 5f00 4c47
00209d0 4249 5843 5f58 4148 4556 535f 4e49 4648
00209e0 3120 5f00 635f 7070 6c5f 6269 615f 6f74
00209f0 696d 5f63 6c66 6761 745f 7365 2074 3032
0020a00 3931 3730 004c 475f 494c 4342 5858 485f
0020a10 5641 5f45 5542 4c49 4954 5f4e 4148 5f53
0020a20 4e55 5149 4f5f 4a42 525f 5045 3120 5f00
0020a30 445f 4345 3436 4d5f 5841 5f5f 3920 392e
0020a40 3939 3939 3939 3939 3939 3939 3939 3345
0020a50 3438 4444 5f00 675f 696c 6362 7878 725f
0020a60 7165 6975 6572 5f73 6f73 7472 6465 705f
0020a70 6572 2864 465f 7269 7473 5f2c 614c 7473
0020a80 5f2c 7250 6465 2029 5f00 4e5a 7453 7636
0020a90 6365 6f74 4972 534e 3774 5f5f 7863 3178
0020aa0 3131 6232 7361 6369 735f 7274 6e69 4967
0020ab0 5363 3174 6331 6168 5f72 7274 6961 7374
0020ac0 6349 5345 4961 4563 4545 6153 5349 5f35
0020ad0 4545 3443 6d45 4b52 3653 005f 5f5f 6c67
0020ae0 6269 5f63 6c63 6e61 5f67 7270 7265 7165
0020af0 6d28 6a61 6d2c 6e69 2029 0030 4c43 434f
0020b00 5f4b 4f4d 4f4e 4f54 494e 5f43 4152 2057
0020b10 0034 6d74 675f 746d 666f 0066 5a5f 4b4e
0020b20 7453 5f37 635f 7878 3131 3231 6162 6973
0020b30 5f63 7473 6972 676e 6349 7453 3131 6863
0020b40 7261 745f 6172 7469 4973 4563 6153 6349
0020b50 4545 6338 6e6f 6174 6e69 4573 7453 3731
0020b60 6162 6973 5f63 7473 6972 676e 765f 6569
0020b70 4977 5363 5f32 0045 5453 5441 5f58 5954
0020b80 4550 3020 3078 3030 3030 3030 5531 5f00
0020b90 4c47 4249 5843 5f58 4544 5542 5f47 4550
0020ba0 4144 5353 5245 2854 435f 6e6f 6964 6974
0020bb0 6e6f 2029 6900 7573 7070 7265 6300 6168
0020bc0 3372 5f32 0074 5953 5f53 7865 7469 675f
0020bd0 6f72 7075 5f20 4e5f 5f52 7865 7469 675f
0020be0 6f72 7075 5f00 4c47 4249 5843 5f58 4148
0020bf0 4556 4c5f 4d49 5449 525f 5353 3120 5300
0020c00 495f 4f52 4854 2820 5f53 5249 5247 2050
0020c10 3e3e 3320 0029 5f5f 4854 4f52 4e57 204c
0020c20 5f5f 4854 4f52 0057 5a5f 534e 3674 6576
0020c30 7463 726f 4e49 7453 5f37 635f 7878 3131
0020c40 3231 6162 6973 5f63 7473 6972 676e 6349
0020c50 7453 3131 6863 7261 745f 6172 7469 4973
0020c60 4563 6153 6349 4545 5345 4961 3553 455f
0020c70 4345 4534 534f 5f37 4b52 3653 535f 3174
0020c80 6937 746e 6765 6172 5f6c 6f63 736e 6174
0020c90 746e 6249 624c 4531 0045 4c43 434f 5f4b
0020ca0 4552 4c41 4954 454d 3020 5f00 4f50 4953
0020cb0 5f58 5346 4e59 2043 3032 3830 3930 004c
0020cc0 5a5f 4b4e 7453 5f37 635f 7878 3131 3231
0020cd0 6162 6973 5f63 7473 6972 676e 6349 7453
0020ce0 3131 6863 7261 745f 6172 7469 4973 4563
0020cf0 6153 6349 4545 3131 7473 7261 7374 775f
0020d00 7469 4568 0063 5453 5441 5f58 5441 5254
0020d10 455f 434e 5952 5450 4445 3020 3078 3030
0020d20 3030 3038 0030 475f 494c 4342 5858 485f
0020d30 5641 5f45 4953 434e 534f 2046 0031 5f5f
0020d40 4c46 5f54 5645 4c41 4d5f 5445 4f48 5f44
0020d50 205f 0030 5a5f 534e 3674 6576 7463 726f
0020d60 6349 6153 6349 4545 3431 4d5f 6d5f 766f
0020d70 5f65 7361 6973 6e67 4f45 3153 535f 3174
0020d80 6937 746e 6765 6172 5f6c 6f63 736e 6174
0020d90 746e 6249 624c 4531 0045 505f 534f 5849
0020da0 535f 554f 4352 0045 445f 4e59 4d41 4349
0020db0 535f 4154 4b43 535f 5a49 5f45 4f53 5255
0020dc0 4543 3120 5f00 5f4d 6564 7473 6f72 0079
0020dd0 5f5f 524e 6b5f 7965 7463 206c 3532 0030
0020de0 6263 6765 6e69 5f00 4e5a 534b 3174 6237
0020df0 7361 6369 735f 7274 6e69 5f67 6976 7765
0020e00 6349 7453 3131 6863 7261 745f 6172 7469
0020e10 4973 4563 3245 7461 6d45 5f00 425f 4749
0020e20 455f 444e 4149 204e 3334 3132 5f00 4e5a
0020e30 534b 3774 5f5f 7863 3178 3131 6232 7361
0020e40 6369 735f 7274 6e69 4967 5363 3174 6331
0020e50 6168 5f72 7274 6961 7374 6349 5345 4961
0020e60 4563 3145 6633 6e69 5f64 6966 7372 5f74
0020e70 666f 5045 634b 006d 5a5f 4b4e 7453 3731
0020e80 6162 6973 5f63 7473 6972 676e 765f 6569
0020e90 4977 5363 3174 6331 6168 5f72 7274 6961
0020ea0 7374 6349 4545 3731 6966 646e 665f 7269
0020eb0 7473 6e5f 746f 6f5f 4566 4b50 6d63 5f00
0020ec0 4e5f 5f4f 5443 5059 2045 0031 5a5f 4b4e
0020ed0 7453 5f37 635f 7878 3131 3231 6162 6973
0020ee0 5f63 7473 6972 676e 6349 7453 3131 6863
0020ef0 7261 745f 6172 7469 4973 4563 6153 6349
0020f00 4545 6334 706f 4579 6350 6d6d 5f00 735f
0020f10 7574 5f62 6573 6c74 676f 6e69 0020 475f
0020f20 494c 4342 5858 445f 5045 4552 4143 4554
0020f30 2044 5f5f 7461 7274 6269 7475 5f65 205f
0020f40 2828 5f5f 6564 7270 6365 7461 6465 5f5f
0020f50 2929 5f00 4e5a 7453 3731 6162 6973 5f63
0020f60 7473 6972 676e 765f 6569 4977 5363 3174
0020f70 6331 6168 5f72 7274 6961 7374 6349 4545
0020f80 3331 6572 6f6d 6576 735f 6675 6966 4578
0020f90 006d 5f5f 4f4c 474e 4c5f 4e4f 5f47 4957
0020fa0 5444 5f48 205f 3436 5f00 495f 544e 4c5f
0020fb0 4145 5453 3631 545f 5059 5f45 205f 6873
0020fc0 726f 2074 6e69 0074 5a5f 394e 5f5f 6e67
0020fd0 5f75 7863 3178 5f37 6e5f 726f 616d 5f6c
0020fe0 7469 7265 7461 726f 5049 4e63 7453 5f37
0020ff0 635f 7878 3131 3231 6162 6973 5f63 7473
0021000 6972 676e 6349 7453 3131 6863 7261 745f
0021010 6172 7469 4973 4563 6153 6349 4545 4545
0021020 496d 6c45 4c00 535f 5445 5320 4545 5f4b
0021030 4553 0054 5a5f 534e 3174 5f32 6556 7463
0021040 726f 625f 7361 4965 5363 4961 4563 3145
0021050 5f33 5f4d 6564 6c61 6f6c 6163 6574 5045
0021060 6d63 5f00 4e5f 5f52 7574 6378 6c61 206c
0021070 3831 0034 4c43 434f 5f4b 4154 2049 3131
0021080 5f00 4e5a 7453 5f37 635f 7878 3131 3231
0021090 6162 6973 5f63 7473 6972 676e 6349 7453
00210a0 3131 6863 7261 745f 6172 7469 4973 4563
00210b0 6153 6349 4545 6136 7373 6769 456e 534f
00210c0 5f34 6d00 7362 6e69 7469 5f00 785f 3638
00210d0 365f 2034 0031 5043 5f55 524f 6428 7365
00210e0 7374 7465 732c 6372 6573 3174 732c 6372
00210f0 6573 3274 2029 5f5f 5043 5f55 504f 535f
0021100 2820 6973 657a 666f 2820 7063 5f75 6573
0021110 5f74 2974 202c 6564 7473 6573 2c74 7320
0021120 6372 6573 3174 202c 7273 7363 7465 2c32
0021130 7c20 0029 5953 5f53 7973 6c6d 6e69 616b
0021140 2074 5f5f 524e 735f 6d79 696c 6b6e 7461
0021150 5f00 415f 4f54 494d 5f43 4553 5f51 5343
0021160 2054 0035 5a5f 534e 3174 5f35 655f 6378
0021170 7065 6974 6e6f 705f 7274 3331 7865 6563
0021180 7470 6f69 5f6e 7470 3972 4d5f 615f 6464
0021190 6572 4566 0076 495f 5f4f 6173 6576 625f
00211a0 7361 0065 5953 5f53 7973 6c6d 6e69 206b
00211b0 5f5f 524e 735f 6d79 696c 6b6e 5f00 4e5a
00211c0 7453 7636 6365 6f74 4972 534e 3774 5f5f
00211d0 7863 3178 3131 6232 7361 6369 735f 7274
00211e0 6e69 4967 5363 3174 6331 6168 5f72 7274
00211f0 6961 7374 6349 5345 4961 4563 4545 6153
0021200 5349 5f35 4545 7334 6177 4570 5352 5f37
0021210 5f00 5f53 7265 6f72 5f72 7262 6361 0065
0021220 535f 655f 7272 726f 625f 6172 6b63 5f00
0021230 465f 544c 3436 5f58 4f4e 4d52 4d5f 5841
0021240 5f5f 3120 312e 3938 3337 3431 3539 3533
0021250 3237 3133 3637 3035 3132 3632 3833 3335
0021260 3330 3930 3037 3132 2b65 3934 3233 3646
0021270 7834 5f00 4c47 4249 5843 5f58 4148 4556
0021280 535f 5359 495f 434f 4c54 485f 3120 5f00
0021290 475f 494c 4342 4c5f 4e49 5855 565f 5245
00212a0 4953 4e4f 435f 444f 2045 3333 3731 3637
00212b0 5f00 4e5a 6153 4e49 7453 5f37 635f 7878
00212c0 3131 3231 6162 6973 5f63 7473 6972 676e
00212d0 6349 7453 3131 6863 7261 745f 6172 7469
00212e0 4973 4563 6153 6349 4545 4545 3444 7645
00212f0 5f00 4e5a 7453 5f37 635f 7878 3131 3231
0021300 6162 6973 5f63 7473 6972 676e 6349 7453
0021310 3131 6863 7261 745f 6172 7469 4973 4563
0021320 6153 6349 4545 6136 7373 6769 456e 4b52
0021330 3453 005f 4e45 544f 5553 2050 4f45 4e50
0021340 544f 5553 5050 5f00 4c47 4249 5843 3158
0021350 5f37 4f43 534e 4554 5058 2052 6f63 736e
0021360 6574 7078 0072 475f 494c 4342 5858 485f
0021370 5641 5f45 4341 534f 204c 0031 505f 534f
0021380 5849 465f 5f44 4553 5354 5a49 2045 505f
0021390 534f 5849 4f5f 4550 5f4e 414d 0058 475f
00213a0 494c 4342 5858 495f 5453 4552 4d41 3120
00213b0 5f00 4c47 4249 5843 5f58 4148 4556 535f
00213c0 5254 5245 4f52 5f52 2052 0031 5f5f 6176
00213d0 6c5f 7369 5f74 205f 5f00 5f5f 735f 6769
00213e0 6573 5f74 5f74 6564 6966 656e 2064 5f00
00213f0 6d5f 646f 5f65 5f74 6564 6966 656e 2064
0021400 4100 4c4c 4550 4d52 2053 5328 495f 5553
0021410 4449 537c 495f 4753 4449 537c 495f 5653
0021420 5854 537c 495f 5752 5558 537c 495f 5752
0021430 4758 537c 495f 5752 4f58 0029 5a5f 4b4e
0021440 7453 5f37 635f 7878 3131 3231 6162 6973
0021450 5f63 7473 6972 676e 6349 7453 3131 6863
0021460 7261 745f 6172 7469 4973 4563 6153 6349
0021470 4545 6635 6f72 746e 7645 5f00 465f 544c
0021480 3233 4d5f 4e49 315f 5f30 5845 5f50 205f
0021490 2d28 3733 0029 4c5f 5346 4c5f 5241 4547
00214a0 4946 454c 3120 5f00 5441 4946 454c 535f
00214b0 554f 4352 2045 0031 5453 5441 5f58 4e4d
00214c0 5f54 4449 3020 3078 3030 3130 3030 5530
00214d0 5f00 5f53 7265 6f72 5f72 7463 7079 0065
00214e0 535f 5f43 4946 4f46 5f20 4353 465f 4649
00214f0 004f 475f 494c 4342 5858 485f 5641 5f45
0021500 444c 5845 4650 3120 5f00 4e5f 5f52 7366
0021510 6f63 666e 6769 3420 3133 4d00 444f 435f
0021520 4b4c 2041 4441 5f4a 464f 5346 5445 535f
0021530 4e49 4c47 5345 4f48 0054 706f 7265 7461
0021540 726f 2928 5800 5441 5254 4c5f 5349 5f54
0021550 414d 2058 3536 3335 0036 5953 5f53 7065
0021560 6c6f 5f6c 6177 7469 5f20 4e5f 5f52 7065
0021570 6c6f 5f6c 6177 7469 4300 4f4c 454e 505f
0021580 5254 4341 2045 7830 3030 3030 3032 3030
0021590 5f00 4c47 4249 5843 5f58 5843 5f58 4c41
00215a0 4f4c 4143 4f54 5f52 2048 0031 495f 5f4f
00215b0 4946 454c 5f00 435f 4f4c 4b43 4449 545f
00215c0 545f 5059 2045 5f5f 3353 5f32 5954 4550
00215d0 4300 5550 415f 444e 535f 7328 7465 6973
00215e0 657a 642c 7365 7374 7465 732c 6372 6573
00215f0 3174 732c 6372 6573 3274 2029 5f5f 5043
0021600 5f55 504f 535f 2820 6573 7374 7a69 2c65
0021610 6420 7365 7374 7465 202c 7273 7363 7465
0021620 2c31 7320 6372 6573 3274 202c 2926 5f00
0021630 4c5f 5f43 4f43 4c4c 5441 2045 0033 5953
0021640 5f53 6573 7874 7461 7274 5f20 4e5f 5f52
0021650 6573 7874 7461 7274 5f00 475f 5858 545f
0021660 5059 4945 464e 5f4f 5145 4155 494c 5954
0021670 495f 4c4e 4e49 2045 0031 505f 534f 5849
0021680 565f 5245 4953 4e4f 3220 3030 3038 4c39
0021690 5f00 4e5a 7453 3131 6863 7261 745f 6172
00216a0 7469 4973 4563 6136 7373 6769 456e 6352
00216b0 4b52 0063 5953 5f53 6567 7274 7365 6975
00216c0 2064 5f5f 524e 675f 7465 6572 7573 6469
00216d0 5300 4154 5854 4d5f 444f 2045 7830 3030
00216e0 3030 3030 3230 0055 5f5f 5355 5f45 4f50
00216f0 4953 2058 0031 5f5f 524e 6c5f 6573 6b65
0021700 3820 5500 4e49 5f54 414d 2058 4928 544e
0021710 4d5f 5841 2a20 3220 2055 202b 5531 0029
0021720 505f 5f43 4552 5f43 414d 5f58 4658 5245
0021730 535f 5a49 2045 505f 5f43 4552 5f43 414d
0021740 5f58 4658 5245 535f 5a49 0045 5a5f 534e
0021750 3674 6576 7463 726f 6349 6153 6349 4545
0021760 3431 535f 645f 5f6f 6572 6f6c 6163 6574
0021770 5045 5363 5f32 3253 525f 3053 535f 3174
0021780 6937 746e 6765 6172 5f6c 6f63 736e 6174
0021790 746e 6249 624c 4530 0045 535f 5f43 454d
00217a0 5353 4741 5f45 4150 5353 4e49 2047 535f
00217b0 5f43 454d 5353 4741 5f45 4150 5353 4e49
00217c0 0047 5f5f 7063 5f70 696c 5f62 6f6e 6d6e
00217d0 6d65 6562 5f72 6f63 746e 6961 656e 5f72
00217e0 6361 6563 7373 3220 3130 3134 0031 5a5f
00217f0 534e 3174 6331 6168 5f72 7274 6961 7374
0021800 6349 3745 6f6e 5f74 6f65 4566 4b52 0069
0021810 5f5f 4643 4f4c 5441 3231 2038 5f5f 6663
0021820 6f6c 7461 3231 0038 5453 5441 5f58 5441
0021830 5254 415f 5455 4d4f 554f 544e 3020 3078
0021840 3030 3130 3030 0030 5f5f 6c67 6269 5f63
0021850 6e75 696c 656b 796c 6328 6e6f 2964 5f20
0021860 625f 6975 746c 6e69 655f 7078 6365 2074
0021870 2828 6f63 646e 2c29 3020 0029 5a5f 534e
0021880 3774 5f5f 7863 3178 3131 6232 7361 6369
0021890 735f 7274 6e69 4967 5363 3174 6331 6168
00218a0 5f72 7274 6961 7374 6349 5345 4961 4563
00218b0 3645 6e69 6573 7472 6d45 4b50 6d63 5300
00218c0 5359 735f 6d68 7461 5f20 4e5f 5f52 6873
00218d0 616d 0074 5953 5f53 6573 6674 6773 6469
00218e0 5f20 4e5f 5f52 6573 6674 6773 6469 5f00
00218f0 495f 544e 5f38 5954 4550 5f5f 7320 6769
0021900 656e 2064 6863 7261 6f00 6570 6172 6f74
0021910 2b72 002b 4c5f 5241 4547 4946 454c 535f
0021920 554f 4352 0045 5953 5f53 6567 6574 6975
0021930 2064 5f5f 524e 675f 7465 7565 6469 5300
0021940 5359 6c5f 7369 7874 7461 7274 5f20 4e5f
0021950 5f52 696c 7473 6178 7474 0072 5f5f 524e
0021960 745f 696b 6c6c 3220 3030 6f00 6570 6172
0021970 6f74 2b72 003d 7266 6f65 6570 006e 7766
0021980 6469 0065 5f5f 6c61 6769 656e 5f64 656c
0021990 3436 5f20 6c5f 3665 2034 5f5f 7461 7274
00219a0 6269 7475 5f65 285f 6128 696c 6e67 6465
00219b0 3828 2929 0029 5f5f 524e 695f 5f6f 7275
00219c0 6e69 5f67 6572 6967 7473 7265 3420 3732
00219d0 5f00 4e5f 5f52 6d72 6964 2072 3438 6900
00219e0 736f 625f 7361 0065 434c 4d5f 4e4f 5445
00219f0 5241 5f59 414d 4b53 2820 2031 3c3c 5f20
0021a00 4c5f 5f43 4f4d 454e 4154 5952 0029 5a5f
0021a10 364e 5f5f 7370 6c74 6539 6578 7563 6974
0021a20 6e6f 7632 3131 7035 7261 6c61 656c 5f6c
0021a30 6f70 696c 7963 3931 5f5f 6c61 6f6c 5f77
0021a40 6e75 6573 7571 6e65 6563 4564 0076 5f5f
0021a50 4552 4944 4552 5443 4e5f 4854 6e28 6d61
0021a60 2c65 7270 746f 2c6f 6c61 6169 2973 6e20
0021a70 6d61 2065 7270 746f 206f 5f5f 4854 4f52
0021a80 2057 5f5f 7361 5f6d 205f 5f28 415f 4d53
0021a90 414e 454d 2820 6123 696c 7361 2929 5f00
0021aa0 535f 4454 5f43 205f 0031 434c 415f 4444
0021ab0 4552 5353 5f20 4c5f 5f43 4441 5244 5345
0021ac0 0053 7473 6964 206e 7473 6964 006e 5953
0021ad0 5f53 736d 7267 7663 5f20 4e5f 5f52 736d
0021ae0 7267 7663 5f00 495f 544e 4c5f 4145 5453
0021af0 3436 4d5f 5841 5f5f 3020 3778 6666 6666
0021b00 6666 6666 6666 6666 6666 4c66 4500 4552
0021b10 434d 4748 3720 0038 4d5f 564f 5f45 2048
0021b20 0031 535f 5f43 5355 5245 475f 4f52 5055
0021b30 5f53 2052 535f 5f43 5355 5245 475f 4f52
0021b40 5055 5f53 0052 5f5f 524e 735f 6863 6465
0021b50 735f 7465 6170 6172 206d 3431 0032 505f
0021b60 5453 5f4c 5043 3150 5f34 4156 4952 4241
0021b70 454c 545f 4d45 4c50 5441 5345 505f 4552
0021b80 4553 544e 2820 5f21 495f 544e 4c45 435f
0021b90 4d4f 4950 454c 2052 7c7c 5f20 495f 544e
0021ba0 4c45 435f 4d4f 4950 454c 2052 3d3e 3120
0021bb0 3037 2930 2620 2026 5f28 534d 5f43 5546
0021bc0 4c4c 565f 5245 3e20 203d 3931 3030 3332
0021bd0 3139 2038 7c7c 5f20 635f 6c70 7375 6c70
0021be0 7375 3e20 203d 3032 3431 3230 294c 6f00
0021bf0 6570 6172 6f74 2d72 002d 706f 7265 7461
0021c00 726f 3d2d 6f00 6570 6172 6f74 2d72 003e
0021c10 5f5f 524e 6d5f 6f6c 6b63 6c61 206c 3531
0021c20 0031 5a5f 534e 3674 6576 7463 726f 6349
0021c30 6153 6349 4545 3531 535f 755f 6573 725f
0021c40 6c65 636f 7461 4565 0076 5f5f 7461 7274
0021c50 6269 7475 5f65 6f63 7970 5f5f 5300 5359
0021c60 6d5f 6e69 6f63 6572 5f20 4e5f 5f52 696d
0021c70 636e 726f 0065 435f 5f53 4f50 4953 5f58
0021c80 3656 4c5f 4250 4749 4f5f 4646 4942 5f47
0021c90 444c 4c46 4741 2053 435f 5f53 4f50 4953
0021ca0 5f58 3656 4c5f 4250 4749 4f5f 4646 4942
0021cb0 5f47 444c 4c46 4741 0053 505f 5453 5f4c
0021cc0 5250 4741 414d 7828 2029 505f 6172 6d67
0021cd0 2861 7823 0029 435f 5f53 4f50 4953 5f58
0021ce0 3756 4c5f 3650 5f34 464f 3646 5f34 494c
0021cf0 544e 4c46 4741 2053 435f 5f53 4f50 4953
0021d00 5f58 3756 4c5f 3650 5f34 464f 3646 5f34
0021d10 494c 544e 4c46 4741 0053 5a5f 534e 3174
0021d20 5f32 6556 7463 726f 625f 7361 4965 534e
0021d30 3774 5f5f 7863 3178 3131 6232 7361 6369
0021d40 735f 7274 6e69 4967 5363 3174 6331 6168
0021d50 5f72 7274 6961 7374 6349 5345 4961 4563
0021d60 4545 6153 5349 5f35 4545 3731 565f 6365
0021d70 6f74 5f72 6d69 6c70 645f 7461 3161 5f32
0021d80 5f4d 6f63 7970 645f 7461 4561 4b52 3853
0021d90 005f 5f5f 4955 544e 465f 5341 3654 5f34
0021da0 414d 5f58 205f 7830 6666 6666 6666 6666
0021db0 6666 6666 6666 6666 4c55 5f00 4c47 4249
0021dc0 5843 5f58 4148 4556 435f 534f 2046 0031
0021dd0 5f5f 524e 655f 6978 2074 3036 5f00 4353
0021de0 505f 4949 4f5f 4953 435f 544f 2053 535f
0021df0 5f43 4950 5f49 534f 5f49 4f43 5354 5f00
0021e00 5f53 7265 6f72 5f72 6162 6b63 6572 0066
0021e10 5f5f 4357 524f 4645 414c 2047 7830 3038
0021e20 6100 6f74 0066 7461 696f 6100 6f74 006c
0021e30 505f 534f 5849 4d5f 4d45 524f 5f59 5250
0021e40 544f 4345 4954 4e4f 3220 3030 3038 4c39
0021e50 5f00 4f50 4953 5f58 514d 505f 4952 5f4f
0021e60 414d 2058 3233 5f00 4e5f 5f52 6567 7374
0021e70 636f 6f6b 7470 3520 0035 5f53 5849 5247
0021e80 2050 5328 495f 5558 5253 3e20 203e 2933
0021e90 5f00 4e5f 5f52 6572 7571 7365 5f74 656b
0021ea0 2079 3432 0039 5a5f 4b4e 7453 7636 6365
0021eb0 6f74 4972 5363 4961 4563 3545 7266 6e6f
0021ec0 4574 0076 4e45 424f 4655 2053 3031 0035
0021ed0 5f5f 524e 725f 6573 2071 3333 0034 475f
0021ee0 494c 4342 5858 555f 4553 435f 3939 465f
0021ef0 4e45 5f56 5254 2031 0031 5f5f 4c46 3354
0021f00 5f32 4148 5f53 4544 4f4e 4d52 5f5f 3120
0021f10 5f00 4e5a 7453 7636 6365 6f74 4972 5363
0021f20 4961 4563 3945 7570 6873 625f 6361 456b
0021f30 634f 5f00 4353 585f 5342 5f35 504c 4942
0021f40 5f47 464f 4246 4749 5f20 4353 585f 5342
0021f50 5f35 504c 4942 5f47 464f 4246 4749 5300
0021f60 5359 705f 6f72 6563 7373 6d5f 6461 6976
0021f70 6573 5f20 4e5f 5f52 7270 636f 7365 5f73
0021f80 616d 7664 7369 0065 5f5f 524e 665f 6461
0021f90 6976 6573 3436 3220 3132 4200 4f4f 5f4c
0021fa0 4957 5444 2048 0031 5a5f 534e 3774 5f5f
0021fb0 7863 3178 3131 6232 7361 6369 735f 7274
0021fc0 6e69 4967 5363 3174 6331 6168 5f72 7274
0021fd0 6961 7374 6349 5345 4961 4563 3145 5f31
0021fe0 5f4d 6163 6170 6963 7974 6d45 5f00 4353
0021ff0 435f 4c5f 4e41 5f47 5553 5050 524f 5f54
0022000 2052 535f 5f43 5f43 414c 474e 535f 5055
0022010 4f50 5452 525f 5f00 465f 4253 4b4c 4e43
0022020 5f54 5f54 5954 4550 5f20 535f 5359 4143
0022030 4c4c 555f 4f4c 474e 545f 5059 0045 4441
0022040 5f4a 5246 5145 4555 434e 2059 7830 3030
0022050 3230 5f00 494c 554e 5f58 5453 4444 4645
0022060 485f 0020 5f5f 5f53 5349 5954 4550 6d28
0022070 646f 2c65 616d 6b73 2029 2828 6d28 646f
0022080 2965 2620 5f20 535f 495f 4d46 2954 3d20
0022090 203d 6d28 7361 296b 0029 5f5f 6377 6268
00220a0 5300 5359 705f 6f70 6c6c 5f20 4e5f 5f52
00220b0 7070 6c6f 006c 475f 494c 4342 5858 445f
00220c0 5145 4555 3120 5f00 465f 544c 3436 485f
00220d0 5341 515f 4955 5445 4e5f 4e41 5f5f 3120
00220e0 5f00 4c47 4249 5843 5f58 5341 4e41 415f
00220f0 4e4e 544f 5441 5f45 5247 574f 6e28 2029
0022100 5f00 4e5a 534b 3174 6237 7361 6369 735f
0022110 7274 6e69 5f67 6976 7765 6349 7453 3131
0022120 6863 7261 745f 6172 7469 4973 4563 3745
0022130 6f63 706d 7261 4565 6d6d 3253 6d5f 006d
0022140 5f5f 4942 5f54 5954 4550 5f53 4544 4946
0022150 454e 5f44 205f 0031 5f5f 444c 4c42 445f
0022160 4e45 524f 5f4d 494d 5f4e 205f 2e33 3436
0022170 3135 3939 3335 3831 3238 3734 3634 3230
0022180 3235 3438 3530 3339 3633 3931 3134 3839
0022190 6532 342d 3539 4c31 5f00 4353 505f 5049
00221a0 2045 535f 5f43 4950 4550 5f00 5350 4c54
00221b0 505f 4152 4d47 5f41 4556 5443 524f 555f
00221c0 414e 494c 4e47 4445 0020 475f 494c 4342
00221d0 5858 485f 5641 5f45 4953 4c4e 3120 5f00
00221e0 4e5a 6153 6349 4445 4534 0069 5a5f 4b4e
00221f0 7453 5f37 635f 7878 3131 3231 6162 6973
0022200 5f63 7473 6972 676e 6349 7453 3131 6863
0022210 7261 745f 6172 7469 4973 4563 6153 6349
0022220 4545 6336 6562 6967 456e 0076 535f 5f43
0022230 4142 5252 4549 5352 5f20 4353 425f 5241
0022240 4952 5245 0053 535f 6e5f 746f 7268 776f
0022250 6d5f 766f 0065 535f 4c54 495f 4554 4152
0022260 4f54 5f52 4142 4553 545f 5059 5345 485f
0022270 3120 5f00 4e5a 7453 7636 6365 6f74 4972
0022280 5363 4961 4563 3845 4d5f 655f 6172 6573
0022290 4e45 5f39 675f 756e 635f 7878 3731 5f5f
00222a0 6f6e 6d72 6c61 695f 6574 6172 6f74 4972
00222b0 6350 3153 455f 5345 5f35 5f00 675f 696c
00222c0 6362 7878 6d5f 7861 645f 6769 7469 3173
00222d0 0030 7369 7570 636e 0074 585f 504f 4e45
00222e0 4c5f 4745 4341 2059 0031 535f 5f43 4f4a
00222f0 5f42 4f43 544e 4f52 204c 535f 5f43 4f4a
0022300 5f42 4f43 544e 4f52 004c 535f 655f 7272
0022310 726f 735f 6170 6563 5f00 5f4d 6966 6c6c
0022320 695f 736e 7265 0074 475f 494c 4342 5858
0022330 485f 5641 5f45 5349 4e49 4646 3120 4500
0022340 4f43 4e4e 4552 5546 4553 2044 3131 0031
0022350 5f5f 7063 5f70 7461 7274 6269 7475 7365
0022360 3220 3030 3038 4c39 5300 5359 6d5f 5f71
0022370 6f6e 6974 7966 5f20 4e5f 5f52 716d 6e5f
0022380 746f 6669 0079 7473 615f 6974 656d 7320
0022390 5f74 7461 6d69 742e 5f76 6573 0063 5953
00223a0 5f53 7865 6365 6576 5f20 4e5f 5f52 7865
00223b0 6365 6576 5f00 465f 544c 3231 5f38 494d
00223c0 5f4e 3031 455f 5058 5f5f 2820 342d 3339
00223d0 2931 5300 5359 735f 6769 616e 666c 3464
00223e0 5f20 4e5f 5f52 6973 6e67 6c61 6466 0034
00223f0 5a5f 534e 3674 6576 7463 726f 4e49 7453
0022400 5f37 635f 7878 3131 3231 6162 6973 5f63
0022410 7473 6972 676e 6349 7453 3131 6863 7261
0022420 745f 6172 7469 4973 4563 6153 6349 4545
0022430 5345 4961 3553 455f 4345 4534 4b52 3753
0022440 525f 534b 5f36 6900 6473 6769 7469 5f00
0022450 4c47 4249 5843 5f58 4148 4556 545f 534c
0022460 3120 4500 5845 5349 2054 3731 5f00 635f
0022470 7070 635f 6e6f 6563 7470 2073 3032 3931
0022480 3730 004c 4f46 4550 5f4e 414d 2058 3631
0022490 5f00 4e5a 7453 7636 6365 6f74 4972 5363
00224a0 4961 4563 3445 6162 6b63 7645 5f00 4e5a
00224b0 7453 3231 565f 6365 6f74 5f72 6162 6573
00224c0 6349 6153 6349 4545 3443 6d45 4b52 3053
00224d0 005f 475f 494c 4342 5858 485f 5641 5f45
00224e0 4146 5342 204c 0031 425f 5449 5f53 5954
00224f0 4550 5f53 4f4c 4143 454c 545f 485f 3120
0022500 5f00 4e5f 5f52 6973 6e67 6c61 6466 2034
0022510 3832 0039 475f 494c 4342 5858 3839 555f
0022520 4553 435f 3939 535f 4454 494c 2042 0031
0022530 4955 544e 465f 5341 3354 5f32 414d 2058
0022540 3128 3438 3634 3437 3034 3337 3037 3539
0022550 3135 3136 5535 294c 5200 4e45 4d41 5f45
0022560 4857 5449 4f45 5455 2820 2031 3c3c 3220
0022570 0029 475f 494c 4342 5858 505f 4552 4544
0022580 4946 454e 5f44 504f 5f53 2048 0031 5953
0022590 5f53 6966 696e 5f74 6f6d 7564 656c 5f20
00225a0 4e5f 5f52 6966 696e 5f74 6f6d 7564 656c
00225b0 5f00 4e5a 7453 7636 6365 6f74 4972 534e
00225c0 3774 5f5f 7863 3178 3131 6232 7361 6369
00225d0 735f 7274 6e69 4967 5363 3174 6331 6168
00225e0 5f72 7274 6961 7374 6349 5345 4961 4563
00225f0 4545 6153 5349 5f35 4545 3531 535f 755f
0022600 6573 725f 6c65 636f 7461 4565 0076 4c55
0022610 4e4f 5f47 4957 5444 2048 5f5f 4f57 4452
0022620 4953 455a 5f00 4353 4c5f 474f 4e49 4e5f
0022630 4d41 5f45 414d 2058 535f 5f43 4f4c 4947
0022640 5f4e 414e 454d 4d5f 5841 5f00 555f 4e49
0022650 5f54 454c 5341 3654 5f34 5954 4550 5f5f
0022660 6c20 6e6f 2067 6e75 6973 6e67 6465 6920
0022670 746e 4e00 5f4c 4554 5458 414d 2058 4e49
0022680 5f54 414d 0058 6562 3631 6f74 2868 2978
0022690 5f20 625f 7773 7061 315f 2036 7828 0029
00226a0 5953 5f53 6573 7274 7365 6975 2064 5f5f
00226b0 524e 735f 7465 6572 7573 6469 5f00 665f
00226c0 6f65 5f66 6e75 6f6c 6b63 6465 625f 646f
00226d0 2879 665f 2970 2820 2828 665f 2970 3e2d
00226e0 665f 616c 7367 2620 5f20 4f49 455f 464f
00226f0 535f 4545 294e 2120 203d 2930 5f00 5343
0022700 565f 5f37 4e45 2056 435f 5f53 3756 455f
0022710 564e 6f00 6570 6172 6f74 2072 7473 3a64
0022720 693a 746e 6765 6172 5f6c 6f63 736e 6174
0022730 746e 623c 6f6f 2c6c 7420 7572 3e65 3a3a
0022740 6176 756c 5f65 7974 6570 5f00 4e5a 7453
0022750 7636 6365 6f74 4972 5363 4961 4563 3645
0022760 6572 6973 657a 6d45 4b52 0063 5a5f 4b4e
0022770 7453 5f37 635f 7878 3131 3231 6162 6973
0022780 5f63 7473 6972 676e 6349 7453 3131 6863
0022790 7261 745f 6172 7469 4973 4563 6153 6349
00227a0 4545 6634 6e69 4564 4b52 3453 6d5f 5f00
00227b0 695f 6f73 3963 5f39 7776 6373 6e61 0066
00227c0 5f5f 6c67 6269 7863 5f78 6572 7571 7269
00227d0 7365 735f 726f 6574 2864 465f 7269 7473
00227e0 5f2c 614c 7473 2029 5f00 4e5a 7453 5f37
00227f0 635f 7878 3131 3231 6162 6973 5f63 7473
0022800 6972 676e 6349 7453 3131 6863 7261 745f
0022810 6172 7469 4973 4563 6153 6349 4545 6936
0022820 736e 7265 4574 394e 5f5f 6e67 5f75 7863
0022830 3178 5f37 6e5f 726f 616d 5f6c 7469 7265
0022840 7461 726f 5049 634b 3453 455f 5345 3174
0022850 6936 696e 6974 6c61 7a69 7265 6c5f 7369
0022860 4974 4563 5f00 615f 776c 7961 5f73 6e69
0022870 696c 656e 5f20 695f 6c6e 6e69 2065 5f5f
0022880 7461 7274 6269 7475 5f65 205f 2828 5f5f
0022890 6c61 6177 7379 695f 6c6e 6e69 5f65 295f
00228a0 0029 7865 6570 6972 656d 746e 6c61 5f00
00228b0 465f 544c 445f 4e45 524f 5f4d 494d 5f4e
00228c0 205f 2e31 3034 3231 3839 3634 3334 3432
00228d0 3138 3037 3037 3239 3733 3932 3835 3233
00228e0 3938 3139 3136 6533 342d 4635 5500 4f4c
00228f0 474e 4c5f 4e4f 5f47 414d 0058 5245 464f
0022900 2053 3033 5f00 4e5a 7453 3231 565f 6365
0022910 6f74 5f72 6162 6573 6349 6153 6349 4545
0022920 3231 565f 6365 6f74 5f72 6d69 6c70 3443
0022930 4f45 3053 005f 5a5f 534e 3674 6576 7463
0022940 726f 4e49 7453 5f37 635f 7878 3131 3231
0022950 6162 6973 5f63 7473 6972 676e 6349 7453
0022960 3131 6863 7261 745f 6172 7469 4973 4563
0022970 6153 6349 4545 5345 4961 3553 455f 4345
0022980 4534 534f 5f37 4b52 3653 005f 4441 5f4a
0022990 5345 4554 5252 524f 3020 3078 3030 0038
00229a0 4441 5f4a 464f 5346 5445 535f 5f53 4552
00229b0 4441 3020 6178 3030 0031 5f63 7473 0072
00229c0 5f5f 7461 7274 615f 6363 7365 2873 2978
00229d0 5f20 615f 7474 6972 7562 6574 5f5f 2820
00229e0 5f28 615f 6363 7365 5f73 205f 2978 0029
00229f0 5f5f 5f53 4649 4944 2052 3030 3034 3030
0022a00 0030 535f 4148 4552 5f44 5450 5f52 2048
0022a10 0031 5f5f 4e47 4355 505f 4552 4552 2851
0022a20 616d 2c6a 696d 296e 2820 5f28 475f 554e
0022a30 5f43 205f 3c3c 3120 2936 2b20 5f20 475f
0022a40 554e 5f43 494d 4f4e 5f52 205f 3d3e 2820
0022a50 6d28 6a61 2029 3c3c 3120 2936 2b20 2820
0022a60 696d 296e 0029 5f5f 524e 665f 6c61 6f6c
0022a70 6163 6574 3220 3538 5300 5359 745f 6d69
0022a80 7365 5f20 4e5f 5f52 6974 656d 0073 475f
0022a90 494c 4342 5858 575f 4952 4554 4d5f 4d45
0022aa0 425f 5241 4952 5245 5f20 615f 6f74 696d
0022ab0 5f63 6874 6572 6461 665f 6e65 6563 2820
0022ac0 5f5f 5441 4d4f 4349 525f 4c45 4145 4553
0022ad0 0029 505f 534f 5849 5f32 4552 445f 5055
0022ae0 4d5f 5841 3220 3535 5500 4e49 5f54 454c
0022af0 5341 3354 5f32 4957 5444 2048 3233 5f00
0022b00 4e5f 5f52 6f63 6e6e 6365 2074 3234 5f00
0022b10 445f 4c42 485f 5341 515f 4955 5445 4e5f
0022b20 4e41 5f5f 3120 5f00 4e5a 7453 3231 565f
0022b30 6365 6f74 5f72 6162 6573 6349 6153 6349
0022b40 4545 3231 565f 6365 6f74 5f72 6d69 6c70
0022b50 3443 4f45 3253 005f 5f5f 5441 4d4f 4349
0022b60 525f 4c45 4145 4553 3320 5f00 4c5f 4244
0022b70 5f4c 4148 5f53 4544 4f4e 4d52 5f5f 3120
0022b80 3100 5f31 6d5f 7362 6174 6574 745f 5300
0022b90 5359 755f 6573 696c 2062 5f5f 524e 755f
0022ba0 6573 696c 0062 5f5f 6f6e 6d72 6c61 695f
0022bb0 6574 6172 6f74 3c72 6863 7261 6320 6e6f
0022bc0 7473 2c2a 7320 6474 3a3a 6576 7463 726f
0022bd0 633c 6168 2c72 7320 6474 3a3a 6c61 6f6c
0022be0 6163 6f74 3c72 6863 7261 203e 203e 003e
0022bf0 5f5f 5355 5f45 4946 454c 4f5f 4646 4553
0022c00 3654 0034 434c 475f 4f4c 4142 5f4c 4f4c
0022c10 4143 454c 2820 6c28 636f 6c61 5f65 2974
0022c20 2d20 4c31 0029 7265 6f72 5f72 7974 6570
0022c30 5f00 615f 7474 6972 7562 6574 6e5f 6e6f
0022c40 756e 6c6c 5f5f 7028 7261 6d61 2973 5f20
0022c50 615f 7474 6972 7562 6574 5f5f 2820 5f28
0022c60 6e5f 6e6f 756e 6c6c 5f5f 7020 7261 6d61
0022c70 2973 0029 5450 5248 4145 5f44 4552 5543
0022c80 5352 5649 5f45 554d 4554 5f58 4e49 5449
0022c90 4149 494c 455a 5f52 504e 7b20 7b20 5f20
0022ca0 505f 4854 4552 4441 4d5f 5455 5845 495f
0022cb0 494e 4954 4c41 5a49 5245 2820 5450 5248
0022cc0 4145 5f44 554d 4554 5f58 4552 5543 5352
0022cd0 5649 5f45 504e 2029 207d 007d 5f5f 6c67
0022ce0 6269 7863 5f78 6964 6967 7374 625f 5428
0022cf0 422c 2029 4228 2d20 5f20 675f 696c 6362
0022d00 7878 735f 6769 656e 5f64 2062 5428 422c
0022d10 2929 5f00 5f4d 6572 6c70 6361 0065 435f
0022d20 6168 5472 5f00 535f 5a49 4f45 5f46 4c46
0022d30 414f 3854 5f30 205f 3631 5f00 4e5a 7453
0022d40 3231 565f 6365 6f74 5f72 6162 6573 6349
0022d50 6153 6349 4545 3443 7645 7600 6365 6f74
0022d60 3c72 7473 3a64 5f3a 635f 7878 3131 3a3a
0022d70 6162 6973 5f63 7473 6972 676e 633c 6168
0022d80 2c72 7320 6474 3a3a 6863 7261 745f 6172
0022d90 7469 3c73 6863 7261 2c3e 7320 6474 3a3a
0022da0 6c61 6f6c 6163 6f74 3c72 6863 7261 203e
0022db0 2c3e 7320 6474 3a3a 6c61 6f6c 6163 6f74
0022dc0 3c72 7473 3a64 5f3a 635f 7878 3131 3a3a
0022dd0 6162 6973 5f63 7473 6972 676e 633c 6168
0022de0 2c72 7320 6474 3a3a 6863 7261 745f 6172
0022df0 7469 3c73 6863 7261 2c3e 7320 6474 3a3a
0022e00 6c61 6f6c 6163 6f74 3c72 6863 7261 203e
0022e10 203e 203e 003e 505f 5453 5f4c 5250 4741
0022e20 414d 535f 4d49 2044 505f 5453 5f4c 5250
0022e30 4741 414d 6f28 706d 7320 6d69 2964 5f00
0022e40 4e5f 5f52 6f69 7270 6f69 675f 7465 3220
0022e50 3235 5f00 4e5f 5f52 6f69 7270 6f69 735f
0022e60 7465 3220 3135 5f00 555f 4553 505f 534f
0022e70 5849 3931 3539 3630 3120 6900 746e 665f
0022e80 6172 5f63 6964 6967 7374 5f00 505f 4152
0022e90 4d47 5f41 4552 4544 4946 454e 455f 5458
0022ea0 414e 454d 3120 5f00 4e5f 5f52 736c 7465
0022eb0 6178 7474 2072 3831 0039 6377 6e73 6163
0022ec0 0074 5450 5248 4145 5f44 4e4f 4543 495f
0022ed0 494e 2054 0030 5a5f 4b4e 7453 3731 6162
0022ee0 6973 5f63 7473 6972 676e 765f 6569 4977
0022ef0 5363 3174 6331 6168 5f72 7274 6961 7374
0022f00 6349 4545 6334 6e65 4564 0076 5f5f 524e
0022f10 6d5f 6962 646e 3220 3733 5300 495f 4753
0022f20 4449 5f20 535f 495f 4753 4449 5f00 4e5f
0022f30 5f52 6572 6461 6861 6165 2064 3831 0037
0022f40 475f 4854 4552 4441 555f 4553 4d5f 5455
0022f50 5845 545f 4d49 4445 4f4c 4b43 3120 4500
0022f60 4341 4543 2053 3331 5300 5359 635f 6f6c
0022f70 6b63 615f 6a64 6974 656d 5f20 4e5f 5f52
0022f80 6c63 636f 5f6b 6461 746a 6d69 0065 665f
0022f90 6c69 6e65 006f 5f5f 444c 4c42 445f 4749
0022fa0 5f5f 3120 0038 5450 5248 4145 5f44 5453
0022fb0 4341 5f4b 494d 204e 5f5f 7973 6373 6e6f
0022fc0 2066 5f28 535f 5f43 4854 4552 4441 535f
0022fd0 4154 4b43 4d5f 4e49 565f 4c41 4555 0029
0022fe0 535f 5f43 5f32 4250 5f53 454d 5353 4741
0022ff0 2045 535f 5f43 5f32 4250 5f53 454d 5353
0023000 4741 0045 5f5f 524e 705f 656b 5f79 7266
0023010 6565 3320 3133 5f00 465f 544c 3231 5f38
0023020 4148 5f53 4544 4f4e 4d52 5f5f 3120 5f00
0023030 535f 5a49 4f45 5f46 4e49 3154 3832 5f5f
0023040 3120 0036 535f 5f43 5953 5453 4d45 445f
0023050 5441 4241 5341 5f45 2052 535f 5f43 5953
0023060 5453 4d45 445f 5441 4241 5341 5f45 0052
0023070 535f 5f43 5f32 4250 5f53 5254 4341 204b
0023080 535f 5f43 5f32 4250 5f53 5254 4341 004b
0023090 5f5f 524e 735f 7465 6572 6975 2064 3131
00230a0 0033 5f5f 524e 735f 7465 6967 2064 3031
00230b0 0036 5f5f 7063 5f70 696c 5f62 7274 6e61
00230c0 6673 726f 616d 6974 6e6f 745f 6172 7469
00230d0 615f 696c 7361 7365 3220 3130 3033 0034
00230e0 535f 4c54 565f 4345 4f54 5f52 2048 0031
00230f0 5f5f 7066 736f 745f 6d00 6c61 6f6c 0063
0023100 5f5f 4244 5f4c 5045 4953 4f4c 5f4e 205f
0023110 6f64 6275 656c 3228 322e 3032 3434 3036
0023120 3934 3532 3330 3331 3830 3830 3734 3632
0023130 3333 3633 3831 3631 3034 3236 2d65 3631
0023140 294c 7100 6f75 0074 475f 494c 4342 5858
0023150 495f 4f43 564e 435f 4e4f 5453 0020 5f5f
0023160 524e 665f 696c 7473 6178 7474 2072 3931
0023170 0036 435f 6168 5f72 6c61 6f6c 5f63 7974
0023180 6570 7000 6874 6572 6461 635f 656c 6e61
0023190 7075 705f 706f 6528 6578 7563 6574 2029
00231a0 5f5f 6c63 7266 6d61 2e65 5f5f 6573 6474
00231b0 696f 2074 6528 6578 7563 6574 3b29 7d20
00231c0 7720 6968 656c 2820 2930 5f00 5343 505f
00231d0 534f 5849 565f 5f36 4957 5444 5f48 4552
00231e0 5453 4952 5443 4445 455f 564e 2053 435f
00231f0 5f53 3656 575f 4449 4854 525f 5345 5254
0023200 4349 4554 5f44 4e45 5356 5f00 4c47 4249
0023210 5843 5f58 4148 4556 535f 4d59 4556 5f52
0023220 5953 424d 4c4f 525f 4e45 4d41 4e49 5f47
0023230 5552 544e 4d49 5f45 5553 5050 524f 2054
0023240 0031 5a5f 4b4e 7453 3731 6162 6973 5f63
0023250 7473 6972 676e 765f 6569 4977 5363 3174
0023260 6331 6168 5f72 7274 6961 7374 6349 4545
0023270 3231 6966 646e 6c5f 7361 5f74 666f 5045
0023280 634b 6d6d 5f00 675f 696c 6362 7878 6c5f
0023290 6e6f 5f67 6f64 6275 656c 745f 6e69 6e79
00232a0 7365 5f73 6562 6f66 6572 5f00 4e5f 5f52
00232b0 6573 5f74 656d 706d 6c6f 6369 2079 3332
00232c0 0038 535f 5f43 5254 4341 5f45 5953 5f53
00232d0 414d 2058 535f 5f43 5254 4341 5f45 5953
00232e0 5f53 414d 0058 5f5f 4953 455a 545f 5059
00232f0 5f45 205f 6f6c 676e 7520 736e 6769 656e
0023300 2064 6e69 0074 5953 5f53 7375 6174 2074
0023310 5f5f 524e 755f 7473 7461 5300 5359 755f
0023320 736e 6168 6572 5f20 4e5f 5f52 6e75 6873
0023330 7261 0065 5953 5f53 6974 656d 5f72 7263
0023340 6165 6574 5f20 4e5f 5f52 6974 656d 5f72
0023350 7263 6165 6574 5f00 4e5f 5f52 6f66 6b72
0023360 3520 0037 505f 534f 5849 415f 4752 4d5f
0023370 5841 3420 3930 0036 4b45 5945 5845 4950
0023380 4552 2044 3231 0037 435f 5f53 4f50 4953
0023390 5f58 3656 495f 504c 3233 4f5f 4646 3233
00233a0 4c5f 4249 2053 435f 5f53 4f50 4953 5f58
00233b0 3656 495f 504c 3233 4f5f 4646 3233 4c5f
00233c0 4249 0053 5f5f 7473 7461 6369 695f 696e
00233d0 6974 6c61 7a69 7461 6f69 5f6e 6e61 5f64
00233e0 6564 7473 7572 7463 6f69 5f6e 0030 475f
00233f0 494c 4342 5858 475f 4854 4552 4441 555f
0023400 4553 575f 4145 204b 0030 525f 4e41 4547
0023410 5f53 4d43 5f50 2048 0031 5f5f 4544 4943
0023420 414d 5f4c 4942 5f44 4f46 4d52 5441 5f5f
0023430 3120 5f00 465f 544c 3231 5f38 4944 5f47
0023440 205f 3333 5f00 4e5a 534b 3174 6237 7361
0023450 6369 735f 7274 6e69 5f67 6976 7765 6349
0023460 7453 3131 6863 7261 745f 6172 7469 4973
0023470 4563 3745 6f63 706d 7261 4565 6d6d 4b50
0023480 0063 5a5f 534e 3774 5f5f 7863 3178 3131
0023490 6232 7361 6369 735f 7274 6e69 4967 5363
00234a0 3174 6331 6168 5f72 7274 6961 7374 6349
00234b0 5345 4961 4563 3945 535f 615f 7373 6769
00234c0 456e 6350 636d 5f00 555f 4553 585f 504f
00234d0 4e45 4b32 5838 4953 3120 4300 4148 4352
00234e0 414c 5353 4e5f 4d41 5f45 414d 2058 3032
00234f0 3834 4e00 5f4f 454d 5353 4741 2045 4544
0023500 4146 4c55 5f54 5245 5f52 534d 0047 5f5f
0023510 524e 705f 6f72 6563 7373 765f 5f6d 6572
0023520 6461 2076 3133 0030 5953 5f53 6572 616e
0023530 656d 7461 5f20 4e5f 5f52 6572 616e 656d
0023540 7461 5f00 455f 4358 5045 4954 4e4f 5f5f
0023550 0020 5a5f 4b4e 7453 5f37 635f 7878 3131
0023560 3231 6162 6973 5f63 7473 6972 676e 6349
0023570 7453 3131 6863 7261 745f 6172 7469 4973
0023580 4563 6153 6349 4545 3231 6966 646e 6c5f
0023590 7361 5f74 666f 6345 006d 475f 494c 4342
00235a0 5858 485f 5641 5f45 5953 4c4d 4e49 204b
00235b0 0031 475f 494c 4342 5858 485f 5641 5f45
00235c0 5441 4e41 204c 0031 4843 5241 4d5f 4e49
00235d0 5320 4843 5241 4d5f 4e49 5f00 675f 696c
00235e0 6362 7878 645f 6769 7469 3173 2830 2954
00235f0 5f20 675f 696c 6362 7878 645f 6769 7469
0023600 3173 5f30 2062 5428 202c 6973 657a 666f
0023610 5428 2029 202a 5f5f 4843 5241 425f 5449
0023620 5f5f 0029 7369 7577 7070 7265 5f00 5f53
0023630 756e 6c6c 5f00 4c47 4249 5843 5f58 5355
0023640 5f45 4547 5f54 504e 4f52 5343 3120 5f00
0023650 4c47 4249 5843 5f58 4148 4556 535f 495f
0023660 5253 4745 3120 5f00 495f 544e 4c5f 4145
0023670 5453 3233 4d5f 5841 5f5f 3020 3778 6666
0023680 6666 6666 0066 5953 5f53 7574 6378 6c61
0023690 206c 5f5f 524e 745f 7875 6163 6c6c 5f00
00236a0 695f 6f6e 3436 745f 645f 6665 6e69 6465
00236b0 0020 4d5f 735f 7274 5f00 675f 6874 7772
00236c0 2832 616e 656d 6e2c 6d61 3265 742c 7079
00236d0 2965 0020 4544 4146 4c55 5f54 5245 5f52
00236e0 534d 2047 4e22 204f 454d 5353 4741 2045
00236f0 5250 564f 4449 4445 0022 5453 5441 5f58
0023700 5441 4d49 2045 7830 3030 3030 3030 3032
0023710 0055 5a5f 4b4e 7453 3731 6162 6973 5f63
0023720 7473 6972 676e 765f 6569 4977 5363 3174
0023730 6331 6168 5f72 7274 6961 7374 6349 4545
0023740 6337 6d6f 6170 6572 5345 5f32 5f00 4e5f
0023750 5f52 6567 5f74 656b 6e72 6c65 735f 6d79
0023760 2073 3731 0037 5953 5f53 6177 7469 2034
0023770 5f5f 524e 775f 6961 3474 5f00 4c47 4249
0023780 5843 3258 5f30 4e49 5449 4928 2029 203d
0023790 0049 5f5f 4357 4148 5f52 414d 2058 5f5f
00237a0 4357 4148 5f52 414d 5f58 005f 5f5f 4446
00237b0 535f 5445 6428 732c 2029 2828 6f76 6469
00237c0 2029 5f28 465f 5344 425f 5449 2053 7328
00237d0 5b29 5f5f 4446 455f 544c 6428 5d29 7c20
00237e0 203d 5f5f 4446 4d5f 5341 284b 2964 2929
00237f0 4300 4148 5f52 414d 2058 4353 4148 5f52
0023800 414d 0058 535f 5f43 454c 4556 314c 495f
0023810 4143 4843 5f45 5341 4f53 2043 535f 5f43
0023820 454c 4556 314c 495f 4143 4843 5f45 5341
0023830 4f53 0043 5953 5f53 6572 7663 6d6d 6773
0023840 5f20 4e5f 5f52 6572 7663 6d6d 6773 5f00
0023850 495f 544e 4c5f 4145 5453 3233 575f 4449
0023860 4854 5f5f 3320 0032 5f5f 5f53 4649 4552
0023870 2047 3130 3030 3030 0030 5450 5248 4145
0023880 5f44 4143 434e 4c45 445f 5349 4241 454c
0023890 5020 4854 4552 4441 435f 4e41 4543 5f4c
00238a0 4944 4153 4c42 0045 5f5f 4450 5f50 4e45
00238b0 4944 4e41 3320 3134 0032 435f 5f53 4f50
00238c0 4953 5f58 3756 495f 504c 3233 4f5f 4646
00238d0 4942 5f47 494c 5342 5f20 5343 505f 534f
00238e0 5849 565f 5f37 4c49 3350 5f32 464f 4246
00238f0 4749 4c5f 4249 0053 5953 5f53 6366 6f68
0023900 6e77 5f20 4e5f 5f52 6366 6f68 6e77 5f00
0023910 4e5f 5f52 6c63 736f 2065 0033 475f 494c
0023920 4342 5858 485f 5641 5f45 5551 4349 5f4b
0023930 5845 5449 3120 5500 4e49 3854 4d5f 5841
0023940 2820 3532 2935 5f00 705f 7475 5f63 6e75
0023950 6f6c 6b63 6465 625f 646f 2879 635f 2c68
0023960 665f 2970 2820 5f5f 6c67 6269 5f63 6e75
0023970 696c 656b 796c 2820 5f28 7066 2d29 5f3e
0023980 4f49 775f 6972 6574 705f 7274 3e20 203d
0023990 5f28 7066 2d29 5f3e 4f49 775f 6972 6574
00239a0 655f 646e 2029 203f 5f5f 766f 7265 6c66
00239b0 776f 2820 665f 2c70 2820 6e75 6973 6e67
00239c0 6465 6320 6168 2972 2820 635f 2968 2029
00239d0 203a 7528 736e 6769 656e 2064 6863 7261
00239e0 2029 2a28 5f28 7066 2d29 5f3e 4f49 775f
00239f0 6972 6574 705f 7274 2b2b 3d20 2820 635f
0023a00 2968 2929 5f00 4e5f 5f52 6567 7374 636f
0023a10 6e6b 6d61 2065 3135 5f00 4e5f 5f52 6f6d
0023a20 6e75 5f74 6573 6174 7474 2072 3434 0032
0023a30 5a5f 4b4e 7453 7636 6365 6f74 4972 5363
0023a40 4961 4563 3445 6164 6174 7645 4c00 5f43
0023a50 5443 5059 5f45 414d 4b53 2820 2031 3c3c
0023a60 5f20 4c5f 5f43 5443 5059 2945 5f00 555f
0023a70 4e49 5f54 4146 5453 5f38 5954 4550 5f5f
0023a80 7520 736e 6769 656e 2064 6863 7261 4500
0023a90 5349 414e 204d 3231 0030 5f5f 7369 656c
0023aa0 7061 7928 6165 2972 2820 7928 6165 2972
0023ab0 2520 3420 3d20 203d 2030 2626 2820 7928
0023ac0 6165 2972 2520 3120 3030 2120 203d 2030
0023ad0 7c7c 2820 6579 7261 2029 2025 3034 2030
0023ae0 3d3d 3020 2929 5f00 535f 4454 545f 5059
0023af0 2045 7974 6570 6564 0066 5a5f 534e 3774
0023b00 5f5f 7863 3178 3131 6232 7361 6369 735f
0023b10 7274 6e69 4967 5363 3174 6331 6168 5f72
0023b20 7274 6961 7374 6349 5345 4961 4563 3945
0023b30 4d5f 615f 7070 6e65 4564 4b50 6d63 5f00
0023b40 4f5f 4646 545f 545f 5059 2045 5f5f 5953
0023b50 4353 4c41 5f4c 4c53 4e4f 5f47 5954 4550
0023b60 5f00 4e5a 7453 7636 6365 6f74 4972 534e
0023b70 3774 5f5f 7863 3178 3131 6232 7361 6369
0023b80 735f 7274 6e69 4967 5363 3174 6331 6168
0023b90 5f72 7274 6961 7374 6349 5345 4961 4563
0023ba0 4545 6153 5349 5f35 4545 3431 4d5f 665f
0023bb0 6c69 5f6c 7361 6973 6e67 6d45 4b52 3553
0023bc0 005f 5f5f 7461 7274 6269 7475 5f65 6f6e
0023bd0 6e69 696c 656e 5f5f 5f20 615f 7474 6972
0023be0 7562 6574 5f5f 2820 5f28 6e5f 696f 6c6e
0023bf0 6e69 5f65 295f 0029 535f 655f 7272 726f
0023c00 625f 6461 6572 6570 7461 5f00 4e5a 7453
0023c10 3631 6e69 7469 6169 696c 657a 5f72 696c
0023c20 7473 4e49 7453 5f37 635f 7878 3131 3231
0023c30 6162 6973 5f63 7473 6972 676e 6349 7453
0023c40 3131 6863 7261 745f 6172 7469 4973 4563
0023c50 6153 6349 4545 4545 3443 5045 534b 5f35
0023c60 006d 5f5f 7063 5f70 696c 5f62 6966 656c
0023c70 7973 7473 6d65 3220 3130 3037 0033 505f
0023c80 534f 5849 565f 4944 4153 4c42 2045 5c27
0023c90 2730 5f00 4c47 4249 5843 5f58 5341 4e41
0023ca0 415f 4e4e 544f 5441 5f45 4552 4e49 5449
0023cb0 7700 7363 636e 706d 5f00 4b5f 5945 545f
0023cc0 545f 5059 2045 5f5f 3353 5f32 5954 4550
0023cd0 5f00 695f 746e 6c5f 6165 7473 3631 745f
0023ce0 5000 4854 4552 4441 505f 4f52 4543 5353
0023cf0 535f 4148 4552 2044 5450 5248 4145 5f44
0023d00 5250 434f 5345 5f53 4853 5241 4445 5f00
0023d10 575f 524f 5344 5a49 2045 3436 5f00 4e5a
0023d20 534b 3774 5f5f 7863 3178 3131 6232 7361
0023d30 6369 735f 7274 6e69 4967 5363 3174 6331
0023d40 6168 5f72 7274 6961 7374 6349 5345 4961
0023d50 4563 3145 5f35 5f4d 6863 6365 5f6b 656c
0023d60 676e 6874 6d45 506d 634b 5f00 4e5f 5f52
0023d70 6f69 675f 7465 7665 6e65 7374 3220 3830
0023d80 5300 5359 6d5f 6e6b 646f 5f20 4e5f 5f52
0023d90 6b6d 6f6e 0064 535f 5f43 4544 4956 4543
0023da0 535f 4550 4943 4946 5f43 2052 535f 5f43
0023db0 4544 4956 4543 535f 4550 4943 4946 5f43
0023dc0 0052 4d5f 6c5f 6e65 5f00 7449 7265 7461
0023dd0 726f 4300 4f4c 454e 465f 2053 7830 3030
0023de0 3030 3230 3030 5f00 535f 4454 5f43 4549
0023df0 5f43 3535 5f39 205f 0031 535f 5254 4355
0023e00 5f54 4954 454d 5053 4345 3120 5f00 4c47
0023e10 4249 5843 5f58 4148 4556 455f 5058 204c
0023e20 0031 6966 646e 6c5f 7361 5f74 6f6e 5f74
0023e30 666f 4400 4c45 5941 4954 454d 5f52 414d
0023e40 2058 3132 3734 3834 3633 3734 5f00 445f
0023e50 4345 3436 4d5f 4e41 5f54 4944 5f47 205f
0023e60 3631 5f00 4e5a 7453 3231 565f 6365 6f74
0023e70 5f72 6162 6573 6349 6153 6349 4545 3931
0023e80 4d5f 675f 7465 545f 5f70 6c61 6f6c 6163
0023e90 6f74 4572 0076 5f5f 4c47 4249 5f43 5355
0023ea0 5f45 4549 5f43 3036 3535 5f39 5546 434e
0023eb0 5f53 5845 5f54 3243 2058 0031 5f5f 4e49
0023ec0 5f54 4146 5453 3436 545f 5059 5f45 205f
0023ed0 6f6c 676e 6920 746e 7300 7465 7562 0066
0023ee0 6d74 795f 6165 0072 6f74 695f 746e 745f
0023ef0 7079 0065 535f 5f43 454d 4c4d 434f 204b
0023f00 535f 5f43 454d 4c4d 434f 004b 5f5f 4e49
0023f10 5f54 4146 5453 3631 4d5f 5841 5f5f 3020
0023f20 3778 6666 6666 6666 6666 6666 6666 6666
0023f30 4c66 5f00 4353 545f 4d49 5245 2053 535f
0023f40 5f43 4954 454d 5352 5f00 485f 5641 5f45
0023f50 4c46 414f 3154 3832 555f 4c4e 4b49 5f45
0023f60 444c 4c42 2820 5f5f 4148 4556 445f 5349
0023f70 4954 434e 5f54 4c46 414f 3154 3832 2620
0023f80 2026 5f5f 444c 4c42 4d5f 4e41 5f54 4944
0023f90 5f47 205f 3d21 3120 3331 0029 505f 534f
0023fa0 5849 4c5f 4e49 5f4b 414d 2058 0038 535f
0023fb0 5359 535f 4c45 4345 5f54 2048 0031 6567
0023fc0 7774 6863 7261 5f00 5944 414e 494d 5f43
0023fd0 5453 4341 5f4b 4953 455a 535f 554f 4352
0023fe0 0045 5a5f 4b4e 5f39 675f 756e 635f 7878
0023ff0 3731 5f5f 6f6e 6d72 6c61 695f 6574 6172
0024000 6f74 4972 4b50 4e63 7453 5f37 635f 7878
0024010 3131 3231 6162 6973 5f63 7473 6972 676e
0024020 6349 7453 3131 6863 7261 745f 6172 7469
0024030 4973 4563 6153 6349 4545 4545 7869 6c45
0024040 7700 7363 636e 7970 5f00 465f 544c 3233
0024050 485f 5341 515f 4955 5445 4e5f 4e41 5f5f
0024060 3120 5f00 4e5a 7453 7636 6365 6f74 4972
0024070 5363 4961 4563 3645 7361 6973 6e67 6d45
0024080 4b52 0063 505f 534f 5849 4d5f 4d45 4f4c
0024090 4b43 525f 4e41 4547 3220 3030 3038 4c39
00240a0 5f00 4e5a 7453 7636 6365 6f74 4972 5363
00240b0 4961 4563 3845 6f70 5f70 6162 6b63 7645
00240c0 5300 495f 4253 4b4c 6d28 646f 2965 5f20
00240d0 535f 495f 5453 5059 2845 6d28 646f 2965
00240e0 202c 5f5f 5f53 4649 4c42 294b 5f00 765f
00240f0 6c61 6575 5f00 645f 6f73 685f 6e61 6c64
0024100 0065 5f5f 524e 6e5f 6e61 736f 656c 7065
0024110 3320 0035 4f45 4556 4652 4f4c 2057 3537
0024120 5f00 4e5a 534b 3774 5f5f 7863 3178 3131
0024130 6232 7361 6369 735f 7274 6e69 4967 5363
0024140 3174 6331 6168 5f72 7274 6961 7374 6349
0024150 5345 4961 4563 3145 7331 6174 7472 5f73
0024160 6977 6874 5045 634b 5f00 4f49 455f 5252
0024170 535f 4545 204e 7830 3030 3032 5300 5359
0024180 705f 6f72 6563 7373 6d5f 6572 656c 7361
0024190 2065 5f5f 524e 705f 6f72 6563 7373 6d5f
00241a0 6572 656c 7361 0065 475f 494c 4342 5858
00241b0 475f 4155 4452 505f 4e45 4944 474e 425f
00241c0 5449 5f20 675f 6175 6472 745f 7365 5f74
00241d0 6962 2074 3128 202c 2931 5300 5359 745f
00241e0 6d69 2065 5f5f 524e 745f 6d69 0065 5f5f
00241f0 6c67 6269 5f63 6f66 7472 6669 2879 2c66
0024200 5f5f 2c6c 5f5f 2c73 5f5f 736f 2c7a 2e2e
0024210 292e 2820 5f5f 6c67 6269 5f63 6173 6566
0024220 6f5f 5f72 6e75 6e6b 776f 5f6e 656c 206e
0024230 5f28 6c5f 202c 5f5f 2c73 5f20 6f5f 7a73
0024240 2029 203f 5f5f 2320 2023 2066 2323 5f20
0024250 6c61 6169 2073 5f28 565f 5f41 5241 5347
0024260 5f5f 2029 203a 5f28 675f 696c 6362 755f
0024270 736e 6661 5f65 656c 206e 5f28 6c5f 202c
0024280 5f5f 2c73 5f20 6f5f 7a73 2029 203f 5f5f
0024290 2320 2023 2066 2323 5f20 6863 5f6b 6177
00242a0 6e72 2820 5f5f 4156 415f 4752 5f53 2c5f
00242b0 5f20 6f5f 7a73 2029 203a 5f5f 2320 2023
00242c0 2066 2323 5f20 6863 206b 5f28 565f 5f41
00242d0 5241 5347 5f5f 202c 5f5f 736f 297a 2929
00242e0 5f00 4e5a 7453 5f37 635f 7878 3131 3231
00242f0 6162 6973 5f63 7473 6972 676e 6349 7453
0024300 3131 6863 7261 745f 6172 7469 4973 4563
0024310 6153 6349 4545 6635 6f72 746e 7645 5f00
0024320 5343 4c5f 5346 3436 435f 4c46 4741 2053
0024330 435f 5f53 464c 3653 5f34 4643 414c 5347
0024340 5f00 535f 4749 415f 4f54 494d 5f43 5954
0024350 4550 5f5f 6920 746e 4500 4441 5244 4e49
0024360 5355 2045 3839 5f00 4e5f 5f52 6970 6f76
0024370 5f74 6f72 746f 3120 3535 5f00 635f 7070
0024380 6c5f 6269 675f 6e65 7265 6369 615f 7373
0024390 636f 6169 6974 6576 6c5f 6f6f 756b 2070
00243a0 3032 3331 3430 5f00 4e5f 5f52 7466 7572
00243b0 636e 7461 2065 3737 5f00 5443 5059 5f45
00243c0 2048 0031 5f5f 4544 3643 5f34 494d 5f4e
00243d0 5845 5f50 205f 2d28 3833 2932 5f00 4e5f
00243e0 5f52 6361 6563 7470 3420 0033 5953 5f53
00243f0 6170 7375 2065 5f5f 524e 705f 7561 6573
0024400 5f00 465f 544c 3436 4e5f 524f 5f4d 414d
0024410 5f58 205f 2e31 3937 3637 3339 3331 3834
0024420 3236 3133 3735 3830 3431 3235 3437 3332
0024430 3337 3731 3430 3533 6537 332b 3830 3646
0024440 0034 4e45 414f 4f4e 3520 0035 5f5f 4c46
0024450 5f54 4544 4943 414d 5f4c 4944 5f47 205f
0024460 0039 475f 494c 4342 5858 555f 4553 465f
0024470 4843 4f4d 2044 0031 5f5f 5453 4344 555f
0024480 4654 315f 5f36 205f 0031 5f5f 4955 5f44
0024490 5f54 5954 4550 5f20 555f 3233 545f 5059
00244a0 0045 4e45 4d4f 4d45 3120 0032 425f 5449
00244b0 5f53 4553 4a54 504d 485f 3120 5f00 4f50
00244c0 4953 5f58 5250 4f49 4952 5954 535f 4843
00244d0 4445 4c55 4e49 2047 3032 3830 3930 004c
00244e0 4e57 484f 4e41 2047 0031 7067 6f5f 6666
00244f0 6573 0074 5a5f 534e 3674 6576 7463 726f
0024500 6349 6153 6349 4545 3132 4d5f 645f 6665
0024510 7561 746c 695f 696e 6974 6c61 7a69 4565
0024520 006d 5f5f 524e 705f 7265 6f73 616e 696c
0024530 7974 3120 3533 5f00 4c47 4249 5843 5f58
0024540 4148 4556 535f 5359 535f 5444 485f 3120
0024550 5f00 555f 4e49 5f54 454c 5341 3654 5f34
0024560 414d 5f58 205f 7830 6666 6666 6666 6666
0024570 6666 6666 6666 6666 4c55 5f00 4c47 4249
0024580 5843 5f58 4152 474e 5f45 4341 4543 5353
0024590 485f 3120 5f00 4e5f 5f52 6873 636d 6c74
00245a0 3320 0031 5f5f 7461 7274 6269 7475 5f65
00245b0 6f63 736e 5f74 205f 5f5f 7461 7274 6269
00245c0 7475 5f65 205f 2828 5f5f 6f63 736e 5f74
00245d0 295f 0029 5f5f 7461 7274 6269 7475 5f65
00245e0 6f66 6d72 7461 735f 7274 6d66 6e6f 5f5f
00245f0 6128 622c 2029 5f5f 7461 7274 6269 7475
0024600 5f65 205f 2828 5f5f 6f66 6d72 7461 5f5f
0024610 2820 5f5f 7473 6672 6f6d 5f6e 2c5f 6120
0024620 202c 2962 2929 5f00 4f50 4953 5f58 3756
0024630 4c5f 4250 4749 4f5f 4646 4942 2047 312d
0024640 5f00 4c47 4249 5843 5f58 564c 4c41 525f
0024650 4645 515f 4155 204c 0026 5a5f 534e 3774
0024660 5f5f 7863 3178 3131 6232 7361 6369 735f
0024670 7274 6e69 4967 5363 3174 6331 6168 5f72
0024680 7274 6961 7374 6349 5345 4961 4563 3145
0024690 5f32 6c41 6f6c 5f63 6968 6564 4372 4534
00246a0 6350 534f 5f33 6d00 6e6f 745f 6f68 7375
00246b0 6e61 7364 735f 7065 5f00 495f 544e 4e5f
00246c0 5428 5059 2945 7420 6d65 6c70 7461 3c65
00246d0 203e 7473 7572 7463 5f20 695f 5f73 6e69
00246e0 6574 6567 3c72 5954 4550 203e 207b 6e65
00246f0 6d75 7b20 5f20 765f 6c61 6575 3d20 3120
0024700 7d20 203b 7974 6570 6564 2066 5f5f 7274
0024710 6575 745f 7079 2065 5f5f 7974 6570 203b
0024720 3b7d 7420 6d65 6c70 7461 3c65 203e 7473
0024730 7572 7463 5f20 695f 5f73 6e69 6574 6567
0024740 3c72 6e75 6973 6e67 6465 5420 5059 3e45
0024750 7b20 6520 756e 206d 207b 5f5f 6176 756c
0024760 2065 203d 2031 3b7d 7420 7079 6465 6665
0024770 5f20 745f 7572 5f65 7974 6570 5f20 745f
0024780 7079 3b65 7d20 003b 5542 5346 5a49 3820
0024790 3931 0032 505f 5453 5f4c 5250 4741 414d
00247a0 535f 4d49 5f44 4552 5544 5443 4f49 284e
00247b0 5250 294d 5f20 5350 4c54 505f 4152 4d47
00247c0 2841 6d6f 2070 6973 646d 7220 6465 6375
00247d0 6974 6e6f 5028 4d52 2929 5f00 4e5a 7453
00247e0 3231 565f 6365 6f74 5f72 6162 6573 6349
00247f0 6153 6349 4545 3443 5245 534b 5f30 5f00
0024800 475f 4343 485f 5641 5f45 5953 434e 435f
0024810 4d4f 4150 4552 415f 444e 535f 4157 5f50
0024820 2038 0031 6f74 6c77 776f 7265 5f00 475f
0024830 4343 495f 4345 355f 3935 3220 5f00 4c5f
0024840 5f43 4954 454d 3220 5f00 535f 4454 5f43
0024850 494c 494d 5f54 414d 5243 534f 0020 505f
0024860 534f 5849 505f 5441 5f48 414d 2058 3532
0024870 0036 5a5f 394e 5f5f 6e67 5f75 7863 3178
0024880 6e33 7765 615f 6c6c 636f 7461 726f 4e49
0024890 7453 5f37 635f 7878 3131 3231 6162 6973
00248a0 5f63 7473 6972 676e 6349 7453 3131 6863
00248b0 7261 745f 6172 7469 4973 4563 6153 6349
00248c0 4545 4545 6138 6c6c 636f 7461 4565 506d
00248d0 764b 6e00 7765 615f 6c6c 636f 7461 726f
00248e0 5f00 5f5f 6e69 5f74 6973 657a 745f 685f
00248f0 0020 5a5f 4b4e 7453 5f37 635f 7878 3131
0024900 3231 6162 6973 5f63 7473 6972 676e 6349
0024910 7453 3131 6863 7261 745f 6172 7469 4973
0024920 4563 6153 6349 4545 6634 6e69 4564 4b50
0024930 6d63 6600 706f 6e65 5f00 4f50 4953 5f58
0024940 4552 4547 5058 3120 4500 5349 4944 2052
0024950 3132 5f00 5845 5f54 4c41 4f4c 5f43 5254
0024960 4941 5354 485f 3120 5f00 4e5a 534b 3174
0024970 6936 696e 6974 6c61 7a69 7265 6c5f 7369
0024980 4974 534e 3774 5f5f 7863 3178 3131 6232
0024990 7361 6369 735f 7274 6e69 4967 5363 3174
00249a0 6331 6168 5f72 7274 6961 7374 6349 5345
00249b0 4961 4563 4545 3445 6973 657a 7645 5000
00249c0 4854 4552 4441 545f 5248 4145 5344 4d5f
00249d0 5841 5f00 4e5f 5f52 616c 646e 6f6c 6b63
00249e0 635f 6572 7461 5f65 7572 656c 6573 2074
00249f0 3434 0034 4c43 4e4f 5f45 4553 5454 534c
0024a00 3020 3078 3030 3038 3030 0030 5f5f 5341
0024a10 5f4d 4547 454e 4952 5f43 4f50 4953 5f58
0024a20 5954 4550 5f53 2048 5f00 5350 4c54 535f
0024a30 5254 4e49 5f47 5541 2858 2978 2320 0078
0024a40 4544 4146 4c55 5f54 414e 4f4e 535f 4345
0024a50 4e4f 0044 5a5f 4b4e 7453 3731 6162 6973
0024a60 5f63 7473 6972 676e 765f 6569 4977 5363
0024a70 3174 6331 6168 5f72 7274 6961 7374 6349
0024a80 4545 6635 6f72 746e 7645 5f00 465f 544c
0024a90 4d5f 5841 5f5f 3320 342e 3230 3238 3433
0024aa0 3636 3833 3235 3838 3935 3138 3731 3430
0024ab0 3831 3433 3438 3135 3936 3532 2b65 3833
0024ac0 0046 5a5f 4b4e 7453 7636 6365 6f74 4972
0024ad0 534e 3774 5f5f 7863 3178 3131 6232 7361
0024ae0 6369 735f 7274 6e69 4967 5363 3174 6331
0024af0 6168 5f72 7274 6961 7374 6349 5345 4961
0024b00 4563 4545 6153 5349 5f35 4545 7869 6d45
0024b10 5f00 465f 544c 3231 5f38 4148 5f53 5551
0024b20 4549 5f54 414e 5f4e 205f 0031 5f5f 4953
0024b30 455a 464f 465f 4f4c 5441 3231 5f38 205f
0024b40 3631 5f00 755f 646e 6665 4c5f 4e49 5f4b
0024b50 414d 0058 5f5f 6c67 6269 7863 5f78 6f64
0024b60 6275 656c 685f 7361 645f 6e65 726f 5f6d
0024b70 6f6c 7373 5f00 675f 696c 6362 7878 645f
0024b80 756f 6c62 5f65 6974 796e 656e 7373 625f
0024b90 6665 726f 2065 6166 736c 0065 475f 494c
0024ba0 4342 5858 485f 5641 5f45 4154 464e 3120
0024bb0 5f00 475f 554e 4c5f 4249 4152 5952 5f5f
0024bc0 3620 5f00 4c47 4249 5843 5f58 4148 4556
0024bd0 575f 5343 4f54 2046 0031 425f 5449 5f53
0024be0 4357 4148 5f52 2048 0031 6975 746e 665f
0024bf0 7361 3874 745f 5f00 665f 3233 2878 2978
0024c00 7820 5f00 5f4d 7265 7361 0065 5f5f 6e69
0024c10 7074 7274 745f 645f 6665 6e69 6465 0020
0024c20 5f5f 7063 5f70 6f63 736e 6574 7078 5f72
0024c30 7964 616e 696d 5f63 6c61 6f6c 2063 3032
0024c40 3931 3730 004c 475f 494c 4342 5858 485f
0024c50 5641 5f45 4c50 5441 4f46 4d52 575f 4941
0024c60 2054 0031 5953 5f53 6567 6974 6974 656d
0024c70 2072 5f5f 524e 675f 7465 7469 6d69 7265
0024c80 5f00 4e5f 5f52 6e75 696c 6b6e 7461 3220
0024c90 3336 5f00 5250 4e49 4654 4e5f 4e41 4c5f
0024ca0 4e45 4d5f 5841 3420 5f00 4f58 4550 5f4e
0024cb0 5058 3247 3120 5f00 4e5a 534b 3674 6576
0024cc0 7463 726f 4e49 7453 5f37 635f 7878 3131
0024cd0 3231 6162 6973 5f63 7473 6972 676e 6349
0024ce0 7453 3131 6863 7261 745f 6172 7469 4973
0024cf0 4563 6153 6349 4545 5345 4961 3553 455f
0024d00 3845 6163 6170 6963 7974 7645 5f00 475f
0024d10 4854 4552 4441 5f53 5843 3058 2058 0031
0024d20 636c 6e6f 0076 5f5f 4c46 414f 5f54 4f57
0024d30 4452 4f5f 4452 5245 5f20 425f 5459 5f45
0024d40 524f 4544 0052 5f5f 4d4d 5f58 205f 0031
0024d50 5953 5f53 6573 6874 736f 6e74 6d61 2065
0024d60 5f5f 524e 735f 7465 6f68 7473 616e 656d
0024d70 4c00 5f43 454d 5353 4741 5345 5f20 4c5f
0024d80 5f43 454d 5353 4741 5345 5f00 4e5a 7453
0024d90 7636 6365 6f74 4972 5363 4961 4563 3745
0024da0 6572 6573 7672 4565 006d 4f48 5453 4e5f
0024db0 4d41 5f45 414d 2058 3436 4500 4958 5f54
0024dc0 5553 4343 5345 2053 0030 4950 4550 425f
0024dd0 4655 3420 3930 0036 5f5f 4347 5f43 5341
0024de0 5f4d 4c46 4741 4f5f 5455 5550 5354 5f5f
0024df0 3120 4300 5550 435f 554f 544e 535f 7328
0024e00 7465 6973 657a 632c 7570 6573 7074 2029
0024e10 5f5f 5043 5f55 4f43 4e55 5f54 2053 7328
0024e20 7465 6973 657a 202c 7063 7375 7465 2970
0024e30 5f00 4350 535f 4e59 5f43 4f49 5f20 4350
0024e40 535f 4e59 5f43 4f49 5f00 5953 4353 4c41
0024e50 5f4c 2048 0031 4f4c 474e 4c5f 4e4f 5f47
0024e60 494d 004e 4957 5346 4749 414e 454c 2844
0024e70 7473 7461 7375 2029 5f5f 4957 5346 4749
0024e80 414e 454c 2044 7328 6174 7574 2973 5f00
0024e90 4c47 4249 5843 5f58 4f43 434e 5045 5354
0024ea0 3120 5f00 5350 4c54 435f 5050 3731 455f
0024eb0 4558 5543 4954 4e4f 505f 4c4f 4349 4549
0024ec0 5f53 5250 5345 4e45 2054 5f28 534d 5f43
0024ed0 4556 2052 3d3e 3120 3139 2932 6600 6567
0024ee0 7074 736f 5f00 4e5a 7453 7636 6365 6f74
0024ef0 4972 534e 3774 5f5f 7863 3178 3131 6232
0024f00 7361 6369 735f 7274 6e69 4967 5363 3174
0024f10 6331 6168 5f72 7274 6961 7374 6349 5345
0024f20 4961 4563 4545 6153 5349 5f35 4545 6234
0024f30 6361 456b 0076 5f5f 4955 544e 465f 5341
0024f40 3354 5f32 5954 4550 5f5f 6c20 6e6f 2067
0024f50 6e75 6973 6e67 6465 6920 746e 5f00 5f4d
0024f60 6964 6a73 6e75 7463 5f00 4e5f 5f52 6974
0024f70 656d 5f72 6567 7474 6d69 2065 3232 0034
0024f80 4957 544e 575f 4449 4854 3320 0032 535f
0024f90 5f43 4353 4148 5f52 494d 204e 535f 5f43
0024fa0 4353 4148 5f52 494d 004e 5f5f 7063 5f70
0024fb0 7473 7572 7463 7275 6465 625f 6e69 6964
0024fc0 676e 2073 3032 3631 3630 004c 5f5f 4947
0024fd0 5f44 5f54 5954 4550 5f20 555f 3233 545f
0024fe0 5059 0045 4353 4548 5f44 544f 4548 2052
0024ff0 0030 7369 7077 6e75 7463 5f00 635f 7070
0025000 695f 696e 5f74 6163 7470 7275 7365 3220
0025010 3130 3038 4c33 5f00 4e5a 7453 3131 6863
0025020 7261 745f 6172 7469 4973 4563 3131 7165
0025030 695f 746e 745f 7079 4565 4b52 5369 5f32
0025040 5f00 4c47 4249 5843 5f58 4148 4556 535f
0025050 5254 4e49 5f47 2048 0031 5f5f 7473 7461
0025060 0065 5953 5f53 6b6d 6964 6172 2074 5f5f
0025070 524e 6d5f 646b 7269 7461 5f00 535f 5a49
0025080 4f45 5f46 5450 5248 4145 5f44 5752 4f4c
0025090 4b43 545f 3520 0036 5f5f 524e 725f 5f74
00250a0 6973 7067 6f72 6d63 7361 206b 3431 5f00
00250b0 415f 4d53 414e 454d 6328 616e 656d 2029
00250c0 5f5f 5341 4e4d 4d41 3245 2820 5f5f 5355
00250d0 5245 4c5f 4241 4c45 505f 4552 4946 5f58
00250e0 2c5f 6320 616e 656d 0029 415f 4c4c 434f
00250f0 5441 4445 505f 5254 485f 3120 6400 6365
0025100 746c 7079 2865 756e 6c6c 7470 2972 5f00
0025110 4c47 4249 5843 5f58 454d 5f4d 4e46 545f
0025120 4152 5449 0053 5f5f 4c46 3354 5f32 494d
0025130 5f4e 205f 2e31 3731 3435 3439 3533 3830
0025140 3232 3832 3537 3730 3639 3738 3633 3335
0025150 3237 3232 3432 3635 6538 332d 4638 3233
0025160 5f00 4350 565f 4944 4153 4c42 2045 505f
0025170 5f43 4456 5349 4241 454c 5f00 4e5a 7453
0025180 5f37 635f 7878 3131 3231 6162 6973 5f63
0025190 7473 6972 676e 6349 7453 3131 6863 7261
00251a0 745f 6172 7469 4973 4563 6153 6349 4545
00251b0 3443 7645 5f00 505f 4854 4552 4441 525f
00251c0 4c57 434f 5f4b 4c45 5349 4f49 5f4e 5845
00251d0 5254 2041 2c30 7b20 3020 202c 2c30 3020
00251e0 202c 2c30 3020 202c 2c30 3020 7d20 5f00
00251f0 495f 544e 414d 5f58 5954 4550 5f5f 6c20
0025200 6e6f 2067 6e69 0074 5a5f 534e 3774 5f5f
0025210 7863 3178 3131 6232 7361 6369 735f 7274
0025220 6e69 4967 5363 3174 6331 6168 5f72 7274
0025230 6961 7374 6349 5345 4961 4563 3145 5f33
0025240 5f4d 6f6c 6163 5f6c 6164 6174 7645 5f00
0025250 5341 5f4d 4547 454e 4952 5f43 5245 4e52
0025260 5f4f 4142 4553 485f 0020 535f 5f43 504e
0025270 4f52 4543 5353 524f 5f53 4e4f 4e4c 5f20
0025280 4353 4e5f 5250 434f 5345 4f53 5352 4f5f
0025290 4c4e 004e 5953 5f53 7770 6972 6574 2076
00252a0 5f5f 524e 705f 7277 7469 7665 5f00 4c47
00252b0 4249 5843 5f58 5245 4f52 5f52 4f43 534e
00252c0 4154 544e 2053 0031 5f53 4649 4944 2052
00252d0 5f5f 5f53 4649 4944 0052 4d5f 615f 7272
00252e0 7961 5f00 4e5a 7453 7636 6365 6f74 4972
00252f0 534e 3774 5f5f 7863 3178 3131 6232 7361
0025300 6369 735f 7274 6e69 4967 5363 3174 6331
0025310 6168 5f72 7274 6961 7374 6349 5345 4961
0025320 4563 4545 6153 5349 5f35 4545 3431 4d5f
0025330 695f 736e 7265 5f74 7672 6c61 4e45 5f39
0025340 675f 756e 635f 7878 3731 5f5f 6f6e 6d72
0025350 6c61 695f 6574 6172 6f74 4972 4b50 3553
0025360 535f 5f37 4545 534f 5f35 5f00 4f50 4953
0025370 5f58 4854 4552 4441 4b5f 5945 5f53 414d
0025380 2058 3231 0038 5f5f 7063 5f70 696c 5f62
0025390 7274 6e61 7073 7261 6e65 5f74 706f 7265
00253a0 7461 726f 2073 3032 3531 3031 5f00 495f
00253b0 544e 3233 545f 5059 5f45 205f 6e69 0074
00253c0 706f 7265 7461 726f 5d5b 5f00 4e5a 534b
00253d0 3174 6237 7361 6369 735f 7274 6e69 5f67
00253e0 6976 7765 6349 7453 3131 6863 7261 745f
00253f0 6172 7469 4973 4563 3145 6637 6e69 5f64
0025400 6966 7372 5f74 6f6e 5f74 666f 5345 5f32
0025410 006d 5043 5f55 4c43 2852 7063 2c75 7063
0025420 7375 7465 2970 5f20 435f 5550 435f 524c
0025430 535f 2820 7063 2c75 7320 7a69 6f65 2066
0025440 6328 7570 735f 7465 745f 2c29 6320 7570
0025450 6573 7074 0029 575f 4843 5241 545f 445f
0025460 4645 4e49 4445 205f 5300 5359 735f 7465
0025470 6d5f 6d65 6f70 696c 7963 5f20 4e5f 5f52
0025480 6573 5f74 656d 706d 6c6f 6369 0079 5f4c
0025490 7463 7265 696d 2064 0039 5f5f 6c70 7461
00254a0 6f66 6d72 775f 6961 5f74 6c61 6769 6d6e
00254b0 6e65 0074 6e69 6574 7267 6c61 635f 6e6f
00254c0 7473 6e61 3c74 6f62 6c6f 202c 6166 736c
00254d0 3e65 5300 5359 725f 5f74 6973 7367 7375
00254e0 6570 646e 5f20 4e5f 5f52 7472 735f 6769
00254f0 7573 7073 6e65 0064 535f 5f43 454c 4556
0025500 334c 435f 4341 4548 415f 5353 434f 5f20
0025510 4353 4c5f 5645 4c45 5f33 4143 4843 5f45
0025520 5341 4f53 0043 475f 494c 4342 5858 485f
0025530 5641 5f45 5542 4c49 4954 5f4e 5349 535f
0025540 4d41 2045 0031 5a5f 4b4e 7453 7636 6365
0025550 6f74 4972 534e 3774 5f5f 7863 3178 3131
0025560 6232 7361 6369 735f 7274 6e69 4967 5363
0025570 3174 6331 6168 5f72 7274 6961 7374 6349
0025580 5345 4961 4563 4545 6153 5349 5f35 4545
0025590 6635 6f72 746e 7645 5f00 4c47 4249 5843
00255a0 5f58 4148 4556 445f 464c 4e43 485f 3120
00255b0 7600 5f61 7473 7261 2874 2c76 296c 5f20
00255c0 625f 6975 746c 6e69 765f 5f61 7473 7261
00255d0 2874 2c76 296c 5f00 4c47 4249 5843 5f58
00255e0 4e45 5f44 5845 4554 4e52 435f 7d20 5f00
00255f0 4c47 4249 5843 5f58 4148 4556 475f 5445
0025600 0053 5f5f 6962 7774 7369 5f65 205f 5000
0025610 4854 4552 4441 535f 4f43 4550 505f 4f52
0025620 4543 5353 5020 4854 4552 4441 535f 4f43
0025630 4550 505f 4f52 4543 5353 5f00 485f 5641
0025640 5f45 4c46 414f 3654 2034 0031 535f 5f43
0025650 4c4e 4d5f 4753 414d 2058 535f 5f43 4c4e
0025660 4d5f 4753 414d 0058 5f5f 4c46 3654 5834
0025670 445f 4e45 524f 5f4d 494d 5f4e 205f 2e33
0025680 3436 3135 3939 3335 3831 3238 3734 3634
0025690 3230 3235 3438 3530 3339 3633 3931 3134
00256a0 3839 6532 342d 3539 4631 3436 0078 475f
00256b0 494c 4342 5858 555f 4553 4c5f 5453 5441
00256c0 3120 7200 6d65 766f 5f65 7573 6666 7869
00256d0 7700 7363 6163 0074 475f 494c 4342 5858
00256e0 485f 5641 5f45 4f4c 3147 4630 3120 5f00
00256f0 465f 544c 485f 5341 515f 4955 5445 4e5f
0025700 4e41 5f5f 3120 5f00 4e5f 5f52 616e 656d
0025710 745f 5f6f 6168 646e 656c 615f 2074 3033
0025720 0033 535f 5f43 4258 3553 495f 504c 3233
0025730 4f5f 4646 3233 5f20 4353 585f 5342 5f35
0025740 4c49 3350 5f32 464f 3346 0032 4c43 534f
0025750 5f45 4152 474e 5f45 4e55 4853 5241 2045
0025760 3128 2055 3c3c 3120 0029 475f 494c 4342
0025770 5858 485f 5641 5f45 5341 535f 4d59 4556
0025780 5f52 4944 4552 5443 5649 2045 0031 475f
0025790 494c 4342 5858 435f 4357 5954 4550 3120
00257a0 5f00 4353 535f 4950 5f4e 4f4c 4b43 2053
00257b0 535f 5f43 5053 4e49 4c5f 434f 534b 5f00
00257c0 435f 4f4c 4b43 545f 545f 5059 2045 5f5f
00257d0 5953 4353 4c41 5f4c 4c53 4e4f 5f47 5954
00257e0 4550 5f00 4353 415f 4f49 4c5f 5349 4954
00257f0 5f4f 414d 2058 535f 5f43 4941 5f4f 494c
0025800 5453 4f49 4d5f 5841 7200 6265 6e69 3c64
0025810 7473 3a64 5f3a 635f 7878 3131 3a3a 6162
0025820 6973 5f63 7473 6972 676e 633c 6168 2c72
0025830 7320 6474 3a3a 6863 7261 745f 6172 7469
0025840 3c73 6863 7261 2c3e 7320 6474 3a3a 6c61
0025850 6f6c 6163 6f74 3c72 6863 7261 203e 203e
0025860 003e 5a5f 534e 3774 5f5f 7863 3178 3131
0025870 6232 7361 6369 735f 7274 6e69 4967 5363
0025880 3174 6331 6168 5f72 7274 6961 7374 6349
0025890 5345 4961 4563 7045 454c 4b52 3453 005f
00258a0 6572 6f6d 6576 5f00 4e5a 534b 3674 6576
00258b0 7463 726f 4e49 7453 5f37 635f 7878 3131
00258c0 3231 6162 6973 5f63 7473 6972 676e 6349
00258d0 7453 3131 6863 7261 745f 6172 7469 4973
00258e0 4563 6153 6349 4545 5345 4961 3553 455f
00258f0 3445 6162 6b63 7645 5300 5359 6d5f 646b
0025900 7269 5f20 4e5f 5f52 6b6d 6964 0072 5f5f
0025910 524e 665f 6361 6563 7373 7461 3220 3936
0025920 5f00 495f 504c 3233 4f5f 4646 4942 5f47
0025930 4643 414c 5347 2220 6d2d 3233 2d20 5f44
0025940 414c 4752 4645 4c49 5f45 4f53 5255 4543
0025950 2d20 5f44 4946 454c 4f5f 4646 4553 5f54
0025960 4942 5354 363d 2234 5500 4843 5241 4d5f
0025970 5841 2820 4353 4148 5f52 414d 2058 202a
0025980 2032 202b 2931 4e00 4446 4942 5354 5f20
0025990 4e5f 4446 4942 5354 5f00 5453 4144 4752
00259a0 485f 0020 5f5f 4244 5f4c 494d 5f4e 3031
00259b0 455f 5058 5f5f 2820 332d 3730 0029 7473
00259c0 6672 6974 656d 4100 4a44 4f5f 4646 4553
00259d0 5f54 4953 474e 454c 4853 544f 3020 3878
00259e0 3030 0031 5a5f 534e 3774 5f5f 7863 3178
00259f0 3131 6232 7361 6369 735f 7274 6e69 4967
0025a00 5363 3174 6331 6168 5f72 7274 6961 7374
0025a10 6349 5345 4961 4563 3645 6e69 6573 7472
0025a20 6d45 4b52 3453 6d5f 006d 5f5f 6e69 3374
0025a30 5f32 0074 5f5f 4144 4444 5f52 5f54 5954
0025a40 4550 5f20 535f 3233 545f 5059 0045 5a5f
0025a50 534e 3174 5f32 6556 7463 726f 625f 7361
0025a60 4965 534e 3774 5f5f 7863 3178 3131 6232
0025a70 7361 6369 735f 7274 6e69 4967 5363 3174
0025a80 6331 6168 5f72 7274 6961 7374 6349 5345
0025a90 4961 4563 4545 6153 5349 5f35 4545 3731
0025aa0 565f 6365 6f74 5f72 6d69 6c70 645f 7461
0025ab0 4361 4534 534f 5f38 5f00 4e5a 7453 5f37
0025ac0 635f 7878 3131 3231 6162 6973 5f63 7473
0025ad0 6972 676e 6349 7453 3131 6863 7261 745f
0025ae0 6172 7469 4973 4563 6153 6349 4545 3031
0025af0 4d5f 725f 7065 616c 6563 6d45 506d 634b
0025b00 006d 5f5f 4f43 504d 5241 465f 5f4e 2054
0025b10 5300 5359 735f 7465 725f 626f 7375 5f74
0025b20 696c 7473 5f20 4e5f 5f52 6573 5f74 6f72
0025b30 7562 7473 6c5f 7369 0074 5a5f 534e 3174
0025b40 6331 6168 5f72 7274 6961 7374 6349 3445
0025b50 6f63 7970 5045 5063 634b 006d 475f 494c
0025b60 4342 5858 535f 4454 4f49 535f 4545 5f4b
0025b70 4e45 2044 0032 5f5f 6c67 6269 5f63 696c
0025b80 656b 796c 6328 6e6f 2964 5f20 625f 6975
0025b90 746c 6e69 655f 7078 6365 2074 2828 6f63
0025ba0 646e 2c29 3120 0029 4945 5244 204d 3334
0025bb0 5f00 4e5f 5f52 6573 7274 696c 696d 2074
0025bc0 3631 0030 505f 534f 5849 545f 4152 4543
0025bd0 495f 484e 5245 5449 2d20 0031 5a5f 4b4e
0025be0 5f39 675f 756e 635f 7878 3731 5f5f 6f6e
0025bf0 6d72 6c61 695f 6574 6172 6f74 4972 6350
0025c00 534e 3774 5f5f 7863 3178 3131 6232 7361
0025c10 6369 735f 7274 6e69 4967 5363 3174 6331
0025c20 6168 5f72 7274 6961 7374 6349 5345 4961
0025c30 4563 4545 6945 4578 006c 5454 5f59 414e
0025c40 454d 4d5f 5841 3320 0032 5953 5f53 6572
0025c50 6461 6861 6165 2064 5f5f 524e 725f 6165
0025c60 6164 6568 6461 5f00 735f 7274 6375 5f74
0025c70 6d74 645f 6665 6e69 6465 3120 5f00 5f4d
0025c80 7563 7272 6e65 0074 5a5f 4b4e 7453 3631
0025c90 6e69 7469 6169 696c 657a 5f72 696c 7473
0025ca0 6349 3545 6562 6967 456e 0076 5f5f 444c
0025cb0 4c42 525f 4445 5249 6e28 6d61 2c65 7270
0025cc0 746f 296f 6e20 6d61 2065 7270 746f 006f
0025cd0 475f 494c 4342 5858 485f 5641 5f45 4553
0025ce0 5543 4552 475f 5445 4e45 2056 0031 7473
0025cf0 6372 6c6f 006c 5953 5f53 7865 6365 6576
0025d00 7461 5f20 4e5f 5f52 7865 6365 6576 7461
0025d10 5f00 4e5a 5f39 675f 756e 635f 7878 3731
0025d20 5f5f 6f6e 6d72 6c61 695f 6574 6172 6f74
0025d30 4972 4b50 4e63 7453 5f37 635f 7878 3131
0025d40 3231 6162 6973 5f63 7473 6972 676e 6349
0025d50 7453 3131 6863 7261 745f 6172 7469 4973
0025d60 4563 6153 6349 4545 4545 7070 6945 5f00
0025d70 4544 4146 4c55 5f54 4f53 5255 4543 3120
0025d80 5f00 4c47 4249 5843 5f58 4552 4547 2058
0025d90 0031 5a5f 394e 5f5f 6e67 5f75 7863 3178
0025da0 5f37 6e5f 726f 616d 5f6c 7469 7265 7461
0025db0 726f 5049 634b 534e 3774 5f5f 7863 3178
0025dc0 3131 6232 7361 6369 735f 7274 6e69 4967
0025dd0 5363 3174 6331 6168 5f72 7274 6961 7374
0025de0 6349 5345 4961 4563 4545 7045 4570 0076
0025df0 435f 5f53 464c 3653 5f34 494c 544e 4c46
0025e00 4741 2053 435f 5f53 464c 3653 5f34 494c
0025e10 544e 4c46 4741 0053 6f5f 646c 6f5f 6666
0025e20 6573 0074 4e49 4d54 5841 4d5f 5841 2820
0025e30 5f5f 4e49 3654 5f34 2843 3239 3332 3733
0025e40 3032 3633 3538 3734 3537 3038 2937 0029
0025e50 535f 5f43 4556 5352 4f49 204e 535f 5f43
0025e60 4556 5352 4f49 004e 5f5f 6c67 6269 5f63
0025e70 6f66 7472 6669 5f79 286e 2c66 5f5f 2c6c
0025e80 5f5f 2c73 5f5f 736f 2c7a 2e2e 292e 2820
0025e90 5f5f 6c67 6269 5f63 6173 6566 6f5f 5f72
0025ea0 6e75 6e6b 776f 5f6e 656c 206e 5f28 6c5f
0025eb0 202c 5f5f 2c73 5f20 6f5f 7a73 2029 203f
0025ec0 5f5f 2320 2023 2066 2323 5f20 6c61 6169
0025ed0 2073 5f28 565f 5f41 5241 5347 5f5f 2029
0025ee0 203a 5f28 675f 696c 6362 755f 736e 6661
0025ef0 5f65 656c 206e 5f28 6c5f 202c 5f5f 2c73
0025f00 5f20 6f5f 7a73 2029 203f 5f5f 2320 2023
0025f10 2066 2323 5f20 6863 5f6b 6177 6e72 2820
0025f20 5f5f 4156 415f 4752 5f53 2c5f 2820 5f5f
0025f30 736f 297a 2f20 2820 5f5f 2973 2029 203a
0025f40 5f5f 2320 2023 2066 2323 5f20 6863 206b
0025f50 5f28 565f 5f41 5241 5347 5f5f 202c 5f28
0025f60 6f5f 7a73 2029 202f 5f28 735f 2929 2929
0025f70 7400 7572 5f65 7974 6570 5f00 475f 4343
0025f80 485f 5641 5f45 5953 434e 435f 4d4f 4150
0025f90 4552 415f 444e 535f 4157 5f50 2031 0031
0025fa0 5f5f 524e 625f 6b72 3120 0032 5953 5f53
0025fb0 6e69 7469 6d5f 646f 6c75 2065 5f5f 524e
0025fc0 695f 696e 5f74 6f6d 7564 656c 5f00 4c47
0025fd0 4249 5843 5f58 4148 4556 4c5f 4d49 5449
0025fe0 415f 2053 0031 5953 5f53 6373 6568 5f64
0025ff0 6567 7074 7261 6d61 5f20 4e5f 5f52 6373
0026000 6568 5f64 6567 7074 7261 6d61 5f00 4e5a
0026010 6153 4e49 7453 5f37 635f 7878 3131 3231
0026020 6162 6973 5f63 7473 6972 676e 6349 7453
0026030 3131 6863 7261 745f 6172 7469 4973 4563
0026040 6153 6349 4545 4545 3031 6564 6c61 6f6c
0026050 6163 6574 5045 3453 6d5f 4d00 444f 4d5f
0026060 4349 4f52 4120 4a44 4d5f 4349 4f52 5f00
0026070 4c47 4249 5843 5f58 4e49 4c43 4455 5f45
0026080 454e 5458 435f 485f 4145 4544 5352 0020
0026090 475f 494c 4342 5858 485f 5641 5f45 4656
00260a0 5357 4143 464e 3120 7700 7363 6863 0072
00260b0 5f5f 4e49 5f54 454c 5341 3154 5f36 4957
00260c0 5444 5f48 205f 3631 6900 6273 616c 6b6e
00260d0 5f00 4e5a 7453 5f37 635f 7878 3131 3231
00260e0 6162 6973 5f63 7473 6972 676e 6349 7453
00260f0 3131 6863 7261 745f 6172 7469 4973 4563
0026100 6153 6349 4545 3331 535f 635f 706f 5f79
0026110 6863 7261 4573 6350 394e 5f5f 6e67 5f75
0026120 7863 3178 5f37 6e5f 726f 616d 5f6c 7469
0026130 7265 7461 726f 5349 5f35 3453 455f 5345
0026140 5f38 5f00 4e5f 5f52 726c 6d65 766f 7865
0026150 7461 7274 3120 3839 5f00 4c47 4249 5843
0026160 5f58 4148 4556 465f 4e49 5449 2045 0031
0026170 4d5f 655f 6378 7065 6974 6e6f 6f5f 6a62
0026180 6365 0074 5f5f 444c 4c42 525f 4445 5249
0026190 5f32 4544 4c43 6e28 6d61 2965 0020 5f5f
00261a0 524e 705f 6c6f 206c 0037 5a5f 534e 3774
00261b0 5f5f 7863 3178 3131 6232 7361 6369 735f
00261c0 7274 6e69 4967 5363 3174 6331 6168 5f72
00261d0 7274 6961 7374 6349 5345 4961 4563 3745
00261e0 6572 6c70 6361 4565 394e 5f5f 6e67 5f75
00261f0 7863 3178 5f37 6e5f 726f 616d 5f6c 7469
0026200 7265 7461 726f 5049 634b 3453 455f 5345
0026210 5f39 6350 4153 005f 5953 5f53 616d 7664
0026220 7369 2065 5f5f 524e 6d5f 6461 6976 6573
0026230 5f00 5f4d 6863 6365 006b 5f5f 524e 635f
0026240 7061 6573 2074 3231 0036 6676 7077 6972
0026250 746e 0066 5f5f 524e 735f 6d65 7463 206c
0026260 3636 5300 5359 655f 6f70 6c6c 775f 6961
0026270 5f74 6c6f 2064 5f5f 524e 655f 6f70 6c6c
0026280 775f 6961 5f74 6c6f 0064 5f5f 4c46 3654
0026290 5834 445f 4749 5f5f 3120 0038 5f5f 3358
00262a0 5f32 5953 4353 4c41 5f4c 4942 2054 7830
00262b0 3034 3030 3030 3030 4d00 444f 4f5f 4646
00262c0 4553 2054 4441 5f4a 464f 5346 5445 5f00
00262d0 4e5a 534b 3674 6576 7463 726f 6349 6153
00262e0 6349 4545 6337 6272 6765 6e69 7645 5f00
00262f0 5f53 7270 706f 6761 7461 5f65 6e6f 735f
0026300 6177 0070 635f 7275 635f 6c6f 6d75 006e
0026310 7273 6e61 0064 5f5f 7063 5f70 6e75 6369
0026320 646f 5f65 696c 6574 6172 736c 3220 3030
0026330 3137 4c30 5f00 475f 494c 4342 555f 4553
0026340 495f 4345 365f 3530 3935 425f 5046 455f
0026350 5458 435f 5832 5f00 635f 7070 6c5f 6269
0026360 6d5f 7061 745f 7972 655f 706d 616c 6563
0026370 3220 3130 3134 0031 7376 706e 6972 746e
0026380 0066 5f5f 4c46 3354 5832 4d5f 5841 5f5f
0026390 3120 372e 3739 3936 3133 3433 3638 3332
00263a0 3531 3037 3138 3534 3732 3234 3733 3133
00263b0 3037 3334 3735 2b65 3033 4638 3233 0078
00263c0 5f5f 524e 735f 6d65 706f 3620 0035 475f
00263d0 494c 4342 5858 555f 4553 535f 5f43 504e
00263e0 4f52 4543 5353 524f 5f53 4e4f 4e4c 3120
00263f0 5f00 4e5a 5f39 675f 756e 635f 7878 3331
0026400 656e 5f77 6c61 6f6c 6163 6f74 4972 534e
0026410 3774 5f5f 7863 3178 3131 6232 7361 6369
0026420 735f 7274 6e69 4967 5363 3174 6331 6168
0026430 5f72 7274 6961 7374 6349 5345 4961 4563
0026440 4545 3145 6430 6165 6c6c 636f 7461 4565
0026450 5350 5f36 006d 5953 5f53 7566 6974 656d
0026460 6173 2074 5f5f 524e 665f 7475 6d69 7365
0026470 7461 5f00 4e5a 534b 3774 5f5f 7863 3178
0026480 3131 6232 7361 6369 735f 7274 6e69 4967
0026490 5363 3174 6331 6168 5f72 7274 6961 7374
00264a0 6349 5345 4961 4563 3745 6f63 706d 7261
00264b0 4565 6d6d 4b50 0063 5450 5248 4145 5f44
00264c0 4143 434e 4c45 415f 5953 434e 5248 4e4f
00264d0 554f 2053 5450 5248 4145 5f44 4143 434e
00264e0 4c45 415f 5953 434e 5248 4e4f 554f 0053
00264f0 5f5f 7063 5f70 696c 5f62 6863 7261 5f38
0026500 2074 3032 3931 3730 004c 475f 494c 4342
0026510 5858 4e5f 4d41 5345 4150 4543 4c5f 4244
0026520 5f4c 524f 435f 5858 3131 5f20 4c47 4249
0026530 5843 5f58 414e 454d 5053 4341 5f45 5843
0026540 3158 0031 5f5f 4157 4c4c 3020 3478 3030
0026550 3030 3030 0030 5a5f 534e 3174 6237 7361
0026560 6369 735f 7274 6e69 5f67 6976 7765 6349
0026570 7453 3131 6863 7261 745f 6172 7469 4973
0026580 4563 3145 5f30 5f53 6f63 706d 7261 4565
0026590 6d6d 5f00 675f 696c 6362 7878 665f 6f6c
00265a0 7461 745f 6e69 6e79 7365 5f73 6562 6f66
00265b0 6572 6620 6c61 6573 4500 4c41 4552 4441
00265c0 2059 3131 0034 5a5f 4b4e 7453 5f37 635f
00265d0 7878 3131 3231 6162 6973 5f63 7473 6972
00265e0 676e 6349 7453 3131 6863 7261 745f 6172
00265f0 7469 4973 4563 6153 6349 4545 6434 7461
0026600 4561 0076 5f5f 4c42 534b 5a49 5f45 5f54
0026610 5954 4550 5f20 535f 5359 4143 4c4c 535f
0026620 4f4c 474e 545f 5059 0045 5f5f 434c 4d5f
0026630 4e4f 5445 5241 2059 0034 4e49 4d54 5841
0026640 4d5f 4e49 2820 5f2d 495f 544e 3436 435f
0026650 3928 3232 3333 3237 3330 3836 3435 3737
0026660 3835 3730 2d29 2931 5f00 4c47 4249 5843
0026670 5f58 5346 4f5f 5350 485f 3120 5f00 4c5f
0026680 5f43 4c41 204c 0036 5f5f 4e49 364f 5f34
0026690 5f54 5954 4550 5f20 555f 5551 4441 545f
00266a0 5059 0045 505f 5453 5f4c 5355 4741 5f45
00266b0 4157 4e52 4e49 5347 3020 5f00 4e5f 5f52
00266c0 7366 6970 6b63 3420 3333 4500 4f4e 4e45
00266d0 2054 0032 475f 494c 4342 5858 455f 444e
00266e0 4e5f 4d41 5345 4150 4543 435f 5858 3131
00266f0 7d20 5f00 535f 5a49 4f45 5f46 5450 5248
0026700 4145 5f44 4f43 444e 5441 5254 545f 3420
0026710 7700 7363 6d63 0070 767e 6365 6f74 0072
0026720 5a5f 534e 3174 6237 7361 6369 735f 7274
0026730 6e69 5f67 6976 7765 6349 7453 3131 6863
0026740 7261 745f 6172 7469 4973 4563 3445 7773
0026750 7061 5245 3253 005f 5f5f 5346 4946 434c
0026760 544e 3436 545f 545f 5059 2045 5f5f 5155
0026770 4155 5f44 5954 4550 5f00 445f 4345 414c
0026780 4552 465f 454c 5f58 5241 4152 2859 5954
0026790 4550 4e2c 4d41 2945 7320 7274 6375 2074
00267a0 207b 7473 7572 7463 7b20 7d20 5f20 655f
00267b0 706d 7974 205f 2323 4e20 4d41 3b45 5420
00267c0 5059 2045 414e 454d 5d5b 203b 007d 5f5f
00267d0 7063 5f70 6973 657a 5f64 6564 6c61 6f6c
00267e0 6163 6974 6e6f 3220 3130 3033 4c39 7600
00267f0 6365 6f74 3c72 6863 7261 202c 7473 3a64
0026800 613a 6c6c 636f 7461 726f 633c 6168 3e72
0026810 3e20 5f00 535f 5053 535f 5254 4e4f 5f47
0026820 205f 0033 5f5f 6564 6174 6c69 5300 5359
0026830 735f 6863 6465 795f 6569 646c 5f20 4e5f
0026840 5f52 6373 6568 5f64 6979 6c65 0064 5a5f
0026850 534e 3774 5f5f 7863 3178 3131 6232 7361
0026860 6369 735f 7274 6e69 4967 5363 3174 6331
0026870 6168 5f72 7274 6961 7374 6349 5345 4961
0026880 4563 7045 454c 4b50 0063 434c 4e5f 4d41
0026890 2045 5f5f 434c 4e5f 4d41 0045 5f5f 4955
00268a0 544e 3436 4d5f 5841 5f5f 3020 6678 6666
00268b0 6666 6666 6666 6666 6666 6666 5566 004c
00268c0 5f5f 444c 4c42 4d5f 5841 5f5f 3120 312e
00268d0 3938 3337 3431 3539 3533 3237 3133 3637
00268e0 3035 3132 3632 3833 3335 3330 3930 3037
00268f0 3132 2b65 3934 3233 004c 5f5f 524e 745f
0026900 6d69 7265 6466 735f 7465 6974 656d 3220
0026910 3638 5f00 5f4d 6564 6166 6c75 5f74 6e69
0026920 7469 6169 696c 657a 7400 7079 6465 6665
0026930 5f20 765f 5f61 696c 7473 745f 6761 5f20
0026940 765f 5f61 696c 7473 745f 6761 5f00 465f
0026950 544c 3436 4d5f 4e49 315f 5f30 5845 5f50
0026960 205f 2d28 3033 2937 5300 5359 705f 656b
0026970 5f79 6c61 6f6c 2063 5f5f 524e 705f 656b
0026980 5f79 6c61 6f6c 0063 5f5f 4e49 5f54 4146
0026990 5453 3233 4d5f 5841 5f5f 3020 3778 6666
00269a0 6666 6666 6666 6666 6666 6666 4c66 5f00
00269b0 755f 6e69 3374 5f32 0074 5f5f 524e 735f
00269c0 6863 6465 675f 7465 705f 6972 726f 7469
00269d0 5f79 696d 206e 3431 0037 5f5f 524e 665f
00269e0 6e61 746f 6669 5f79 6e69 7469 3320 3030
00269f0 5300 4154 505f 5350 4157 444e 5245 3020
0026a00 3078 3034 0030 5f5f 6c61 6769 656e 5f64
0026a10 6562 3436 5f20 625f 3665 2034 5f5f 7461
0026a20 7274 6269 7475 5f65 285f 6128 696c 6e67
0026a30 6465 3828 2929 0029 5f5f 464f 3646 5f34
0026a40 5f54 5954 4550 5f20 535f 5551 4441 545f
0026a50 5059 0045 5f5f 7063 5f70 696c 5f62 6f6e
0026a60 6564 655f 7478 6172 7463 3220 3130 3036
0026a70 0036 475f 494c 4342 5858 555f 4553 4e5f
0026a80 454f 4358 5045 2054 6f6e 7865 6563 7470
0026a90 5f00 4e5a 7453 7636 6365 6f74 4972 5363
0026aa0 4961 4563 3145 5f34 5f53 6f64 725f 6c65
0026ab0 636f 7461 4565 6350 3253 535f 5f32 5352
0026ac0 5f30 7453 3731 6e69 6574 7267 6c61 635f
0026ad0 6e6f 7473 6e61 4974 4c62 3162 4545 5f00
0026ae0 4e5f 5f52 7665 6e65 6674 2064 3832 0034
0026af0 5a5f 534e 3674 6576 7463 726f 6349 6153
0026b00 6349 4545 3443 4f45 3153 005f 5450 5248
0026b10 4145 5f44 4143 434e 4c45 445f 4645 5245
0026b20 4552 2044 5450 5248 4145 5f44 4143 434e
0026b30 4c45 445f 4645 5245 4552 0044 5f5f 4c46
0026b40 3354 5832 485f 5341 515f 4955 5445 4e5f
0026b50 4e41 5f5f 3120 5300 4154 5854 435f 4954
0026b60 454d 3020 3078 3030 3030 3830 5530 5f00
0026b70 4e5a 7453 5f37 635f 7878 3131 3231 6162
0026b80 6973 5f63 7473 6972 676e 6349 7453 3131
0026b90 6863 7261 745f 6172 7469 4973 4563 6153
0026ba0 6349 4545 6434 7461 4561 0076 5953 5f53
0026bb0 6863 6964 2072 5f5f 524e 635f 6468 7269
0026bc0 5f00 695f 746e 3231 2038 6e75 6973 6e67
0026bd0 6465 4900 544e 465f 5341 3854 4d5f 5841
0026be0 2820 3231 2937 5f00 4353 4c5f 5645 4c45
0026bf0 5f34 4143 4843 5f45 494c 454e 4953 455a
0026c00 5f20 4353 4c5f 5645 4c45 5f34 4143 4843
0026c10 5f45 494c 454e 4953 455a 5800 4f5f 204b
0026c20 0031 6377 6373 7970 7300 6c65 6365 5f74
0026c30 6e6f 635f 6e6f 6174 6e69 7265 635f 706f
0026c40 5f79 6f63 736e 7274 6375 6974 6e6f 5f00
0026c50 4e5a 7453 5f37 635f 7878 3131 3231 6162
0026c60 6973 5f63 7473 6972 676e 6349 7453 3131
0026c70 6863 7261 745f 6172 7469 4973 4563 6153
0026c80 6349 4545 3031 4d5f 645f 7365 7274 796f
0026c90 6d45 4300 5550 455f 5551 4c41 535f 7328
0026ca0 7465 6973 657a 632c 7570 6573 7074 2c31
0026cb0 7063 7375 7465 3270 2029 5f5f 5043 5f55
0026cc0 5145 4155 5f4c 2053 7328 7465 6973 657a
0026cd0 202c 7063 7375 7465 3170 202c 7063 7375
0026ce0 7465 3270 0029 475f 494c 4342 5858 485f
0026cf0 5641 5f45 4c46 4f4f 4c52 3120 5f00 4353
0026d00 495f 564f 4d5f 5841 5f20 4353 495f 564f
0026d10 4d5f 5841 5f00 4e5a 534b 3774 5f5f 7863
0026d20 3178 3131 6232 7361 6369 735f 7274 6e69
0026d30 4967 5363 3174 6331 6168 5f72 7274 6961
0026d40 7374 6349 5345 4961 4563 3745 7263 6562
0026d50 6967 456e 0076 5a5f 4b4e 7453 3731 6162
0026d60 6973 5f63 7473 6972 676e 765f 6569 4977
0026d70 5363 3174 6331 6168 5f72 7274 6961 7374
0026d80 6349 4545 6533 646e 7645 5f00 4353 535f
0026d90 4953 455a 4d5f 5841 5f20 4353 535f 4953
0026da0 455a 4d5f 5841 4d00 444f 455f 5453 5245
0026db0 4f52 2052 4441 5f4a 5345 4554 5252 524f
0026dc0 5f00 4e5f 5f52 706d 6f72 6574 7463 3120
0026dd0 0030 5453 5f41 5050 4553 5252 524f 3020
0026de0 3078 3038 0030 7369 6477 6769 7469 5f00
0026df0 615f 7474 6972 7562 6574 615f 7472 6669
0026e00 6369 6169 5f6c 205f 5f5f 7461 7274 6269
0026e10 7475 5f65 205f 2828 5f5f 7261 6974 6966
0026e20 6963 6c61 5f5f 2929 5f00 5f53 616d 5f78
0026e30 6973 657a 5f00 5f54 5450 4452 4649 5f46
0026e40 0020 5953 5f53 6373 6568 5f64 6567 5f74
0026e50 7270 6f69 6972 7974 6d5f 6e69 5f20 4e5f
0026e60 5f52 6373 6568 5f64 6567 5f74 7270 6f69
0026e70 6972 7974 6d5f 6e69 5f00 4c47 4249 5843
0026e80 5f58 4542 4947 5f4e 414e 454d 5053 4341
0026e90 5f45 444c 4c42 4f5f 5f52 5843 3158 2031
0026ea0 475f 494c 4342 5858 425f 4745 4e49 4e5f
0026eb0 4d41 5345 4150 4543 435f 5858 3131 5f00
0026ec0 454d 4f4d 5952 5746 5f44 2048 0031 5a5f
0026ed0 4b4e 7453 7636 6365 6f74 4972 5363 4961
0026ee0 4563 3845 616d 5f78 6973 657a 7645 5f00
0026ef0 4e5a 534b 3174 6237 7361 6369 735f 7274
0026f00 6e69 5f67 6976 7765 6349 7453 3131 6863
0026f10 7261 745f 6172 7469 4973 4563 3845 6f63
0026f20 746e 6961 736e 5345 5f32 5f00 4c47 4249
0026f30 5843 5f58 4544 5551 5f45 5542 5f46 4953
0026f40 455a 5f00 4c47 4249 5843 5f58 4942 5354
0026f50 5445 425f 5449 5f53 4550 5f52 4f57 4452
0026f60 5f00 4e5a 7453 5f37 635f 7878 3131 3231
0026f70 6162 6973 5f63 7473 6972 676e 6349 7453
0026f80 3131 6863 7261 745f 6172 7469 4973 4563
0026f90 6153 6349 4545 3443 4e45 3453 315f 5f32
0026fa0 735f 5f76 7277 7061 6570 4572 4b52 3353
0026fb0 005f 505f 5f43 4552 5f43 4e49 5243 585f
0026fc0 4546 5f52 4953 455a 5f20 4350 525f 4345
0026fd0 495f 434e 5f52 4658 5245 535f 5a49 0045
0026fe0 5f5f 4c46 5f54 4148 5f53 4e49 4946 494e
0026ff0 5954 5f5f 3120 5f00 5341 5f4d 4547 454e
0027000 4952 5f43 5954 4550 5f53 2048 4d00 444f
0027010 535f 4154 5554 2053 4441 5f4a 5453 5441
0027020 5355 5f00 4e5a 7453 5f37 635f 7878 3131
0027030 3231 6162 6973 5f63 7473 6972 676e 6349
0027040 7453 3131 6863 7261 745f 6172 7469 4973
0027050 4563 6153 6349 4545 5f39 5f4d 7263 6165
0027060 6574 5245 6d6d 6300 6e6f 7473 725f 7665
0027070 7265 6573 695f 6574 6172 6f74 0072 5953
0027080 5f53 6573 646e 6966 656c 5f20 4e5f 5f52
0027090 6573 646e 6966 656c 5f00 4c5f 434f 5f4b
00270a0 4c41 4749 4d4e 4e45 2054 5f00 465f 544c
00270b0 3436 5f58 414d 544e 445f 4749 5f5f 3620
00270c0 0034 5f5f 6c67 6269 5f63 6e75 6173 6566
00270d0 6c5f 6e65 5f28 6c5f 5f2c 735f 5f2c 6f5f
00270e0 7a73 2029 5f28 675f 696c 6362 755f 736e
00270f0 6769 656e 5f64 726f 705f 736f 7469 7669
0027100 2065 5f28 6c5f 2029 2626 5f20 625f 6975
0027110 746c 6e69 635f 6e6f 7473 6e61 5f74 2070
0027120 5f28 675f 696c 6362 735f 6661 5f65 656c
0027130 5f6e 6f63 646e 2820 5f28 535f 5a49 5f45
0027140 5954 4550 5f5f 2029 5f28 6c5f 2c29 5f20
0027150 735f 202c 5f5f 736f 297a 2029 2626 2120
0027160 5f5f 6c67 6269 5f63 6173 6566 6c5f 6e65
0027170 635f 6e6f 2064 2828 5f5f 4953 455a 545f
0027180 5059 5f45 295f 2820 5f5f 296c 202c 5f5f
0027190 2c73 5f20 6f5f 7a73 2929 5f00 4c47 4249
00271a0 5843 5f58 5346 445f 5249 485f 3120 5f00
00271b0 4e5f 5f52 6572 616d 5f70 6966 656c 705f
00271c0 6761 7365 3220 3631 5f00 4156 4c5f 5349
00271d0 5f54 4544 4946 454e 2044 4300 4f4c 454e
00271e0 4e5f 5745 534e 3020 3078 3030 3032 3030
00271f0 0030 5f5f 6f6e 6e6e 6c75 286c 6170 6172
0027200 736d 2029 5f5f 7461 7274 6269 7475 5f65
0027210 6f6e 6e6e 6c75 5f6c 205f 7028 7261 6d61
0027220 2973 5f00 495f 544e 465f 5341 3354 5f32
0027230 4957 5444 5f48 205f 3436 5f00 635f 6e6f
0027240 7473 695f 6574 6172 6f74 0072 5a5f 4b4e
0027250 7453 3731 6162 6973 5f63 7473 6972 676e
0027260 765f 6569 4977 5363 3174 6331 6168 5f72
0027270 7274 6961 7374 6349 4545 3331 6966 646e
0027280 665f 7269 7473 6f5f 4566 6d63 5f00 4353
0027290 505f 4949 585f 4954 5f20 4353 505f 4949
00272a0 585f 4954 5f00 635f 7070 725f 6176 756c
00272b0 5f65 6572 6566 6572 636e 7365 3220 3030
00272c0 3136 4c30 5f00 635f 7070 6c5f 6269 695f
00272d0 5f73 6f6e 6874 6f72 5f77 6f63 766e 7265
00272e0 6974 6c62 2065 3032 3831 3630 004c 7369
00272f0 6f6c 6577 0072 535f 5f43 5355 5245 475f
0027300 4f52 5055 2053 535f 5f43 5355 5245 475f
0027310 4f52 5055 0053 5f5f 6c67 6269 7863 5f78
0027320 6c66 616f 5f74 7274 7061 2073 6166 736c
0027330 0065 5453 5441 5f58 4c41 204c 7830 3030
0027340 3030 6630 6666 0055 445f 5145 4555 545f
0027350 4343 3120 4300 4f4c 454e 445f 5445 4341
0027360 4548 2044 7830 3030 3034 3030 3030 5f00
0027370 5343 565f 5f36 4957 5444 5f48 4552 5453
0027380 4952 5443 4445 455f 564e 2053 435f 5f53
0027390 3656 575f 4449 4854 525f 5345 5254 4349
00273a0 4554 5f44 4e45 5356 5f00 475f 4854 4552
00273b0 4441 2053 0031 5a5f 394e 5f5f 6e67 5f75
00273c0 7863 3178 5f37 6e5f 726f 616d 5f6c 7469
00273d0 7265 7461 726f 5049 634b 534e 3774 5f5f
00273e0 7863 3178 3131 6232 7361 6369 735f 7274
00273f0 6e69 4967 5363 3174 6331 6168 5f72 7274
0027400 6961 7374 6349 5345 4961 4563 4545 6d45
0027410 456d 0069 5245 4b46 4c49 204c 3331 0032
0027420 5a5f 394e 5f5f 6e67 5f75 7863 3178 5f37
0027430 6e5f 726f 616d 5f6c 7469 7265 7461 726f
0027440 5049 634b 534e 3774 5f5f 7863 3178 3131
0027450 6232 7361 6369 735f 7274 6e69 4967 5363
0027460 3174 6331 6168 5f72 7274 6961 7374 6349
0027470 5345 4961 4563 4545 6d45 456d 0076 5f5f
0027480 524e 705f 6c72 6d69 7469 3436 3320 3230
0027490 5f00 4e5f 5043 4255 5449 2053 3828 2a20
00274a0 7320 7a69 6f65 2066 5f28 635f 7570 6d5f
00274b0 7361 296b 0029 5a5f 534e 3674 6576 7463
00274c0 726f 4e49 7453 5f37 635f 7878 3131 3231
00274d0 6162 6973 5f63 7473 6972 676e 6349 7453
00274e0 3131 6863 7261 745f 6172 7469 4973 4563
00274f0 6153 6349 4545 5345 4961 3553 455f 3845
0027500 4d5f 655f 6172 6573 4e45 5f39 675f 756e
0027510 635f 7878 3731 5f5f 6f6e 6d72 6c61 695f
0027520 6574 6172 6f74 4972 5350 5f35 3753 455f
0027530 5345 5f42 4500 4232 4749 3720 5700 5845
0027540 5449 5453 5441 5355 7328 6174 7574 2973
0027550 5f20 575f 5845 5449 5453 5441 5355 2820
0027560 7473 7461 7375 0029 5f5f 4e49 5f54 414d
0027570 5f58 205f 7830 6637 6666 6666 6666 5f00
0027580 4e5a 5f39 675f 756e 635f 7878 3431 5f5f
0027590 6c61 6f6c 5f63 7274 6961 7374 5349 4961
00275a0 534e 3774 5f5f 7863 3178 3131 6232 7361
00275b0 6369 735f 7274 6e69 4967 5363 3174 6331
00275c0 6168 5f72 7274 6961 7374 6349 5345 4961
00275d0 4563 4545 5345 5f36 3245 5f37 5f53 7270
00275e0 706f 6761 7461 5f65 6e6f 6d5f 766f 5f65
00275f0 7361 6973 6e67 7645 5f00 4e5f 5f52 736d
0027600 6767 7465 3620 0038 5f5f 7063 5f70 696c
0027610 5f62 6170 6172 6c6c 6c65 615f 676c 726f
0027620 7469 6d68 3220 3130 3036 4c33 5f00 4e5a
0027630 7453 3731 6162 6973 5f63 7473 6972 676e
0027640 765f 6569 4977 5363 3174 6331 6168 5f72
0027650 7274 6961 7374 6349 4545 3443 7645 5f00
0027660 535f 4553 5f5f 3120 5f00 4e5a 7453 6938
0027670 736f 625f 7361 3465 6e49 7469 3144 7645
0027680 5300 5359 665f 7973 636e 5f20 4e5f 5f52
0027690 7366 6e79 0063 4e49 3354 5f32 414d 2058
00276a0 3228 3431 3437 3338 3436 2937 5300 5359
00276b0 735f 7465 7270 6f69 6972 7974 5f20 4e5f
00276c0 5f52 6573 7074 6972 726f 7469 0079 5953
00276d0 5f53 6572 616e 656d 7461 2032 5f5f 524e
00276e0 725f 6e65 6d61 6165 3274 5300 5359 665f
00276f0 6863 6f6d 2064 5f5f 524e 665f 6863 6f6d
0027700 0064 5f5f 4544 3143 3832 455f 5350 4c49
0027710 4e4f 5f5f 3120 2d45 3333 4c44 5300 4154
0027720 5854 415f 5454 5f52 4f4d 4e55 5f54 4f52
0027730 544f 3020 3078 3030 3230 3030 0030 5f5f
0027740 4955 544e 414d 5f58 5954 4550 5f5f 6c20
0027750 6e6f 2067 6e75 6973 6e67 6465 6920 746e
0027760 5f00 4f50 4953 5f58 5254 4341 2045 312d
0027770 5f00 4f4c 4143 454c 435f 4e4f 5f56 2048
0027780 0031 6f6c 676e 6c20 6e6f 2067 6e75 6973
0027790 6e67 6465 6920 746e 5f00 635f 7070 675f
00277a0 6e65 7265 6369 6c5f 6d61 6462 7361 3220
00277b0 3130 3037 4c37 5f00 4c47 4249 5843 5f58
00277c0 4956 4953 4942 494c 5954 5628 2029 5f5f
00277d0 7461 7274 6269 7475 5f65 205f 2828 5f5f
00277e0 6976 6973 6962 696c 7974 5f5f 2820 5623
00277f0 2929 0029 5a5f 4b4e 7453 3731 6162 6973
0027800 5f63 7473 6972 676e 765f 6569 4977 5363
0027810 3174 6331 6168 5f72 7274 6961 7374 6349
0027820 4545 3631 6966 646e 6c5f 7361 5f74 6f6e
0027830 5f74 666f 5045 634b 006d 5f5f 524e 735f
0027840 7465 6f73 6b63 706f 2074 3435 5300 5359
0027850 725f 7365 6174 7472 735f 7379 6163 6c6c
0027860 5f20 4e5f 5f52 6572 7473 7261 5f74 7973
0027870 6373 6c61 006c 5953 5f53 6573 6974 6974
0027880 656d 2072 5f5f 524e 735f 7465 7469 6d69
0027890 7265 5f00 4e5a 7453 5f37 635f 7878 3131
00278a0 3231 6162 6973 5f63 7473 6972 676e 6349
00278b0 7453 3131 6863 7261 745f 6172 7469 4973
00278c0 4563 6153 6349 4545 6936 736e 7265 4574
00278d0 506d 634b 5f00 4f50 4953 5f58 4854 4552
00278e0 4441 2053 3032 3830 3930 004c 5f5f 7063
00278f0 5f70 696c 5f62 7473 6972 676e 755f 6c64
0027900 2073 3032 3331 3430 5f00 4e5a 7453 7636
0027910 6365 6f74 4972 5363 4961 4563 3145 7333
0027920 7268 6e69 5f6b 6f74 665f 7469 7645 5f00
0027930 4e5f 5f52 696c 7473 6e65 3520 0030 5f5f
0027940 6970 5f65 205f 0032 475f 494c 4342 5858
0027950 485f 5641 5f45 5953 5f53 4954 454d 485f
0027960 3120 5f00 535f 4154 4654 5f53 414d 4354
0027970 4548 5f53 5453 5441 5346 3436 3120 5300
0027980 5359 755f 6c6e 6e69 616b 2074 5f5f 524e
0027990 755f 6c6e 6e69 616b 0074 5a5f 4b4e 7453
00279a0 3731 6162 6973 5f63 7473 6972 676e 765f
00279b0 6569 4977 5363 3174 6331 6168 5f72 7274
00279c0 6961 7374 6349 4545 7336 6275 7473 4572
00279d0 6d6d 5f00 4c47 4249 5843 3958 5f38 5355
00279e0 5f45 3943 5f39 4f43 504d 454c 2058 0031
00279f0 5a5f 534e 3174 6136 6c6c 636f 7461 726f
0027a00 745f 6172 7469 4973 6153 4e49 7453 5f37
0027a10 635f 7878 3131 3231 6162 6973 5f63 7473
0027a20 6972 676e 6349 7453 3131 6863 7261 745f
0027a30 6172 7469 4973 4563 6153 6349 4545 4545
0027a40 3845 6c61 6f6c 6163 6574 5245 3653 6d5f
0027a50 4600 504f 4e45 4d5f 5841 5300 495f 5246
0027a60 4745 5f20 535f 495f 5246 4745 5f00 4353
0027a70 545f 4152 4543 495f 484e 5245 5449 5f20
0027a80 4353 545f 4152 4543 495f 484e 5245 5449
0027a90 4100 4a44 545f 4349 204b 7830 3034 3030
0027aa0 4900 544e 3631 4d5f 5841 2820 3233 3637
0027ab0 2937 5f00 4e5f 5f52 7472 735f 6769 6974
0027ac0 656d 7764 6961 2074 3231 0038 5f5f 524e
0027ad0 675f 7465 6975 2064 3031 0032 5f5f 7063
0027ae0 5f70 6568 5f78 6c66 616f 2074 3032 3631
0027af0 3330 004c 5f5f 6c67 6269 7863 5f78 6572
0027b00 7571 7269 7365 705f 7261 6974 6974 6e6f
0027b10 6465 755f 7070 7265 705f 6572 2864 465f
0027b20 7269 7473 5f2c 614c 7473 5f2c 6156 756c
0027b30 2c65 505f 6572 2964 0020 5a5f 534e 3674
0027b40 6576 7463 726f 4e49 7453 5f37 635f 7878
0027b50 3131 3231 6162 6973 5f63 7473 6972 676e
0027b60 6349 7453 3131 6863 7261 745f 6172 7469
0027b70 4973 4563 6153 6349 4545 5345 4961 3553
0027b80 455f 3945 7570 6873 625f 6361 456b 534f
0027b90 5f35 5f00 4942 5354 545f 5059 5345 5f5f
0027ba0 4c5f 434f 4c41 5f45 5f54 2048 0031 5f5f
0027bb0 7473 6275 635f 6668 616c 7367 0020 755f
0027bc0 756e 6573 3264 5f00 4e5a 7453 3131 6863
0027bd0 7261 745f 6172 7469 4973 4563 3131 6f74
0027be0 695f 746e 745f 7079 4565 4b52 0063 5f5f
0027bf0 524e 735f 6e65 6d64 6773 3420 0036 475f
0027c00 494c 4342 5858 4c5f 434f 4c41 2045 0031
0027c10 5f5f 524e 705f 6f72 6563 7373 6d5f 6572
0027c20 656c 7361 2065 3434 0038 706f 7265 7461
0027c30 726f 7320 6474 3a3a 6e69 6574 7267 6c61
0027c40 635f 6e6f 7473 6e61 3c74 6f62 6c6f 202c
0027c50 6166 736c 3e65 3a3a 6176 756c 5f65 7974
0027c60 6570 5f00 4f50 4953 3258 535f 5f57 4544
0027c70 2056 5f5f 4f50 4953 3258 545f 4948 5f53
0027c80 4556 5352 4f49 004e 5f5f 6c61 6769 656e
0027c90 5f64 3675 2034 5f5f 3675 2034 5f5f 7461
0027ca0 7274 6269 7475 5f65 285f 6128 696c 6e67
0027cb0 6465 3828 2929 0029 5f5f 4953 455a 464f
0027cc0 505f 4854 4552 4441 425f 5241 4952 5245
0027cd0 545f 3320 0032 5f5f 6f63 706d 7261 665f
0027ce0 5f6e 0074 5953 5f53 6572 7663 7266 6d6f
0027cf0 5f20 4e5f 5f52 6572 7663 7266 6d6f 5f00
0027d00 4c47 4249 5843 5f58 4552 5f53 494c 494d
0027d10 5354 3120 5f00 4e5f 5f52 7973 6c6d 6e69
0027d20 616b 2074 3632 0036 5a5f 534e 3674 6576
0027d30 7463 726f 4e49 7453 5f37 635f 7878 3131
0027d40 3231 6162 6973 5f63 7473 6972 676e 6349
0027d50 7453 3131 6863 7261 745f 6172 7469 4973
0027d60 4563 6153 6349 4545 5345 4961 3553 455f
0027d70 6145 4553 4b52 3753 005f 475f 494c 4342
0027d80 5858 435f 5248 4e4f 5f4f 4e49 3654 5f34
0027d90 0054 535f 5f43 4843 5241 425f 5449 5f20
0027da0 4353 435f 4148 5f52 4942 0054 5953 5f53
0027db0 7770 6972 6574 3276 5f20 4e5f 5f52 7770
0027dc0 6972 6574 3276 4300 5550 415f 444e 6428
0027dd0 7365 7374 7465 732c 6372 6573 3174 732c
0027de0 6372 6573 3274 2029 5f5f 5043 5f55 504f
0027df0 535f 2820 6973 657a 666f 2820 7063 5f75
0027e00 6573 5f74 2974 202c 6564 7473 6573 2c74
0027e10 7320 6372 6573 3174 202c 7273 7363 7465
0027e20 2c32 2620 0029 5f5f 7461 7274 6269 7475
0027e30 5f65 616d 6c6c 636f 5f5f 5f20 615f 7474
0027e40 6972 7562 6574 5f5f 2820 5f28 6d5f 6c61
0027e50 6f6c 5f63 295f 0029 5f5f 5355 5f45 494d
0027e60 4353 3120 5f00 5343 4c5f 5346 435f 4c46
0027e70 4741 2053 435f 5f53 464c 5f53 4643 414c
0027e80 5347 5f00 4c47 4249 5843 5f58 4148 4556
0027e90 415f 4f43 4653 3120 5f00 4353 4e5f 5f4c
0027ea0 414c 474e 414d 2058 535f 5f43 4c4e 4c5f
0027eb0 4e41 4d47 5841 5f00 465f 544c 455f 4156
0027ec0 5f4c 454d 4854 444f 545f 5f53 3831 3636
0027ed0 5f31 5f33 205f 0030 475f 494c 4342 5858
0027ee0 485f 5641 5f45 5453 4552 5252 524f 4c5f
0027ef0 3120 5f00 4e5f 5f52 6573 6e74 2073 3033
0027f00 0038 5f5f 6e75 6e6b 776f 5f6e 005f 475f
0027f10 494c 4342 5858 3131 555f 4553 435f 3939
0027f20 4d5f 5441 2048 0031 505f 5f43 4950 4550
0027f30 425f 4655 5f20 4350 505f 5049 5f45 5542
0027f40 0046 6566 7272 726f 4500 4142 4644 2044
0027f50 3737 5f00 4353 4e5f 5f4c 5241 4d47 5841
0027f60 5f20 4353 4e5f 5f4c 5241 4d47 5841 4500
0027f70 4552 4f4d 4554 4f49 3120 3132 4500 4f4e
0027f80 5454 2059 3532 5500 4e49 3354 5f32 4957
0027f90 5444 2048 3233 5f00 4e5a 534b 3774 5f5f
0027fa0 7863 3178 3131 6232 7361 6369 735f 7274
0027fb0 6e69 4967 5363 3174 6331 6168 5f72 7274
0027fc0 6961 7374 6349 5345 4961 4563 3545 6672
0027fd0 6e69 4564 6d63 5f00 4e5a 7453 5f37 635f
0027fe0 7878 3131 3231 6162 6973 5f63 7473 6972
0027ff0 676e 6349 7453 3131 6863 7261 745f 6172
0028000 7469 4973 4563 6153 6349 4545 6136 7373
0028010 6769 456e 4b50 6d63 4900 544e 3436 4d5f
0028020 5841 2820 5f5f 4e49 3654 5f34 2843 3239
0028030 3332 3733 3032 3633 3538 3734 3537 3038
0028040 2937 0029 5f5f 4c46 3654 5834 495f 5f53
0028050 4549 5f43 3036 3535 5f39 205f 0032 4c43
0028060 434f 5f4b 4f42 544f 4954 454d 3720 4200
0028070 5f43 4142 4553 4d5f 5841 5f20 4f50 4953
0028080 3258 425f 5f43 4142 4553 4d5f 5841 5f00
0028090 4353 555f 4f4c 474e 4d5f 5841 5f20 4353
00280a0 555f 4f4c 474e 4d5f 5841 5300 5359 6d5f
00280b0 756f 746e 735f 7465 7461 7274 5f20 4e5f
00280c0 5f52 6f6d 6e75 5f74 6573 6174 7474 0072
00280d0 5f5f 524e 665f 6d73 756f 746e 3420 3233
00280e0 5f00 4e5a 7453 3231 565f 6365 6f74 5f72
00280f0 6162 6573 6349 6153 6349 4545 3131 4d5f
0028100 615f 6c6c 636f 7461 4565 006d 5f5f 6c67
0028110 6269 5f63 626f 736a 7a69 2865 5f5f 296f
0028120 5f20 625f 736f 2820 5f5f 296f 5f00 4e5f
0028130 5f52 6573 7374 6469 3120 3231 5f00 4c47
0028140 4249 5843 5f58 4c41 4749 5f4e 2048 0031
0028150 4245 5355 2059 3631 5f00 4e5f 5f52 6573
0028160 7474 6d69 6f65 6466 7961 3120 3436 5f00
0028170 4e5a 6153 4e49 7453 5f37 635f 7878 3131
0028180 3231 6162 6973 5f63 7473 6972 676e 6349
0028190 7453 3131 6863 7261 745f 6172 7469 4973
00281a0 4563 6153 6349 4545 4545 5361 5245 534b
00281b0 5f35 5f00 475f 494c 4342 555f 4553 445f
00281c0 5045 4552 4143 4554 5f44 4353 4e41 2046
00281d0 0030 505f 534f 5849 4d5f 5841 495f 504e
00281e0 5455 3220 3535 5f00 555f 4553 495f 4f53
00281f0 3943 2039 0031 5f5f 524e 755f 736e 6168
0028200 6572 3220 3237 5f00 615f 7474 6972 7562
0028210 6574 615f 6c6c 636f 615f 696c 6e67 5f5f
0028220 7028 7261 6d61 2029 5f5f 7461 7274 6269
0028230 7475 5f65 205f 2828 5f5f 6c61 6f6c 5f63
0028240 6c61 6769 5f6e 205f 6170 6172 296d 0029
0028250 4955 544e 3631 575f 4449 4854 3120 0036
0028260 5f5f 7063 5f70 696c 5f62 616d 656b 755f
0028270 696e 7571 2065 3032 3331 3430 6e00 6c75
0028280 706c 7274 745f 5f00 4e5a 5f39 675f 756e
0028290 635f 7878 3431 5f5f 6c61 6f6c 5f63 7274
00282a0 6961 7374 5349 4961 534e 3774 5f5f 7863
00282b0 3178 3131 6232 7361 6369 735f 7274 6e69
00282c0 4967 5363 3174 6331 6168 5f72 7274 6961
00282d0 7374 6349 5345 4961 4563 4545 5345 5f36
00282e0 3145 5f37 5f53 6573 656c 7463 6f5f 5f6e
00282f0 6f63 7970 5245 534b 5f37 5f00 4353 415f
0028300 4554 4958 5f54 414d 2058 535f 5f43 5441
0028310 5845 5449 4d5f 5841 5f00 4e5f 5f52 7261
0028320 6863 705f 6372 6c74 3120 3835 5f00 5f4d
0028330 6f6c 6163 5f6c 6164 6174 5000 4854 4552
0028340 4441 445f 5345 5254 4355 4f54 5f52 5449
0028350 5245 5441 4f49 534e 5f20 4f50 4953 5f58
0028360 4854 4552 4441 445f 5345 5254 4355 4f54
0028370 5f52 5449 5245 5441 4f49 534e 5f00 4c47
0028380 4249 5843 5f58 4148 4556 455f 4558 4943
0028390 464e 5f4f 2048 0031 4c43 4e4f 5f45 4150
00283a0 4552 544e 3020 3078 3030 3830 3030 0030
00283b0 5043 5f55 5246 4545 6328 7570 6573 2974
00283c0 5f20 435f 5550 465f 4552 2045 6328 7570
00283d0 6573 2974 5f00 4c47 4249 5843 5f58 4148
00283e0 4556 415f 4953 4c4e 3120 7000 6874 6572
00283f0 6461 635f 656c 6e61 7075 705f 7375 2868
0028400 6f72 7475 6e69 2c65 7261 2967 6420 206f
0028410 207b 5f5f 7470 7268 6165 5f64 6c63 6165
0028420 756e 5f70 6c63 7361 2073 5f5f 6c63 7266
0028430 6d61 2065 7228 756f 6974 656e 202c 7261
0028440 2967 5200 4e45 4d41 5f45 5845 4843 4e41
0028450 4547 2820 2031 3c3c 3120 0029 475f 494c
0028460 4342 5858 485f 5641 5f45 494c 494d 5f54
0028470 5346 5a49 2045 0031 475f 494c 4342 5858
0028480 425f 5449 4553 5f54 4942 5354 505f 5245
0028490 555f 4c4c 2820 5f5f 4843 5241 425f 5449
00284a0 5f5f 2a20 5f20 535f 5a49 4f45 5f46 4f4c
00284b0 474e 4c5f 4e4f 5f47 295f 4500 4741 4941
00284c0 204e 3131 4d00 444f 435f 4b4c 2042 4441
00284d0 5f4a 4954 4b43 5f00 4f58 4550 5f4e 4853
00284e0 204d 0031 5453 5f41 4c46 204c 7830 3030
00284f0 3830 5f00 625f 6b6c 6973 657a 745f 645f
0028500 6665 6e69 6465 0020 5942 4554 4f5f 4452
0028510 5245 5f20 425f 5459 5f45 524f 4544 0052
0028520 5f5f 6c67 6269 7863 5f78 6f64 6275 656c
0028530 745f 6172 7370 6620 6c61 6573 3500 6964
0028540 5f76 0074 5f5f 6c63 636f 5f6b 5f74 6564
0028550 6966 656e 2064 0031 475f 494c 4342 5858
0028560 3131 445f 5045 4552 4143 4554 2044 475f
0028570 494c 4342 5858 445f 5045 4552 4143 4554
0028580 0044 5f5f 524e 735f 7465 6770 6469 3120
0028590 3930 5f00 5f4d 6564 6c61 6f6c 6163 6574
00285a0 5000 4854 4552 4441 505f 4f52 4543 5353
00285b0 505f 4952 4156 4554 5020 4854 4552 4441
00285c0 505f 4f52 4543 5353 505f 4952 4156 4554
00285d0 5300 4154 5854 495f 4f4e 3020 3078 3030
00285e0 3030 3031 5530 5f00 4e5f 5f52 696d 636e
00285f0 726f 2065 3732 5f00 4c47 4249 5843 5f58
0028600 4544 5542 5f47 414d 5243 5f4f 5753 5449
0028610 4843 485f 3120 5f00 6f4c 6b63 705f 6c6f
0028620 6369 0079 5f5f 4244 5f4c 4944 5f47 205f
0028630 3531 5f00 535f 4553 4d5f 5441 5f48 205f
0028640 0031 4c45 4249 5845 4345 3820 0033 475f
0028650 494c 4342 5858 555f 4553 575f 4843 5241
0028660 545f 3120 5f00 4e5a 7453 5f37 635f 7878
0028670 3131 3231 6162 6973 5f63 7473 6972 676e
0028680 6349 7453 3131 6863 7261 745f 6172 7469
0028690 4973 4563 6153 6349 4545 3443 4f45 3453
00286a0 525f 534b 5f33 5500 4853 5452 575f 4449
00286b0 4854 3120 0036 6975 746e 7470 5f72 0074
00286c0 5a5f 534e 3774 5f5f 7863 3178 3131 6232
00286d0 7361 6369 735f 7274 6e69 4967 5363 3174
00286e0 6331 6168 5f72 7274 6961 7374 6349 5345
00286f0 4961 4563 3945 4d5f 615f 7373 6769 456e
0028700 4b52 3453 005f 475f 494c 4342 5858 435f
0028710 5443 5059 2045 0031 5545 414e 4354 2048
0028720 3934 5f00 4c47 4249 5843 5f58 554e 5f4d
0028730 4e55 4349 444f 5f45 4146 4543 5354 3420
0028740 5f00 4350 4e5f 4d41 5f45 414d 2058 505f
0028750 5f43 414e 454d 4d5f 5841 5f00 4e5a 7453
0028760 7636 6365 6f74 4972 534e 3774 5f5f 7863
0028770 3178 3131 6232 7361 6369 735f 7274 6e69
0028780 4967 5363 3174 6331 6168 5f72 7274 6961
0028790 7374 6349 5345 4961 4563 4545 6153 5349
00287a0 5f35 4545 5361 5345 3174 6936 696e 6974
00287b0 6c61 7a69 7265 6c5f 7369 4974 3553 455f
00287c0 5f00 4e5a 5f39 675f 756e 635f 7878 3731
00287d0 5f5f 6f6e 6d72 6c61 695f 6574 6172 6f74
00287e0 4972 4b50 4e63 7453 5f37 635f 7878 3131
00287f0 3231 6162 6973 5f63 7473 6972 676e 6349
0028800 7453 3131 6863 7261 745f 6172 7469 4973
0028810 4563 6153 6349 4545 4545 4c70 6c45 5f00
0028820 4e5a 5f39 675f 756e 635f 7878 3431 5f5f
0028830 6c61 6f6c 5f63 7274 6961 7374 5349 4961
0028840 534e 3774 5f5f 7863 3178 3131 6232 7361
0028850 6369 735f 7274 6e69 4967 5363 3174 6331
0028860 6168 5f72 7274 6961 7374 6349 5345 4961
0028870 4563 4545 5345 5f36 3145 5f35 5f53 6c61
0028880 6177 7379 655f 7571 6c61 7645 5f00 4353
0028890 535f 5254 4145 5f4d 414d 2058 535f 5f43
00288a0 5453 4552 4d41 4d5f 5841 5300 5359 755f
00288b0 6974 656d 5f20 4e5f 5f52 7475 6d69 0065
00288c0 4345 4948 444c 3120 0030 5f5f 524e 635f
00288d0 6468 7269 3820 0030 5a5f 534e 3674 6576
00288e0 7463 726f 4e49 7453 5f37 635f 7878 3131
00288f0 3231 6162 6973 5f63 7473 6972 676e 6349
0028900 7453 3131 6863 7261 745f 6172 7469 4973
0028910 4563 6153 6349 4545 5345 4961 3553 455f
0028920 3545 6c63 6165 4572 0076 4544 4146 4c55
0028930 5f54 4559 5241 4500 4f4e 5250 544f 4f4f
0028940 5450 3920 0032 5953 5f53 7376 7265 6576
0028950 2072 5f5f 524e 765f 6573 7672 7265 4900
0028960 544e 465f 5341 3654 5f34 414d 2058 5f28
0028970 495f 544e 3436 435f 3928 3232 3333 3237
0028980 3330 3836 3435 3737 3835 3730 2929 6100
0028990 5f74 7571 6369 5f6b 7865 7469 5f00 4f50
00289a0 4953 5f58 4f53 5255 4543 3120 5300 5359
00289b0 665f 6e63 6c74 5f20 4e5f 5f52 6366 746e
00289c0 006c 424d 4c5f 4e45 4d5f 5841 3120 0036
00289d0 475f 494c 4342 5858 435f 5453 4952 474e
00289e0 3120 7400 776f 7075 6570 0072 5f5f 524e
00289f0 665f 7473 7461 7366 3120 3833 4e00 5f4c
0028a00 534d 4d47 5841 4920 544e 4d5f 5841 5300
0028a10 5359 645f 7075 2033 5f5f 524e 645f 7075
0028a20 0033 5953 5f53 6573 7374 6469 5f20 4e5f
0028a30 5f52 6573 7374 6469 5f00 4353 545f 4152
0028a40 4543 4e5f 4d41 5f45 414d 2058 535f 5f43
0028a50 5254 4341 5f45 414e 454d 4d5f 5841 5f00
0028a60 4e5f 5f52 6f69 755f 6972 676e 655f 746e
0028a70 7265 3420 3632 5f00 535f 5248 5f54 4957
0028a80 5444 5f48 205f 3631 5300 5359 735f 7379
0028a90 6e69 6f66 5f20 4e5f 5f52 7973 6973 666e
0028aa0 006f 5f5f 524e 775f 6961 3474 3620 0031
0028ab0 5f5f 4148 4556 445f 5349 4954 434e 5f54
0028ac0 4c46 414f 3154 3832 3120 5f00 525f 4445
0028ad0 5249 4345 5f54 544e 5f48 444c 4c42 6e28
0028ae0 6d61 2c65 7270 746f 2c6f 6c61 6169 2973
0028af0 5f20 525f 4445 5249 4345 5f54 544e 2048
0028b00 6e28 6d61 2c65 7020 6f72 6f74 202c 6c61
0028b10 6169 2973 5f00 475f 494c 4342 555f 4553
0028b20 4c5f 4249 455f 5458 0032 4d5f 645f 7461
0028b30 7061 756c 0073 434c 435f 4c4f 414c 4554
0028b40 4d5f 5341 204b 3128 3c20 203c 5f5f 434c
0028b50 435f 4c4f 414c 4554 0029 5f5f 4843 5241
0028b60 3233 545f 5059 5f45 205f 6e75 6973 6e67
0028b70 6465 6920 746e 5f00 495f 544e 5450 5f52
0028b80 414d 5f58 205f 7830 6637 6666 6666 6666
0028b90 6666 6666 6666 6666 004c 5f5f 7063 5f70
0028ba0 6574 706d 616c 6574 615f 7475 206f 3032
0028bb0 3631 3630 004c 5f5f 6c67 6269 7863 5f78
0028bc0 6f6c 676e 645f 756f 6c62 5f65 7274 7061
0028bd0 0073 5f5f 5f57 5453 504f 4f43 4544 7328
0028be0 6769 2029 2828 6973 2967 3c20 203c 2038
0028bf0 207c 7830 6637 0029 5f5f 524e 6d5f 766f
0028c00 5f65 6f6d 6e75 2074 3234 0039 5f5f 6c67
0028c10 6269 7863 5f78 6572 7571 7269 7365 705f
0028c20 7261 6974 6974 6e6f 6465 6c5f 776f 7265
0028c30 5f28 6946 7372 2c74 4c5f 7361 2c74 565f
0028c40 6c61 6575 2029 5f00 465f 544c 485f 5341
0028c50 445f 4e45 524f 5f4d 205f 0031 5f5f 524e
0028c60 6c5f 6f6f 756b 5f70 6364 6f6f 696b 2065
0028c70 3132 0032 5f5f 524e 705f 6f72 6563 7373
0028c80 765f 5f6d 7277 7469 7665 3320 3131 5f00
0028c90 4c47 4249 5843 3958 5f38 5355 5f45 3943
0028ca0 5f39 4357 4148 2052 0031 5f53 5249 5247
0028cb0 2050 5328 495f 5552 5253 3e20 203e 2933
0028cc0 5f00 535f 4454 5043 5f50 4544 4146 4c55
0028cd0 5f54 454e 5f57 4c41 4749 4d4e 4e45 5f54
0028ce0 205f 3631 5f00 4e5a 534b 3774 5f5f 7863
0028cf0 3178 3131 6232 7361 6369 735f 7274 6e69
0028d00 4967 5363 3174 6331 6168 5f72 7274 6961
0028d10 7374 6349 5345 4961 4563 3745 6f63 706d
0028d20 7261 4565 6d6d 4b52 3453 005f 5f5f 524e
0028d30 6d5f 6f6c 6b63 2032 3233 0035 5f5f 7461
0028d40 7274 645f 6165 6c6c 636f 665f 6c63 736f
0028d50 0065 5f5f 4c46 5f54 494d 5f4e 205f 2e31
0028d60 3731 3435 3439 3533 3830 3232 3832 3537
0028d70 3730 3639 3738 3633 3335 3237 3232 3432
0028d80 3635 6538 332d 4638 5f00 4e5a 534b 3674
0028d90 6576 7463 726f 6349 6153 6349 4545 6533
0028da0 646e 7645 5f00 5845 4543 5450 4f49 5f4e
0028db0 4544 4946 454e 5f53 2048 0031 5953 5f53
0028dc0 7372 7165 5f20 4e5f 5f52 7372 7165 5f00
0028dd0 4c47 4249 5843 5f58 4148 4556 535f 4e49
0028de0 2046 0031 5f5f 444c 4c42 4d5f 4e49 5f5f
0028df0 3320 332e 3236 3031 3133 3334 3131 3032
0028e00 3339 3035 3236 3236 3736 3837 3731 3233
0028e10 3731 3235 3036 2d65 3934 3233 004c 5953
0028e20 5f53 656b 6578 5f63 6f6c 6461 5f20 4e5f
0028e30 5f52 656b 6578 5f63 6f6c 6461 5f00 655f
0028e40 7272 726f 745f 645f 6665 6e69 6465 3120
0028e50 5f00 4e5a 7453 3231 565f 6365 6f74 5f72
0028e60 6162 6573 6349 6153 6349 4545 3731 565f
0028e70 6365 6f74 5f72 6d69 6c70 645f 7461 4361
0028e80 4534 0076 5f5f 706f 0073 475f 494c 4342
0028e90 5858 425f 4745 4e49 4e5f 4d41 5345 4150
0028ea0 4543 415f 474c 204f 5f00 4c47 4249 5843
0028eb0 5f58 4552 5746 4152 5f50 2048 0031 505f
0028ec0 534f 5849 545f 5248 4145 5f44 5250 434f
0028ed0 5345 5f53 4853 5241 4445 3220 3030 3038
0028ee0 4c39 5f00 4c47 4249 5843 5f58 4f4d 4556
0028ef0 425f 4341 574b 5241 3344 5f28 7054 5f2c
0028f00 7055 5f2c 7056 2029 7473 3a64 6d3a 766f
0028f10 5f65 6162 6b63 6177 6472 5f28 7054 202c
0028f20 555f 2c70 5f20 7056 0029 5953 5f53 7366
0028f30 706f 6e65 5f20 4e5f 5f52 7366 706f 6e65
0028f40 5f00 4c47 4249 5843 5f58 5441 4d4f 4349
0028f50 4c5f 434f 5f4b 5246 4545 485f 3120 5300
0028f60 4154 505f 5350 494a 5454 5245 3020 3078
0028f70 3032 0030 5f5f 5155 4155 5f44 5954 4550
0028f80 7520 736e 6769 656e 2064 6f6c 676e 6920
0028f90 746e 5f00 4f50 4953 3258 4c5f 4e49 5f45
0028fa0 414d 2058 3032 3834 5300 4545 5f4b 4f48
0028fb0 454c 3420 5f00 4e5a 7453 3131 6863 7261
0028fc0 745f 6172 7469 4973 4563 6136 7373 6769
0028fd0 456e 6350 636d 5f00 535f 5a49 4f45 5f46
0028fe0 4f44 4255 454c 5f5f 3820 4900 544e 3436
0028ff0 4d5f 4e49 2820 5f2d 495f 544e 3436 435f
0029000 3928 3232 3333 3237 3330 3836 3435 3737
0029010 3835 3730 2d29 2931 4500 4143 434e 4c45
0029020 4445 3120 3532 5f00 4e5a 7453 5f37 635f
0029030 7878 3131 3231 6162 6973 5f63 7473 6972
0029040 676e 6349 7453 3131 6863 7261 745f 6172
0029050 7469 4973 4563 6153 6349 4545 7237 7065
0029060 616c 6563 4e45 5f39 675f 756e 635f 7878
0029070 3731 5f5f 6f6e 6d72 6c61 695f 6574 6172
0029080 6f74 4972 4b50 5363 5f34 4545 3953 535f
0029090 5f38 006d 5f5f 524e 735f 6863 6465 735f
00290a0 7465 6373 6568 7564 656c 2072 3431 0034
00290b0 746f 6568 0072 4e45 544f 4f43 4e4e 3120
00290c0 3730 5300 5359 615f 6372 5f68 7270 7463
00290d0 206c 5f5f 524e 615f 6372 5f68 7270 7463
00290e0 006c 5f5f 4e49 5f54 454c 5341 3854 575f
00290f0 4449 4854 5f5f 3820 5f00 615f 7474 5f72
0029100 6564 6c61 6f6c 2863 6564 6c61 6f6c 2c63
0029110 7261 6e67 296f 5f20 615f 7474 6972 7562
0029120 6574 5f5f 2820 5f28 6d5f 6c61 6f6c 5f63
0029130 205f 6428 6165 6c6c 636f 202c 7261 6e67
0029140 296f 2929 5f00 4853 5241 4445 505f 5254
0029150 425f 5341 5f45 2048 0031 5453 5441 5f58
0029160 5441 5254 445f 5841 3020 3078 3230 3030
0029170 3030 0030 4c43 4e4f 5f45 454e 5557 4553
0029180 2052 7830 3031 3030 3030 3030 5f00 675f
0029190 696c 6362 7878 735f 6769 656e 0064 505f
00291a0 534f 5849 535f 4d59 4f4c 504f 4d5f 5841
00291b0 3820 7400 776f 7463 6172 736e 5300 5359
00291c0 6d5f 6773 6567 2074 5f5f 524e 6d5f 6773
00291d0 6567 0074 5953 5f53 6c63 736f 5f65 6172
00291e0 676e 2065 5f5f 524e 635f 6f6c 6573 725f
00291f0 6e61 6567 5f00 4c47 4249 5843 5f58 5953
0029200 5453 4d45 455f 5252 524f 3120 5300 5359
0029210 695f 706f 6972 5f6f 6567 2074 5f5f 524e
0029220 695f 706f 6972 5f6f 6567 0074 475f 494c
0029230 4342 5858 485f 5641 5f45 5441 4e41 2046
0029240 0031 475f 494c 4342 5858 485f 5641 5f45
0029250 4146 5342 2046 0031 6d77 6d65 6f6d 6576
0029260 5300 5359 6d5f 6e75 616d 2070 5f5f 524e
0029270 6d5f 6e75 616d 0070 424d 435f 5255 4d5f
0029280 5841 2820 5f5f 7463 7079 5f65 6567 5f74
0029290 626d 635f 7275 6d5f 7861 2820 2929 5700
00292a0 4843 5241 4d5f 4e49 5f20 575f 4843 5241
00292b0 4d5f 4e49 6700 7465 6863 7261 5f00 4e5f
00292c0 5f52 6573 7274 6765 6469 3120 3431 5300
00292d0 5359 715f 6f75 6174 7463 5f6c 6466 5f20
00292e0 4e5f 5f52 7571 746f 6361 6c74 665f 0064
00292f0 5953 5f53 7475 6d69 7365 5f20 4e5f 5f52
0029300 7475 6d69 7365 5f00 5342 5f44 4357 4148
0029310 5f52 5f54 0020 5f5f 7063 5f70 6172 676e
0029320 5f65 6162 6573 5f64 6f66 2072 3032 3631
0029330 3330 004c 4e49 3854 4d5f 4e49 2820 312d
0029340 3832 0029 535f 5f43 5053 5741 204e 535f
0029350 5f43 5053 5741 004e 5953 5f53 6572 6461
0029360 696c 6b6e 7461 5f20 4e5f 5f52 6572 6461
0029370 696c 6b6e 7461 4500 454b 5259 4a45 4345
0029380 4554 2044 3231 0039 5f5f 524e 735f 7465
0029390 6f64 616d 6e69 616e 656d 3120 3137 5f00
00293a0 475f 494c 4342 555f 4553 445f 5045 4552
00293b0 4143 4554 5f44 4547 5354 5f00 4e5f 5f52
00293c0 7973 636e 665f 6c69 5f65 6172 676e 2065
00293d0 3732 0037 5450 4452 4649 5f46 494d 204e
00293e0 2d28 3239 3332 3733 3032 3633 3538 3734
00293f0 3537 3038 4c37 312d 0029 485f 5341 5f48
0029400 5942 4554 5f53 2048 0031 5f5f 646c 7669
0029410 745f 645f 6665 6e69 6465 3120 5f00 4c5f
0029420 5449 4c54 5f45 4e45 4944 4e41 3120 3332
0029430 0034 5f5f 4c46 3354 5832 485f 5341 445f
0029440 4e45 524f 5f4d 205f 0031 4e45 544f 4552
0029450 4f43 4556 4152 4c42 2045 3331 0031 475f
0029460 494c 4342 5858 565f 4345 4f54 2052 0031
0029470 535f 655f 7272 726f 655f 6373 7061 0065
0029480 5f5f 7461 7274 645f 6165 6c6c 636f 665f
0029490 6c63 736f 2065 5f00 555f 4e49 5f54 4146
00294a0 5453 3436 545f 5059 5f45 205f 6f6c 676e
00294b0 7520 736e 6769 656e 2064 6e69 0074 475f
00294c0 494c 4342 5858 485f 5641 5f45 5356 5357
00294d0 4143 464e 3120 5f00 4e5a 7453 7636 6365
00294e0 6f74 4972 5363 4961 4563 3145 5f37 5f4d
00294f0 6564 6166 6c75 5f74 7061 6570 646e 6d45
0029500 5f00 4c47 4249 5843 5f58 4148 4556 535f
0029510 5359 525f 5345 554f 4352 5f45 2048 0031
0029520 6567 6574 766e 4300 4f4c 454e 505f 4449
0029530 4446 3020 3078 3030 3130 3030 0030 5f5f
0029540 4244 5f4c 414d 5f58 5845 5f50 205f 3031
0029550 3432 5f00 4e5a 534b 3174 6237 7361 6369
0029560 735f 7274 6e69 5f67 6976 7765 6349 7453
0029570 3131 6863 7261 745f 6172 7469 4973 4563
0029580 3445 6f63 7970 5045 6d63 006d 435f 5f53
0029590 4f50 4953 5f58 3756 495f 504c 3233 4f5f
00295a0 4646 3233 435f 4c46 4741 2053 435f 5f53
00295b0 4f50 4953 5f58 3756 495f 504c 3233 4f5f
00295c0 4646 3233 435f 4c46 4741 0053 5953 5f53
00295d0 6e69 746f 6669 5f79 6461 5f64 6177 6374
00295e0 2068 5f5f 524e 695f 6f6e 6974 7966 615f
00295f0 6464 775f 7461 6863 5f00 635f 7070 695f
0029600 706d 5f6c 6874 6572 5f65 6177 5f79 6f63
0029610 706d 7261 7369 6e6f 3220 3130 3039 4c37
0029620 5f00 4e5f 5f52 6973 6e67 6c61 6466 3220
0029630 3238 5f00 4f50 4953 5f58 4854 4552 4441
0029640 505f 4952 5f4f 5250 544f 4345 2054 3032
0029650 3830 3930 004c 5f5f 7375 6365 6e6f 7364
0029660 745f 645f 6665 6e69 6465 0020 505f 5453
0029670 5f4c 5250 4741 414d 4d5f 5345 4153 4547
0029680 505f 4c4f 4349 4549 2853 2978 0020 5f5f
0029690 2850 7261 7367 2029 7261 7367 5f00 635f
00296a0 7070 765f 7261 6169 6964 5f63 7375 6e69
00296b0 2067 3032 3631 3131 004c 5a5f 534e 3774
00296c0 5f5f 7863 3178 3131 6232 7361 6369 735f
00296d0 7274 6e69 4967 5363 3174 6331 6168 5f72
00296e0 7274 6961 7374 6349 5345 4961 4563 6145
00296f0 4553 7453 3631 6e69 7469 6169 696c 657a
0029700 5f72 696c 7473 6349 0045 505f 534f 5849
0029710 4e5f 5247 554f 5350 4d5f 5841 3820 7300
0029720 6275 7473 0072 5f5f 6e75 6564 5f66 524e
0029730 4f5f 4550 004e 5f5f 4e49 4553 5452 525f
0029740 4745 5845 4d5f 5441 4843 5245 5f28 665f
0029750 6e75 2c63 2e2e 292e 6420 206f 207b 6669
0029760 2820 2821 4d5f 665f 616c 7367 2620 7220
0029770 6765 7865 635f 6e6f 7473 6e61 7374 3a3a
0029780 6369 7361 2965 2029 6669 2820 2821 4d5f
0029790 665f 616c 7367 2620 7220 6765 7865 635f
00297a0 6e6f 7473 6e61 7374 3a3a 6f63 6c6c 7461
00297b0 2965 2029 5f5f 7566 636e 663c 6c61 6573
00297c0 202c 6166 736c 3e65 5f28 565f 5f41 5241
00297d0 5347 5f5f 3b29 6520 736c 2065 5f5f 7566
00297e0 636e 663c 6c61 6573 202c 7274 6575 283e
00297f0 5f5f 4156 415f 4752 5f53 295f 203b 6c65
0029800 6573 6920 2066 2128 5f28 5f4d 6c66 6761
0029810 2073 2026 6572 6567 5f78 6f63 736e 6174
0029820 746e 3a73 633a 6c6f 616c 6574 2929 5f20
0029830 665f 6e75 3c63 7274 6575 202c 6166 736c
0029840 3e65 5f28 565f 5f41 5241 5347 5f5f 3b29
0029850 6520 736c 2065 5f5f 7566 636e 743c 7572
0029860 2c65 7420 7572 3e65 5f28 565f 5f41 5241
0029870 5347 5f5f 3b29 7d20 7720 6968 656c 2820
0029880 6166 736c 2965 5f00 635f 7070 6c5f 6269
0029890 695f 746e 705f 776f 2032 3032 3032 3230
00298a0 004c 5f5f 5447 5248 4145 5f44 4148 5f53
00298b0 4f43 444e 3120 5f00 4e5a 534b 3774 5f5f
00298c0 7863 3178 3131 6232 7361 6369 735f 7274
00298d0 6e69 4967 5363 3174 6331 6168 5f72 7274
00298e0 6961 7374 6349 5345 4961 4563 3345 6e65
00298f0 4564 0076 475f 4343 505f 5254 4944 4646
0029900 545f 0020 5f5f 524e 6c5f 6e69 616b 2074
0029910 3632 0035 435f 5f53 4f50 4953 5f58 3656
0029920 495f 504c 3233 4f5f 4646 4942 5f47 444c
0029930 4c46 4741 2053 435f 5f53 4f50 4953 5f58
0029940 3656 495f 504c 3233 4f5f 4646 4942 5f47
0029950 444c 4c46 4741 0053 5f5f 5453 4344 4c5f
0029960 4d49 5449 4d5f 4341 4f52 0053 5953 5f53
0029970 6c6d 636f 616b 6c6c 5f20 4e5f 5f52 6c6d
0029980 636f 616b 6c6c 5f00 535f 4843 5241 4d5f
0029990 5841 5f5f 3020 3778 0066 435f 5f53 4f50
00299a0 4953 5f58 3756 4c5f 3650 5f34 464f 3646
00299b0 5f34 494c 5342 5f20 5343 505f 534f 5849
00299c0 565f 5f37 504c 3436 4f5f 4646 3436 4c5f
00299d0 4249 0053 535f 5f43 5953 5453 4d45 445f
00299e0 5441 4241 5341 2045 535f 5f43 5953 5453
00299f0 4d45 445f 5441 4241 5341 0045 565f 5241
0029a00 4149 544e 525f 4c45 5441 4f49 5f4e 5546
0029a10 434e 4954 4e4f 545f 4d45 4c50 5441 2845
0029a20 5f5f 504f 5f2c 4e5f 4d41 2945 7420 6d65
0029a30 6c70 7461 3c65 7974 6570 616e 656d 2e2e
0029a40 202e 545f 7079 7365 203e 6f63 736e 6574
0029a50 7078 2072 6f62 6c6f 6f20 6570 6172 6f74
0029a60 2072 5f5f 504f 6328 6e6f 7473 7620 7261
0029a70 6169 746e 5f3c 7954 6570 2e73 2e2e 263e
0029a80 5f20 6c5f 7368 202c 6f63 736e 2074 6176
0029a90 6972 6e61 3c74 545f 7079 7365 2e2e 3e2e
0029aa0 2026 5f5f 6872 2973 7b20 6220 6f6f 206c
0029ab0 5f5f 6572 2074 203d 7274 6575 203b 5f5f
0029ac0 6564 6174 6c69 3a3a 5f5f 6176 6972 6e61
0029ad0 3a74 5f3a 725f 7761 695f 7864 765f 7369
0029ae0 7469 2028 265b 5f5f 6572 2c74 2620 5f5f
0029af0 686c 5d73 2820 7561 6f74 2626 5f20 725f
0029b00 7368 6d5f 6d65 202c 7561 6f74 5f20 725f
0029b10 7368 695f 646e 7865 2029 756d 6174 6c62
0029b20 2065 207b 6669 6320 6e6f 7473 7865 7270
0029b30 2820 5f5f 6872 5f73 6e69 6564 2078 3d21
0029b40 7620 7261 6169 746e 6e5f 6f70 2973 7b20
0029b50 6920 2066 5f28 6c5f 7368 692e 646e 7865
0029b60 2928 3d20 203d 5f5f 6872 5f73 6e69 6564
0029b70 2978 7b20 6120 7475 266f 5f20 745f 6968
0029b80 5f73 656d 206d 203d 7473 3a64 673a 7465
0029b90 5f3c 725f 7368 695f 646e 7865 283e 5f5f
0029ba0 686c 2973 203b 5f5f 6572 2074 203d 5f5f
0029bb0 6874 7369 6d5f 6d65 5f20 4f5f 2050 5f5f
0029bc0 6872 5f73 656d 3b6d 7d20 6520 736c 2065
0029bd0 5f5f 6572 2074 203d 5f28 6c5f 7368 692e
0029be0 646e 7865 2928 2b20 3120 2029 5f5f 504f
0029bf0 2820 5f5f 6872 5f73 6e69 6564 2078 202b
0029c00 2931 203b 207d 6c65 6573 5f20 725f 7465
0029c10 3d20 2820 5f5f 686c 2e73 6e69 6564 2878
0029c20 2029 202b 2931 5f20 4f5f 2050 5f28 725f
0029c30 7368 695f 646e 7865 2b20 3120 3b29 7d20
0029c40 202c 5f5f 6872 2973 203b 6572 7574 6e72
0029c50 5f20 725f 7465 203b 007d 4c43 434f 5f4b
0029c60 5250 434f 5345 5f53 5043 5455 4d49 5f45
0029c70 4449 3220 5f00 4e5a 394b 5f5f 6e67 5f75
0029c80 7863 3178 6e33 7765 615f 6c6c 636f 7461
0029c90 726f 6349 3145 5f31 5f4d 616d 5f78 6973
0029ca0 657a 7645 5f00 625f 6975 746c 6e69 765f
0029cb0 5f61 696c 7473 5f00 4e5f 5f52 6366 6f68
0029cc0 6e77 7461 3220 3036 5f00 5f53 6c61 6177
0029cd0 7379 655f 7571 6c61 5300 5359 735f 7568
0029ce0 6474 776f 206e 5f5f 524e 735f 7568 6474
0029cf0 776f 006e 475f 494c 4342 5858 505f 4341
0029d00 414b 4547 4e5f 4d41 2045 7022 6361 616b
0029d10 6567 752d 756e 6573 2264 5f00 485f 5641
0029d20 5f45 4944 5453 4e49 5443 465f 4f4c 5441
0029d30 3233 2058 0030 5f53 4649 4f53 4b43 5f20
0029d40 535f 495f 5346 434f 004b 4945 544e 2052
0029d50 0034 475f 494c 4342 5858 415f 474c 524f
0029d60 5449 4d48 5746 5f44 2048 0031 7461 7865
0029d70 7469 5f00 535f 5a49 4f45 5f46 4f4c 474e
0029d80 445f 554f 4c42 5f45 205f 3631 5f00 525f
0029d90 4445 5249 4345 2854 616e 656d 702c 6f72
0029da0 6f74 612c 696c 7361 2029 616e 656d 7020
0029db0 6f72 6f74 5f20 615f 6d73 5f5f 2820 5f5f
0029dc0 5341 4e4d 4d41 2045 2328 6c61 6169 2973
0029dd0 0029 5f5f 7063 5f70 696c 5f62 7974 6570
0029de0 695f 6564 746e 7469 2079 3032 3831 3630
0029df0 004c 5a5f 4b4e 7453 5f37 635f 7878 3131
0029e00 3231 6162 6973 5f63 7473 6972 676e 6349
0029e10 7453 3131 6863 7261 745f 6172 7469 4973
0029e20 4563 6153 6349 4545 6539 646e 5f73 6977
0029e30 6874 6345 5f00 5350 4c54 565f 5245 4953
0029e40 4e4f 505f 5441 4843 2820 505f 5453 5f4c
0029e50 4556 5352 4f49 204e 2025 3031 0029 5a5f
0029e60 4b4e 7453 3731 6162 6973 5f63 7473 6972
0029e70 676e 765f 6569 4977 5363 3174 6331 6168
0029e80 5f72 7274 6961 7374 6349 4545 6336 6562
0029e90 6967 456e 0076 475f 494c 4342 5858 3032
0029ea0 445f 5045 4552 4143 4554 2844 534d 2947
0029eb0 5b20 645b 7065 6572 6163 6574 2864 534d
0029ec0 2947 5d5d 5f00 635f 7070 6c5f 6269 695f
0029ed0 5f73 6761 7267 6765 7461 2065 3032 3731
0029ee0 3330 5f00 465f 4953 5f44 5f54 5954 4550
0029ef0 7320 7274 6375 2074 207b 6e69 2074 5f5f
0029f00 6176 5b6c 5d32 203b 007d 475f 4f4c 4142
0029f10 5f4c 735f 6275 495f 6d5f 6961 006e 4e45
0029f20 534f 5359 3320 0038 5f53 5954 4550 5349
0029f30 4553 284d 7562 2966 5f20 535f 545f 5059
0029f40 4945 5353 4d45 6228 6675 0029 5f5f 524e
0029f50 675f 7465 6c72 6d69 7469 3920 0037 5f5f
0029f60 7063 5f70 696c 5f62 7473 6972 676e 765f
0029f70 6569 2077 3032 3831 3330 004c 535f 635f
0029f80 706f 0079 5f5f 4e49 5f54 4146 5453 3631
0029f90 575f 4449 4854 5f5f 3620 0034 5a5f 534e
0029fa0 3674 6576 7463 726f 4e49 7453 5f37 635f
0029fb0 7878 3131 3231 6162 6973 5f63 7473 6972
0029fc0 676e 6349 7453 3131 6863 7261 745f 6172
0029fd0 7469 4973 4563 6153 6349 4545 5345 4961
0029fe0 3553 455f 4345 4534 534f 5f37 5f00 635f
0029ff0 7070 6c5f 6269 625f 6f6f 5f6c 6f63 736e
002a000 6174 746e 3220 3130 3035 0035 5a5f 4b4e
002a010 7453 3531 5f5f 7865 6563 7470 6f69 5f6e
002a020 7470 3172 6533 6378 7065 6974 6e6f 705f
002a030 7274 7663 4562 0076 5f5f 7063 5f70 696c
002a040 5f62 616d 656b 725f 7665 7265 6573 695f
002a050 6574 6172 6f74 2072 3032 3431 3230 5f00
002a060 4e5a 7453 7636 6365 6f74 4972 534e 3774
002a070 5f5f 7863 3178 3131 6232 7361 6369 735f
002a080 7274 6e69 4967 5363 3174 6331 6168 5f72
002a090 7274 6961 7374 6349 5345 4961 4563 4545
002a0a0 6153 5349 5f35 4545 3631 4d5f 735f 7268
002a0b0 6e69 5f6b 6f74 665f 7469 7645 5f00 635f
002a0c0 7070 615f 696c 7361 745f 6d65 6c70 7461
002a0d0 7365 3220 3030 3037 4c34 6800 6f74 6562
002a0e0 3436 7828 2029 5f5f 7362 6177 5f70 3436
002a0f0 2820 2978 5f00 4353 325f 505f 5342 5f20
002a100 4353 325f 505f 5342 5f00 4e5a 5f39 675f
002a110 756e 635f 7878 3731 5f5f 6f6e 6d72 6c61
002a120 695f 6574 6172 6f74 4972 4b50 4e63 7453
002a130 5f37 635f 7878 3131 3231 6162 6973 5f63
002a140 7473 6972 676e 6349 7453 3131 6863 7261
002a150 745f 6172 7469 4973 4563 6153 6349 4545
002a160 4545 496d 6c45 5f00 4e5a 5f36 705f 7473
002a170 396c 7865 6365 7475 6f69 326e 3176 3531
002a180 6170 6172 6c6c 6c65 705f 6c6f 6369 3179
002a190 5f34 615f 6c6c 776f 765f 6365 6f74 4572
002a1a0 0076 475f 494c 4342 5858 435f 444f 4345
002a1b0 5456 3120 5f00 5343 475f 554e 4c5f 4249
002a1c0 5450 5248 4145 5f44 4556 5352 4f49 204e
002a1d0 435f 5f53 4e47 5f55 494c 5042 4854 4552
002a1e0 4441 565f 5245 4953 4e4f 5f00 5355 5345
002a1f0 415f 4c4c 434f 5441 524f 485f 3120 5f00
002a200 535f 5a49 4f45 5f46 5450 5248 4145 5f44
002a210 5752 4f4c 4b43 5441 5254 545f 3820 4500
002a220 4f4e 4254 4b4c 3120 0035 5953 5f53 6f69
002a230 755f 6972 676e 725f 6765 7369 6574 2072
002a240 5f5f 524e 695f 5f6f 7275 6e69 5f67 6572
002a250 6967 7473 7265 5f00 4957 544e 545f 3120
002a260 5f00 4e5f 5f52 6970 6664 5f64 6573 646e
002a270 735f 6769 616e 206c 3234 0034 5a5f 534e
002a280 3174 5f32 6556 7463 726f 625f 7361 4965
002a290 5363 4961 4563 4445 4534 0076 6e69 5f74
002a2a0 5f6e 7363 705f 6572 6563 6564 0073 5f5f
002a2b0 7461 6d6f 6369 735f 6970 5f6e 6f63 6e75
002a2c0 5f74 6572 616c 0078 425f 5449 5f53 5942
002a2d0 4554 5753 5041 485f 3120 5f00 755f 6e69
002a2e0 5f74 656c 7361 3674 5f34 0074 475f 494c
002a2f0 4342 5858 485f 5641 5f45 4f53 4b43 5441
002a300 414d 4b52 3120 5f00 735f 7574 5f62 6572
002a310 6f76 656b 0020 475f 494c 4342 5858 485f
002a320 5641 5f45 4f4c 3147 4c30 3120 7300 7274
002a330 6372 7268 5f00 635f 7070 725f 7474 2069
002a340 3931 3739 3131 004c 475f 494c 4342 5858
002a350 435f 5248 4e4f 204f 0031 5f5f 524e 735f
002a360 6174 7874 3320 3233 5f00 555f 4e49 3854
002a370 545f 5059 5f45 205f 6e75 6973 6e67 6465
002a380 6320 6168 0072 475f 494c 4342 5858 445f
002a390 4645 5541 544c 415f 4942 545f 4741 5f20
002a3a0 4c47 4249 5843 5f58 4241 5f49 4154 5f47
002a3b0 5843 3158 0031 5453 5441 5f58 4c4e 4e49
002a3c0 204b 7830 3030 3030 3030 3430 0055 455f
002a3d0 4358 5045 4954 4e4f 505f 5254 485f 0020
002a3e0 415f 4d53 555f 494e 5453 5f44 3436 485f
002a3f0 0020 475f 494c 4342 5858 485f 5641 5f45
002a400 4e49 5454 5059 5345 485f 3120 5f00 4e5f
002a410 5f52 6573 746d 6d69 6465 706f 3220 3032
002a420 5f00 4258 3553 4c5f 4250 4749 4f5f 4646
002a430 4942 2047 312d 5f00 4353 445f 5645 4349
002a440 5f45 5053 4345 4649 4349 5f20 4353 445f
002a450 5645 4349 5f45 5053 4345 4649 4349 5f00
002a460 4f58 4550 5f4e 5058 3347 3120 5f00 4c47
002a470 4249 5843 5f58 4443 4f54 5f52 4143 4c4c
002a480 4241 2049 5f00 4c47 4249 5843 3258 5f30
002a490 4f43 534e 4554 5058 2052 6f63 736e 6574
002a4a0 7078 0072 475f 494c 4342 5858 485f 5641
002a4b0 5f45 5948 4f50 2054 0031 6c6c 6964 0076
002a4c0 5f5f 4c46 3354 5832 495f 5f53 4549 5f43
002a4d0 3036 3535 5f39 205f 0032 475f 494c 4342
002a4e0 5858 425f 5449 3120 5f00 5350 4c54 565f
002a4f0 5245 4953 4e4f 3120 3032 3030 5f00 465f
002a500 544c 3233 495f 5f53 4549 5f43 3036 3535
002a510 5f39 205f 0032 495f 4f53 3143 5f31 4f53
002a520 5255 4543 3120 5f00 4e5a 7453 3231 565f
002a530 6365 6f74 5f72 6162 6573 6349 6153 6349
002a540 4545 3443 5245 534b 5f30 534f 5f31 5f00
002a550 4e5f 5f52 6b6d 6964 2072 3338 5f00 415f
002a560 4f54 494d 5f43 4341 5f51 4552 204c 0034
002a570 5f5f 6c67 6269 7863 5f78 6572 7571 7269
002a580 7365 635f 6e61 695f 636e 6572 656d 746e
002a590 725f 6e61 6567 5f28 6946 7372 3174 5f2c
002a5a0 614c 7473 2c31 465f 7269 7473 2932 0020
002a5b0 535f 5f43 5341 4e59 4843 4f52 4f4e 5355
002a5c0 495f 204f 535f 5f43 5341 4e59 4843 4f52
002a5d0 4f4e 5355 495f 004f 5f5f 4e47 4355 455f
002a5e0 4558 5543 4954 4e4f 435f 4148 5352 5445
002a5f0 4e5f 4d41 2045 5522 4654 382d 0022 5f5f
002a600 4c46 5f54 4f4e 4d52 4d5f 5841 5f5f 3320
002a610 342e 3230 3238 3433 3636 3833 3235 3838
002a620 3935 3138 3731 3430 3831 3433 3438 3135
002a630 3936 3532 2b65 3833 0046 5f5f 4e49 5f54
002a640 4957 5444 5f48 205f 3233 6500 5f71 6e69
002a650 5f74 7974 6570 5f00 4e5f 5f52 736c 6174
002a660 2074 0036 505f 5453 5f4c 5250 4741 414d
002a670 535f 4d49 5f44 524f 4544 4552 5f44 4f4d
002a680 4f4e 4f54 494e 5f43 4132 4752 2853 5250
002a690 314d 502c 4d52 2932 0020 535f 5f43 5241
002a6a0 5f47 414d 2058 535f 5f43 5241 5f47 414d
002a6b0 0058 5953 5f53 7366 6f6d 6e75 2074 5f5f
002a6c0 524e 665f 6d73 756f 746e 5300 5359 655f
002a6d0 6576 746e 6466 5f20 4e5f 5f52 7665 6e65
002a6e0 6674 0064 5a5f 534e 3774 5f5f 7863 3178
002a6f0 3131 6232 7361 6369 735f 7274 6e69 4967
002a700 5363 3174 6331 6168 5f72 7274 6961 7374
002a710 6349 5345 4961 4563 3745 6572 6c70 6361
002a720 4565 394e 5f5f 6e67 5f75 7863 3178 5f37
002a730 6e5f 726f 616d 5f6c 7469 7265 7461 726f
002a740 5049 634b 3453 455f 5345 5f39 3853 535f
002a750 5f38 5f00 545f 5248 574f 6e20 656f 6378
002a760 7065 2074 7428 7572 2965 5f00 5f53 6e6f
002a770 735f 6177 0070 5a5f 534e 3174 5f32 6556
002a780 7463 726f 625f 7361 4965 534e 3774 5f5f
002a790 7863 3178 3131 6232 7361 6369 735f 7274
002a7a0 6e69 4967 5363 3174 6331 6168 5f72 7274
002a7b0 6961 7374 6349 5345 4961 4563 4545 6153
002a7c0 5349 5f35 4545 3131 4d5f 615f 6c6c 636f
002a7d0 7461 4565 006d 5f5f 6163 6374 2868 2958
002a7e0 6320 7461 6863 5828 0029 505f 534f 5849
002a7f0 4c5f 474f 4e49 4e5f 4d41 5f45 414d 2058
002a800 0039 5f5f 4552 4947 5453 5245 505f 4552
002a810 4946 5f58 205f 5f00 4e5f 5f52 6573 646e
002a820 6966 656c 3420 0030 5f5f 7063 5f70 696c
002a830 5f62 6461 7264 7365 6f73 5f66 6f63 736e
002a840 6574 7078 2072 3032 3631 3330 5f00 4e5a
002a850 7453 3231 565f 6365 6f74 5f72 6162 6573
002a860 6349 6153 6349 4545 3731 565f 6365 6f74
002a870 5f72 6d69 6c70 645f 7461 4361 4534 534f
002a880 5f32 5f00 4e5a 7453 5f37 635f 7878 3131
002a890 3231 6162 6973 5f63 7473 6972 676e 6349
002a8a0 7453 3131 6863 7261 745f 6172 7469 4973
002a8b0 4563 6153 6349 4545 6136 7373 6769 456e
002a8c0 7453 3631 6e69 7469 6169 696c 657a 5f72
002a8d0 696c 7473 6349 0045 5453 5f41 4c43 434f
002a8e0 454b 5252 3020 3178 3030 0030 545f 575f
002a8f0 4843 5241 0020 5f5f 524e 705f 7069 3265
002a900 3220 3339 4300 4f4c 4b43 4d5f 4e4f 544f
002a910 4e4f 4349 435f 414f 5352 2045 0036 5a5f
002a920 4b4e 7453 7636 6365 6f74 4972 5363 4961
002a930 4563 3245 7461 6d45 6c00 6e6f 2067 6f6c
002a940 676e 6920 746e 5f00 4c47 4249 5843 5f58
002a950 5355 5f45 4547 5454 4d49 4f45 4446 5941
002a960 3120 5f00 4e5a 7453 5f37 635f 7878 3131
002a970 3231 6162 6973 5f63 7473 6972 676e 6349
002a980 7453 3131 6863 7261 745f 6172 7469 4973
002a990 4563 6153 6349 4545 3231 4d5f 635f 6e6f
002a9a0 7473 7572 7463 6d45 0063 535f 4c54 485f
002a9b0 4145 5f50 2048 0031 5953 5f53 6e69 746f
002a9c0 6669 5f79 6d72 775f 7461 6863 5f20 4e5f
002a9d0 5f52 6e69 746f 6669 5f79 6d72 775f 7461
002a9e0 6863 5f00 675f 696c 6362 7878 645f 756f
002a9f0 6c62 5f65 6168 5f73 6564 6f6e 6d72 6c5f
002aa00 736f 2073 6166 736c 0065 5f5f 656e 6465
002aa10 775f 6e69 5f74 0074 5a5f 4b4e 7453 5f37
002aa20 635f 7878 3131 3231 6162 6973 5f63 7473
002aa30 6972 676e 6349 7453 3131 6863 7261 745f
002aa40 6172 7469 4973 4563 6153 6349 4545 3731
002aa50 6966 646e 665f 7269 7473 6e5f 746f 6f5f
002aa60 4566 4b50 6d63 5f00 535f 495f 4552 4441
002aa70 3020 3034 0030 475f 494c 4342 5858 555f
002aa80 4553 435f 3939 535f 4454 4f49 5f20 4c47
002aa90 4249 5843 3158 5f31 5355 5f45 3943 5f39
002aaa0 5453 4944 004f 5f5f 656e 6465 4e5f 4c55
002aab0 204c 7200 7665 7265 6573 695f 6574 6172
002aac0 6f74 3c72 5f5f 6e67 5f75 7863 3a78 5f3a
002aad0 6e5f 726f 616d 5f6c 7469 7265 7461 726f
002aae0 633c 6168 2072 6f63 736e 2a74 202c 7473
002aaf0 3a64 763a 6365 6f74 3c72 6863 7261 202c
002ab00 7473 3a64 613a 6c6c 636f 7461 726f 633c
002ab10 6168 3e72 3e20 3e20 3e20 5f00 4e5f 5f52
002ab20 6567 7274 6e61 6f64 206d 3133 0038 535f
002ab30 5f43 454c 4556 314c 445f 4143 4843 5f45
002ab40 494c 454e 4953 455a 5f20 4353 4c5f 5645
002ab50 4c45 5f31 4344 4341 4548 4c5f 4e49 5345
002ab60 5a49 0045 4d5f 615f 6464 6572 0066 505f
002ab70 534f 5849 415f 4f49 4c5f 5349 4954 5f4f
002ab80 414d 2058 0032 475f 494c 4342 5858 485f
002ab90 5641 5f45 454e 4954 454e 5f54 4354 5f50
002aba0 2048 0031 5a5f 364e 5f5f 7370 6c74 6539
002abb0 6578 7563 6974 6e6f 7632 3131 7035 7261
002abc0 6c61 656c 5f6c 6f70 696c 7963 3631 5f5f
002abd0 6c61 6f6c 5f77 6170 6172 6c6c 6c65 7645
002abe0 5f00 4c5f 4244 5f4c 4552 4944 5f52 4544
002abf0 4c43 6e28 6d61 2965 0020 5f5f 6c67 6269
002ac00 7863 5f78 616d 0078 5f5f 5453 4952 474e
002ac10 7828 2029 7823 4c00 5f43 4449 4e45 4954
002ac20 4946 4143 4954 4e4f 5f20 4c5f 5f43 4449
002ac30 4e45 4954 4946 4143 4954 4e4f 5300 5359
002ac40 675f 7465 7572 6173 6567 5f20 4e5f 5f52
002ac50 6567 7274 7375 6761 0065 475f 494c 4342
002ac60 5858 485f 5641 5f45 4349 4e4f 2056 0031
002ac70 4c4e 4e5f 414d 2058 4e49 5f54 414d 0058
002ac80 425f 5341 4349 495f 534f 485f 3120 5f00
002ac90 4c47 4249 5843 5f58 5343 4454 5241 2047
002aca0 0031 5a5f 534e 3774 5f5f 7863 3178 3131
002acb0 6232 7361 6369 735f 7274 6e69 4967 5363
002acc0 3174 6331 6168 5f72 7274 6961 7374 6349
002acd0 5345 4961 4563 3645 7061 6570 646e 5245
002ace0 534b 5f34 6d6d 5f00 6556 7463 726f 695f
002acf0 706d 006c 5a5f 4b4e 7453 7636 6365 6f74
002ad00 4972 5363 4961 4563 3445 6563 646e 7645
002ad10 5f00 5343 505f 534f 5849 565f 5f37 504c
002ad20 3436 4f5f 4646 3436 435f 4c46 4741 2053
002ad30 435f 5f53 4f50 4953 5f58 3756 4c5f 3650
002ad40 5f34 464f 3646 5f34 4643 414c 5347 5300
002ad50 4843 4445 495f 4f53 3420 5f00 4f50 4953
002ad60 3258 425f 5f43 5453 4952 474e 4d5f 5841
002ad70 3120 3030 0030 6377 6373 7073 006e 475f
002ad80 494c 4342 5858 485f 5641 5f45 4c41 4749
002ad90 454e 5f44 4c41 4f4c 2043 0031 5f5f 656b
002ada0 5f79 5f74 6564 6966 656e 2064 5f00 4e5f
002adb0 5f52 6573 5f74 6f72 7562 7473 6c5f 7369
002adc0 2074 3732 0033 7369 6277 616c 6b6e 5f00
002add0 4e5f 5f52 6970 6664 5f64 6567 6674 2064
002ade0 3334 0038 5f5f 6962 7374 7465 6d5f 7461
002adf0 6863 615f 796e 5f00 4350 535f 4d59 494c
002ae00 4b4e 4d5f 5841 5f20 4350 535f 4d59 494c
002ae10 4b4e 4d5f 5841 5f00 4e5a 534b 3174 6237
002ae20 7361 6369 735f 7274 6e69 5f67 6976 7765
002ae30 6349 7453 3131 6863 7261 745f 6172 7469
002ae40 4973 4563 3445 6162 6b63 7645 5f00 4353
002ae50 4e5f 5f4c 4d4e 5841 5f20 4353 4e5f 5f4c
002ae60 4d4e 5841 5f00 465f 544c 525f 4441 5849
002ae70 5f5f 3220 7200 7365 7265 6576 5f00 4c47
002ae80 4249 5843 5f58 4148 4556 415f 4154 324e
002ae90 204c 0031 7473 7472 6c6f 0064 5f5f 4e49
002aea0 3154 5f36 5954 4550 5f5f 7320 6f68 7472
002aeb0 6920 746e 7300 7274 6f74 6c6c 5f00 5343
002aec0 505f 534f 5849 565f 5f35 4957 5444 5f48
002aed0 4552 5453 4952 5443 4445 455f 564e 2053
002aee0 435f 5f53 3556 575f 4449 4854 525f 5345
002aef0 5254 4349 4554 5f44 4e45 5356 4c00 4d49
002af00 4e49 4c41 4c5f 4249 465f 5f53 4e45 5254
002af10 5f59 5048 5f50 0020 5f5f 4e49 5f54 454c
002af20 5341 3854 545f 5059 5f45 205f 6973 6e67
002af30 6465 6320 6168 0072 475f 494c 4342 5858
002af40 485f 5641 5f45 5845 4650 3120 5f00 4e5a
002af50 7453 7636 6365 6f74 4972 534e 3774 5f5f
002af60 7863 3178 3131 6232 7361 6369 735f 7274
002af70 6e69 4967 5363 3174 6331 6168 5f72 7274
002af80 6961 7374 6349 5345 4961 4563 4545 6153
002af90 5349 5f35 4545 6235 6765 6e69 7645 4c00
002afa0 5f43 554e 454d 4952 5f43 414d 4b53 2820
002afb0 2031 3c3c 5f20 4c5f 5f43 554e 454d 4952
002afc0 2943 5f00 4c47 4249 5843 5f58 4542 4947
002afd0 5f4e 414e 454d 5053 4341 5f45 4556 5352
002afe0 4f49 204e 5f00 4e5f 5f52 7472 735f 6769
002aff0 7573 7073 6e65 2064 3331 0030 5441 4d4f
002b000 4349 435f 4148 3852 545f 4c5f 434f 5f4b
002b010 5246 4545 5f20 475f 4343 415f 4f54 494d
002b020 5f43 4843 5241 5f38 5f54 4f4c 4b43 465f
002b030 4552 0045 5f5f 444c 4c42 525f 4445 5249
002b040 5f31 544e 2848 616e 656d 702c 6f72 6f74
002b050 612c 696c 7361 2029 616e 656d 7020 6f72
002b060 6f74 5f20 545f 5248 574f 5f00 475f 494c
002b070 4342 555f 4553 495f 4345 365f 3530 3935
002b080 425f 5046 455f 5458 435f 5832 3120 5f00
002b090 5f4d 6863 6365 5f6b 656c 676e 6874 5300
002b0a0 5359 665f 6461 6976 6573 3436 5f20 4e5f
002b0b0 5f52 6166 7664 7369 3665 0034 4c43 4e4f
002b0c0 5f45 454e 5557 5354 3020 3078 3034 3030
002b0d0 3030 0030 5f5f 4c46 3154 3832 4d5f 5841
002b0e0 455f 5058 5f5f 3120 3336 3438 5f00 4c47
002b0f0 4249 5843 5f58 5854 5f4e 4153 4546 0020
002b100 4945 564e 4c41 3220 0032 535f 5f43 5454
002b110 5f59 414e 454d 4d5f 5841 5f20 4353 545f
002b120 5954 4e5f 4d41 5f45 414d 0058 5f5f 7063
002b130 5f70 696c 5f62 6564 7473 6f72 6979 676e
002b140 645f 6c65 7465 2065 3032 3831 3630 004c
002b150 5a5f 534e 3774 5f5f 7863 3178 3131 6232
002b160 7361 6369 735f 7274 6e69 4967 5363 3174
002b170 6331 6168 5f72 7274 6961 7374 6349 5345
002b180 4961 4563 3645 7061 6570 646e 5045 634b
002b190 5500 4e49 5f54 454c 5341 3354 5f32 414d
002b1a0 2058 3428 3932 3934 3736 3932 5535 0029
002b1b0 5953 5f53 6567 7474 6d69 6f65 6466 7961
002b1c0 5f20 4e5f 5f52 6567 7474 6d69 6f65 6466
002b1d0 7961 5300 5359 725f 6365 6d76 6773 5f20
002b1e0 4e5f 5f52 6572 7663 736d 0067 535f 5f43
002b1f0 4953 5347 4b54 5a53 5f20 4353 535f 4749
002b200 5453 534b 005a 435f 5f53 4258 3553 4c5f
002b210 4250 4749 4f5f 4646 4942 5f47 494c 5342
002b220 5f20 5343 585f 5342 5f35 504c 4942 5f47
002b230 464f 4246 4749 4c5f 4249 0053 5f5f 524e
002b240 705f 6573 656c 7463 2036 3732 0030 475f
002b250 494c 4342 5858 4f5f 5450 4f49 414e 204c
002b260 0031 5a5f 4b4e 7453 3731 6162 6973 5f63
002b270 7473 6972 676e 765f 6569 4977 5363 3174
002b280 6331 6168 5f72 7274 6961 7374 6349 4545
002b290 3631 6966 646e 6c5f 7361 5f74 6f6e 5f74
002b2a0 666f 6345 006d 535f 5f43 414d 5050 4445
002b2b0 465f 4c49 5345 5f20 4353 4d5f 5041 4550
002b2c0 5f44 4946 454c 0053 4c5f 434f 4c41 5f45
002b2d0 4146 4543 5354 4e5f 4e4f 4f49 485f 3120
002b2e0 5f00 4e5f 5f52 6567 6374 6477 3720 0039
002b2f0 545f 505f 5254 4944 4646 0020 5f5f 4955
002b300 544e 465f 5341 3154 5f36 5954 4550 5f5f
002b310 6c20 6e6f 2067 6e75 6973 6e67 6465 6920
002b320 746e 5300 5359 6d5f 6773 7463 206c 5f5f
002b330 524e 6d5f 6773 7463 006c 505f 534f 5849
002b340 515f 494c 494d 2054 0031 5f46 4b4f 3020
002b350 5f00 465f 544c 3436 4d5f 4e49 5f5f 3220
002b360 322e 3532 3730 3833 3835 3035 3237 3130
002b370 3833 3033 3039 3332 3732 3731 3333 3432
002b380 3430 3630 2d65 3033 4638 3436 5f00 675f
002b390 696c 6362 7878 725f 7165 6975 6572 5f73
002b3a0 6163 5f6e 6e69 7263 6d65 6e65 2874 465f
002b3b0 7269 7473 5f2c 6953 657a 2029 5f00 4353
002b3c0 475f 5445 5750 525f 535f 5a49 5f45 414d
002b3d0 2058 535f 5f43 4547 5054 5f57 5f52 4953
002b3e0 455a 4d5f 5841 5f00 4e5a 534b 3674 6576
002b3f0 7463 726f 6349 6153 6349 4545 3431 4d5f
002b400 725f 6e61 6567 635f 6568 6b63 6d45 5f00
002b410 4e5f 5f52 716d 675f 7465 6573 6174 7474
002b420 2072 3432 0035 475f 494c 4342 5858 555f
002b430 4553 435f 4e4f 5453 5845 5250 6320 6e6f
002b440 7473 7865 7270 5f00 575f 435f 4e4f 4954
002b450 554e 4445 3020 6678 6666 0066 5f5f 5355
002b460 5f45 4f58 4550 5f4e 5845 4554 444e 4445
002b470 3120 5f00 4347 5f43 414d 5f58 4c41 4749
002b480 5f4e 2054 5f00 4353 445f 5645 4349 5f45
002b490 4f49 5f20 4353 445f 5645 4349 5f45 4f49
002b4a0 5300 5359 735f 6d68 6567 2074 5f5f 524e
002b4b0 735f 6d68 6567 0074 5a5f 4b4e 7453 5f37
002b4c0 635f 7878 3131 3231 6162 6973 5f63 7473
002b4d0 6972 676e 6349 7453 3131 6863 7261 745f
002b4e0 6172 7469 4973 4563 6153 6349 4545 3731
002b4f0 6966 646e 665f 7269 7473 6e5f 746f 6f5f
002b500 4566 4b52 3453 6d5f 4900 544e 4c5f 4145
002b510 5453 5f38 414d 2058 3128 3732 0029 5f5f
002b520 4f49 5f56 414d 2058 3031 3432 5f00 4353
002b530 4c5f 5645 4c45 5f31 4344 4341 4548 535f
002b540 5a49 2045 535f 5f43 454c 4556 314c 445f
002b550 4143 4843 5f45 4953 455a 5f00 425f 5449
002b560 5f53 4550 5f52 4f4c 474e 3620 0034 5043
002b570 5f55 4c43 5f52 2853 7063 2c75 6573 7374
002b580 7a69 2c65 7063 7375 7465 2970 5f20 435f
002b590 5550 435f 524c 535f 2820 7063 2c75 7320
002b5a0 7465 6973 657a 202c 7063 7375 7465 2970
002b5b0 5f00 4c47 4249 5843 5f58 5355 5f45 3943
002b5c0 5f39 5443 5059 5f45 5254 2031 0031 5a5f
002b5d0 534e 3674 6576 7463 726f 6349 6153 6349
002b5e0 4545 6936 736e 7265 4574 394e 5f5f 6e67
002b5f0 5f75 7863 3178 5f37 6e5f 726f 616d 5f6c
002b600 7469 7265 7461 726f 5049 634b 3153 455f
002b610 4f45 0063 4854 4f52 2857 7974 6570 2e2c
002b620 2e2e 2029 6874 6f72 2077 7974 6570 7328
002b630 6474 3a3a 7865 6570 6972 656d 746e 6c61
002b640 3a3a 6f73 7275 6563 6c5f 636f 7461 6f69
002b650 3a6e 633a 7275 6572 746e 2928 202c 5f5f
002b660 5250 5445 5954 465f 4e55 5443 4f49 5f4e
002b670 2c5f 5f20 565f 5f41 5241 5347 5f5f 3b29
002b680 4c00 4f4c 474e 4d5f 5841 5f20 4c5f 4e4f
002b690 5f47 4f4c 474e 4d5f 5841 5f5f 5f00 4c47
002b6a0 4249 5843 5f58 4f4c 474e 445f 554f 4c42
002b6b0 5f45 4f43 504d 5441 7700 7463 626f 5f00
002b6c0 4e5f 4446 4942 5354 2820 2038 202a 6928
002b6d0 746e 2029 6973 657a 666f 2820 5f5f 6466
002b6e0 6d5f 7361 296b 0029 535f 6d5f 7475 7865
002b6f0 5f00 675f 696c 6362 7878 6d5f 6e69 7600
002b700 5f61 6e65 2864 2976 5f20 625f 6975 746c
002b710 6e69 765f 5f61 6e65 2864 2976 5f00 4e5f
002b720 5f52 636c 6f68 6e77 3920 0034 475f 494c
002b730 4342 5858 485f 5641 5f45 4f50 4c4c 3120
002b740 5f00 5343 585f 5342 5f35 504c 3436 4f5f
002b750 4646 3436 4c5f 4249 2053 435f 5f53 4258
002b760 3553 4c5f 3650 5f34 464f 3646 5f34 494c
002b770 5342 5f00 4e5f 5f52 6373 6568 5f64 6567
002b780 7374 6863 6465 6c75 7265 3120 3534 6600
002b790 6e69 5f64 6966 7372 5f74 666f 5f00 445f
002b7a0 4345 3233 535f 4255 4f4e 4d52 4c41 4d5f
002b7b0 4e49 5f5f 3020 302e 3030 3030 4531 392d
002b7c0 4435 0046 475f 494c 4342 5858 555f 4553
002b7d0 445f 5645 525f 4e41 4f44 204d 0031 5a5f
002b7e0 4b4e 7453 7636 6365 6f74 4972 534e 3774
002b7f0 5f5f 7863 3178 3131 6232 7361 6369 735f
002b800 7274 6e69 4967 5363 3174 6331 6168 5f72
002b810 7274 6961 7374 6349 5345 4961 4563 4545
002b820 6153 5349 5f35 4545 6132 4574 006d 5a5f
002b830 534e 3174 5f32 6556 7463 726f 625f 7361
002b840 4965 5363 4961 4563 3145 5f32 6556 7463
002b850 726f 695f 706d 436c 4534 4b52 3053 005f
002b860 5f5f 4347 5f43 4148 4556 535f 4e59 5f43
002b870 4f43 504d 5241 5f45 4e41 5f44 5753 5041
002b880 325f 3120 5300 5359 655f 6f70 6c6c 635f
002b890 6c74 5f20 4e5f 5f52 7065 6c6f 5f6c 7463
002b8a0 006c 5f5f 524e 665f 6863 6964 2072 3138
002b8b0 5f00 445f 4345 3436 4d5f 5841 455f 5058
002b8c0 5f5f 3320 3538 5f00 575f 4c43 4e4f 2045
002b8d0 7830 3038 3030 3030 3030 5f00 4152 474e
002b8e0 5345 555f 494e 494e 4954 4c41 5a49 4445
002b8f0 485f 3120 5f00 454e 2057 5f00 635f 7878
002b900 6261 7669 0031 5a5f 4b4e 7453 3731 6162
002b910 6973 5f63 7473 6972 676e 765f 6569 4977
002b920 5363 3174 6331 6168 5f72 7274 6961 7374
002b930 6349 4545 6634 6e69 4564 4b50 6d63 5f00
002b940 4e5f 5f52 6f69 735f 6275 696d 2074 3032
002b950 0039 4955 544e 465f 5341 3354 5f32 4957
002b960 5444 2048 5f5f 4f57 4452 4953 455a 5300
002b970 545f 5059 4945 4d53 2851 7562 2966 5f20
002b980 535f 545f 5059 4945 4d53 2851 7562 2966
002b990 5f00 4c47 4249 5843 5f58 4f4e 5845 4543
002b9a0 5450 6e20 656f 6378 7065 0074 5a5f 534e
002b9b0 3674 6576 7463 726f 6349 6153 6349 4545
002b9c0 5361 4f45 3153 005f 524e 4f5f 4550 204e
002b9d0 3031 3432 5300 5359 635f 706f 5f79 6966
002b9e0 656c 725f 6e61 6567 5f20 4e5f 5f52 6f63
002b9f0 7970 665f 6c69 5f65 6172 676e 0065 5a5f
002ba00 4b4e 7453 5f37 635f 7878 3131 3231 6162
002ba10 6973 5f63 7473 6972 676e 6349 7453 3131
002ba20 6863 7261 745f 6172 7469 4973 4563 6153
002ba30 6349 4545 6338 6e6f 6174 6e69 4573 4b50
002ba40 0063 4d5f 6d5f 7861 735f 7a69 0065 7453
002ba50 6d61 5f70 0074 665f 616c 7367 0032 7473
002ba60 7472 756f 006c 4e45 544f 4f53 4b43 3820
002ba70 0038 5a5f 4b4e 7453 5f37 635f 7878 3131
002ba80 3231 6162 6973 5f63 7473 6972 676e 6349
002ba90 7453 3131 6863 7261 745f 6172 7469 4973
002baa0 4563 6153 6349 4545 6c36 6e65 7467 4568
002bab0 0076 5f5f 524e 655f 6f70 6c6c 775f 6961
002bac0 5f74 6c6f 2064 3132 0035 5f5f 524e 735f
002bad0 7379 6f6c 2067 3031 0033 5f5f 6c67 6269
002bae0 7863 5f78 616d 5f78 6964 6967 7374 3031
002baf0 5f28 7054 2029 3228 2b20 5f20 675f 696c
002bb00 6362 7878 665f 6f6c 7461 6e69 2867 545f
002bb10 2c70 5f20 465f 544c 4d5f 4e41 5f54 4944
002bb20 5f47 2c5f 5f20 445f 4c42 4d5f 4e41 5f54
002bb30 4944 5f47 2c5f 5f20 4c5f 4244 5f4c 414d
002bb40 544e 445f 4749 5f5f 2029 202a 3436 4c33
002bb50 2f20 3220 3331 2936 5f00 5f4d 0070 4158
002bb60 5454 5f52 4953 455a 4d5f 5841 3620 3535
002bb70 3633 6d00 7462 776f 0063 475f 494c 4342
002bb80 5858 485f 5641 5f45 4357 4148 5f52 2048
002bb90 0031 505f 534f 5849 4d5f 5345 4153 4547
002bba0 505f 5341 4953 474e 3220 3030 3038 4c39
002bbb0 5f00 4e5a 534b 3774 5f5f 7863 3178 3131
002bbc0 6232 7361 6369 735f 7274 6e69 4967 5363
002bbd0 3174 6331 6168 5f72 7274 6961 7374 6349
002bbe0 5345 4961 4563 3145 5f36 5f4d 6567 5f74
002bbf0 6c61 6f6c 6163 6f74 4572 0076 5f5f 6377
002bc00 0068 5f5f 524e 705f 7561 6573 3320 0034
002bc10 635f 6168 6e69 4300 5550 455f 5551 4c41
002bc20 6328 7570 6573 7074 2c31 7063 7375 7465
002bc30 3270 2029 5f5f 5043 5f55 5145 4155 5f4c
002bc40 2053 7328 7a69 6f65 2066 6328 7570 735f
002bc50 7465 745f 2c29 6320 7570 6573 7074 2c31
002bc60 6320 7570 6573 7074 2932 4900 544e 465f
002bc70 5341 3654 5f34 494d 204e 2d28 5f5f 4e49
002bc80 3654 5f34 2843 3239 3332 3733 3032 3633
002bc90 3538 3734 3537 3038 2937 312d 0029 5953
002bca0 5f53 6c6d 636f 326b 5f20 4e5f 5f52 6c6d
002bcb0 636f 326b 5f00 4e5a 534b 3774 5f5f 7863
002bcc0 3178 3131 6232 7361 6369 735f 7274 6e69
002bcd0 4967 5363 3174 6331 6168 5f72 7274 6961
002bce0 7374 6349 5345 4961 4563 3445 6563 646e
002bcf0 7645 5f00 4353 435f 4c5f 4e41 5f47 5553
002bd00 5050 524f 2054 535f 5f43 5f43 414c 474e
002bd10 535f 5055 4f50 5452 5f00 675f 756e 6c5f
002bd20 6e69 7875 5f5f 3120 5f00 4f50 4953 5f58
002bd30 5053 524f 4441 4349 535f 5245 4556 2052
002bd40 312d 5f00 4e5a 534b 3674 6576 7463 726f
002bd50 4e49 7453 5f37 635f 7878 3131 3231 6162
002bd60 6973 5f63 7473 6972 676e 6349 7453 3131
002bd70 6863 7261 745f 6172 7469 4973 4563 6153
002bd80 6349 4545 5345 4961 3553 455f 3745 7263
002bd90 6562 6967 456e 0076 535f 735f 6c65 6365
002bda0 5f74 6e6f 635f 706f 0079 5f5f 7063 5f70
002bdb0 696c 5f62 7473 7261 7374 655f 646e 5f73
002bdc0 6977 6874 3220 3130 3137 4c31 5f00 655f
002bdd0 6378 7974 6570 6c5f 6e28 6d61 2965 6520
002bde0 7478 7265 206e 6e69 2074 616e 656d 2820
002bdf0 6e69 2c74 6c20 636f 6c61 5f65 2974 5f20
002be00 545f 5248 574f 5500 4e49 5f54 4146 5453
002be10 5f38 4957 5444 2048 0038 475f 494c 4342
002be20 5858 435f 5453 4944 204f 0031 4553 4b45
002be30 535f 5445 3020 4500 4f4e 5253 3620 0033
002be40 5f5f 7063 5f70 6564 6c63 7974 6570 615f
002be50 7475 206f 3032 3331 3430 004c 3131 616d
002be60 5f78 6c61 6769 5f6e 0074 5f5f 7369 636f
002be70 3939 765f 7766 6373 6e61 0066 5241 5f47
002be80 414d 2058 3331 3031 3237 5f00 4353 455f
002be90 5551 5649 435f 414c 5353 4d5f 5841 5f20
002bea0 4353 455f 5551 5649 435f 414c 5353 4d5f
002beb0 5841 4300 4f4c 454e 4e5f 5745 5049 2043
002bec0 7830 3830 3030 3030 3030 5f00 4353 535f
002bed0 4843 5241 4d5f 5841 5f20 4353 535f 4843
002bee0 5241 4d5f 5841 5f00 4c47 4249 5843 5f58
002bef0 4c43 4d49 5449 2053 0031 5f5f 7063 5f70
002bf00 6163 7470 7275 5f65 7473 7261 745f 6968
002bf10 2073 3032 3631 3330 004c 5f5f 4955 544e
002bf20 465f 5341 3854 4d5f 5841 5f5f 3020 6678
002bf30 0066 5453 5441 5f58 4142 4953 5f43 5453
002bf40 5441 2053 7830 3030 3030 3730 6666 0055
002bf50 4f49 5f56 414d 2058 5f5f 4f49 5f56 414d
002bf60 0058 5953 5f53 6876 6e61 7567 2070 5f5f
002bf70 524e 765f 6168 676e 7075 4300 5550 5a5f
002bf80 5245 5f4f 2853 6573 7374 7a69 2c65 7063
002bf90 7375 7465 2970 5f20 435f 5550 5a5f 5245
002bfa0 5f4f 2053 7328 7465 6973 657a 202c 7063
002bfb0 7375 7465 2970 5f00 5343 505f 534f 5849
002bfc0 565f 5f37 4c49 3350 5f32 464f 3346 5f32
002bfd0 444c 4c46 4741 2053 435f 5f53 4f50 4953
002bfe0 5f58 3756 495f 504c 3233 4f5f 4646 3233
002bff0 4c5f 4644 414c 5347 4900 544e 3233 4d5f
002c000 4e49 2820 322d 3431 3437 3338 3436 2d37
002c010 2931 5f00 695f 696f 696e 0074 5953 5f53
002c020 6567 5f74 6f72 7562 7473 6c5f 7369 2074
002c030 5f5f 524e 675f 7465 725f 626f 7375 5f74
002c040 696c 7473 5f00 4156 4c5f 5349 5f54 5f54
002c050 2048 5f00 4c47 4249 5843 5f58 554d 4554
002c060 5f58 2048 0031 5953 5f53 6177 7469 6469
002c070 5f20 4e5f 5f52 6177 7469 6469 5300 5359
002c080 735f 6e79 6663 2073 5f5f 524e 735f 6e79
002c090 6663 0073 5f5f 5441 4d4f 4349 485f 454c
002c0a0 525f 4c45 4145 4553 3120 3133 3730 0032
002c0b0 5f5f 4f4c 474e 4c5f 4e4f 5f47 414d 5f58
002c0c0 205f 7830 6637 6666 6666 6666 6666 6666
002c0d0 6666 6666 4c4c 5f00 635f 7070 6c5f 6269
002c0e0 725f 6d65 766f 5f65 7663 6572 2066 3032
002c0f0 3731 3131 004c 4e45 544f 4d45 5450 2059
002c100 3933 5f00 475f 554e 4c5f 4249 4152 5952
002c110 5f5f 6900 696e 6974 6c61 7a69 7265 6c5f
002c120 7369 0074 5953 5f53 6863 776f 206e 5f5f
002c130 524e 635f 6f68 6e77 5f00 4e5a 7453 6938
002c140 736f 625f 7361 3465 6e49 7469 3443 5245
002c150 534b 5f30 5f00 435f 524f 4552 5443 495f
002c160 4f53 435f 5050 535f 5254 4e49 5f47 5f48
002c170 5250 544f 204f 5f00 675f 7465 5f63 6e75
002c180 6f6c 6b63 6465 625f 646f 2879 665f 2970
002c190 2820 5f5f 6c67 6269 5f63 6e75 696c 656b
002c1a0 796c 2820 5f28 7066 2d29 5f3e 4f49 725f
002c1b0 6165 5f64 7470 2072 3d3e 2820 665f 2970
002c1c0 3e2d 495f 5f4f 6572 6461 655f 646e 2029
002c1d0 203f 5f5f 6675 6f6c 2077 5f28 7066 2029
002c1e0 203a 282a 6e75 6973 6e67 6465 6320 6168
002c1f0 2072 292a 2820 665f 2970 3e2d 495f 5f4f
002c200 6572 6461 705f 7274 2b2b 0029 415f 4654
002c210 4c49 5f45 4f53 5255 4543 5f00 465f 544c
002c220 3231 5f38 4148 5f53 4e49 4946 494e 5954
002c230 5f5f 3120 5f00 4e5a 534b 3774 5f5f 7863
002c240 3178 3131 6232 7361 6369 735f 7274 6e69
002c250 4967 5363 3174 6331 6168 5f72 7274 6961
002c260 7374 6349 5345 4961 4563 3145 6637 6e69
002c270 5f64 6966 7372 5f74 6f6e 5f74 666f 5045
002c280 634b 6d6d 5f00 4353 495f 544e 4d5f 5841
002c290 5f20 4353 495f 544e 4d5f 5841 5300 5359
002c2a0 665f 6567 7874 7461 7274 5f20 4e5f 5f52
002c2b0 6766 7465 6178 7474 0072 475f 494c 4342
002c2c0 5858 485f 5641 5f45 5845 4543 5450 4f49
002c2d0 5f4e 5450 5f52 4953 434e 5f45 4347 3443
002c2e0 2036 0031 5f5f 444c 4c42 525f 4445 5249
002c2f0 4e5f 4854 6e28 6d61 2c65 7270 746f 296f
002c300 6e20 6d61 2065 7270 746f 206f 5f5f 4854
002c310 4f52 0057 5f5f 4c47 4249 5843 5f58 5954
002c320 4550 495f 544e 4e5f 305f 5f20 695f 746e
002c330 3231 0038 5a5f 534e 3174 5f32 6556 7463
002c340 726f 625f 7361 4965 5363 4961 4563 4345
002c350 4534 534f 5f31 4b52 3053 005f 5f5f 4e49
002c360 3354 5f32 2843 2963 6320 5f00 465f 5358
002c370 5f52 205f 0031 5f5f 4556 5352 4f49 5f4e
002c380 205f 3122 2e31 2e34 2230 4c00 4d49 4e49
002c390 4c41 4c5f 4249 545f 4d49 5f45 4e49 4c43
002c3a0 4455 5f45 4954 454d 535f 5453 4d41 5450
002c3b0 545f 485f 5050 205f 5f00 4353 4d5f 4c55
002c3c0 4954 505f 4f52 4543 5353 5f20 4353 4d5f
002c3d0 4c55 4954 505f 4f52 4543 5353 5300 5359
002c3e0 735f 6d65 7463 206c 5f5f 524e 735f 6d65
002c3f0 7463 006c 4557 464f 2820 7830 6666 6666
002c400 6666 6666 2975 5f00 4f49 635f 646f 6365
002c410 7476 5f00 4353 505f 5948 5f53 4150 4547
002c420 2053 535f 5f43 4850 5359 505f 4741 5345
002c430 4900 544e 5450 5f52 414d 2058 3928 3232
002c440 3333 3237 3330 3836 3435 3737 3835 3730
002c450 294c 5f00 4e5a 7453 7636 6365 6f74 4972
002c460 534e 3774 5f5f 7863 3178 3131 6232 7361
002c470 6369 735f 7274 6e69 4967 5363 3174 6331
002c480 6168 5f72 7274 6961 7374 6349 5345 4961
002c490 4563 4545 6153 5349 5f35 4545 7236 7365
002c4a0 7a69 4565 006d 5a5f 534e 3174 5f32 6556
002c4b0 7463 726f 625f 7361 4965 534e 3774 5f5f
002c4c0 7863 3178 3131 6232 7361 6369 735f 7274
002c4d0 6e69 4967 5363 3174 6331 6168 5f72 7274
002c4e0 6961 7374 6349 5345 4961 4563 4545 6153
002c4f0 5349 5f35 4545 3443 6d45 5f00 4e5a 7453
002c500 3231 565f 6365 6f74 5f72 6162 6573 4e49
002c510 7453 5f37 635f 7878 3131 3231 6162 6973
002c520 5f63 7473 6972 676e 6349 7453 3131 6863
002c530 7261 745f 6172 7469 4973 4563 6153 6349
002c540 4545 5345 4961 3553 455f 4345 4534 0076
002c550 5a5f 4b4e 7453 3731 6162 6973 5f63 7473
002c560 6972 676e 765f 6569 4977 5363 3174 6331
002c570 6168 5f72 7274 6961 7374 6349 4545 3631
002c580 6966 646e 6c5f 7361 5f74 6f6e 5f74 666f
002c590 5345 5f32 006d 535f 5f43 4446 4d5f 4d47
002c5a0 2054 535f 5f43 4446 4d5f 4d47 0054 5a5f
002c5b0 4b4e 7453 5f37 635f 7878 3131 3231 6162
002c5c0 6973 5f63 7473 6972 676e 6349 7453 3131
002c5d0 6863 7261 745f 6172 7469 4973 4563 6153
002c5e0 6349 4545 3331 6966 646e 665f 7269 7473
002c5f0 6f5f 4566 4b52 3453 6d5f 5f00 4e5a 7453
002c600 7636 6365 6f74 4972 5363 4961 4563 4345
002c610 4534 534f 5f31 4b52 3053 535f 3174 6937
002c620 746e 6765 6172 5f6c 6f63 736e 6174 746e
002c630 6249 624c 4530 0045 475f 494c 4342 5858
002c640 485f 5641 5f45 4f50 4c57 3120 6900 7373
002c650 6170 6563 5f00 535f 495f 4246 4b4c 3020
002c660 3630 3030 3030 5f00 5343 505f 534f 5849
002c670 565f 5f36 4c49 3350 5f32 464f 3346 5f32
002c680 494c 544e 4c46 4741 2053 435f 5f53 4f50
002c690 4953 5f58 3656 495f 504c 3233 4f5f 4646
002c6a0 3233 4c5f 4e49 4654 414c 5347 5f00 455f
002c6b0 4358 5045 4954 4e4f 2053 0031 5453 4944
002c6c0 5f4e 4946 454c 4f4e 3020 5f00 675f 696c
002c6d0 6362 7878 665f 6f6c 7461 685f 7361 645f
002c6e0 6e65 726f 5f6d 6f6c 7373 6620 6c61 6573
002c6f0 4500 4552 5453 5241 2054 3538 4400 4645
002c700 5541 544c 4d5f 4e4f 4854 445f 5941 5f00
002c710 4c47 4249 5843 5f58 4148 4556 4e5f 5445
002c720 4244 485f 3120 5f00 4e5f 5f52 6572 616e
002c730 656d 7461 2032 3133 0036 5f5f 4148 4556
002c740 465f 4f4c 5441 3436 5f58 4f4c 474e 445f
002c750 554f 4c42 2045 0031 5f5f 5355 5f45 4e47
002c760 5f55 4547 5454 5845 2054 0031 5953 5f53
002c770 7973 6673 2073 5f5f 524e 735f 7379 7366
002c780 5300 4843 4445 525f 2052 0032 5f5f 4148
002c790 4556 465f 4f4c 5441 3233 3120 5f00 465f
002c7a0 544c 3233 4e5f 524f 5f4d 414d 5f58 205f
002c7b0 2e33 3034 3832 3332 3634 3336 3538 3832
002c7c0 3538 3839 3131 3037 3134 3338 3834 3534
002c7d0 3631 3239 6535 332b 4638 3233 5f00 5350
002c7e0 4c54 435f 5050 3431 325f 4152 474e 5f45
002c7f0 494d 4d53 5441 4843 455f 5551 4c41 505f
002c800 4552 4553 544e 2820 4d5f 4353 565f 5245
002c810 3e20 203d 3931 3030 7c20 207c 5f5f 7063
002c820 756c 7073 756c 2073 3d3e 3220 3130 3033
002c830 4c30 7c20 207c 5f5f 7063 5f70 696c 5f62
002c840 6f72 7562 7473 6e5f 6e6f 6f6d 6964 7966
002c850 6e69 5f67 6573 5f71 706f 2073 3d3d 3220
002c860 3130 3033 2934 5f00 4e5a 7453 5f37 635f
002c870 7878 3131 3231 6162 6973 5f63 7473 6972
002c880 676e 6349 7453 3131 6863 7261 745f 6172
002c890 7469 4973 4563 6153 6349 4545 3444 7645
002c8a0 5f00 4353 565f 5f37 504c 4942 5f47 464f
002c8b0 4246 4749 5f20 4353 565f 5f37 504c 4942
002c8c0 5f47 464f 4246 4749 5f00 4e5a 534b 3174
002c8d0 6237 7361 6369 735f 7274 6e69 5f67 6976
002c8e0 7765 6349 7453 3131 6863 7261 745f 6172
002c8f0 7469 4973 4563 3145 7331 6174 7472 5f73
002c900 6977 6874 5345 5f32 4500 534d 5347 5a49
002c910 2045 3039 5f00 435f 4c46 414f 3354 2032
002c920 435f 6d6f 6c70 7865 6620 6f6c 7461 5f00
002c930 635f 7070 6c5f 6269 695f 766e 6b6f 2065
002c940 3032 3431 3131 004c 475f 494c 4342 5858
002c950 505f 4341 414b 4547 535f 5254 4e49 2047
002c960 7022 6361 616b 6567 752d 756e 6573 2064
002c970 6576 7372 6f69 2d6e 6e75 7375 6465 0022
002c980 5f5f 4e49 5f54 5f4e 3255 3130 3031 2833
002c990 5954 4550 2029 7473 7461 6369 6320 6e6f
002c9a0 7473 7865 7270 7520 736e 6769 656e 2064
002c9b0 5954 4550 6c20 776f 7365 2874 2029 6f6e
002c9c0 7865 6563 7470 7b20 7220 7465 7275 206e
002c9d0 696d 286e 3b29 7d20 7320 6174 6974 2063
002c9e0 6f63 736e 6574 7078 2072 6e69 2074 616d
002c9f0 5f78 6964 6967 7374 3031 3d20 3020 003b
002ca00 5f5f 524e 6c5f 6e69 206b 3638 5f00 4e5f
002ca10 5f52 706f 6e65 7461 2032 3334 0037 5f5f
002ca20 5043 5f55 414d 4b53 545f 5059 2045 5f5f
002ca30 5953 4353 4c41 5f4c 4c55 4e4f 5f47 5954
002ca40 4550 5f00 4e5a 7453 3231 565f 6365 6f74
002ca50 5f72 6162 6573 6349 6153 6349 4545 3443
002ca60 4f45 3053 005f 7473 6564 7272 7320 6474
002ca70 7265 0072 535f 5f43 4950 5f49 4e49 4554
002ca80 4e52 5445 445f 5247 4d41 5f20 4353 505f
002ca90 4949 495f 544e 5245 454e 5f54 4744 4152
002caa0 004d 5a5f 534e 3774 5f5f 7863 3178 3131
002cab0 6232 7361 6369 735f 7274 6e69 4967 5363
002cac0 3174 6331 6168 5f72 7274 6961 7374 6349
002cad0 5345 4961 4563 3645 6e69 6573 7472 6d45
002cae0 4b52 3453 005f 5a5f 4b4e 7453 5f37 635f
002caf0 7878 3131 3231 6162 6973 5f63 7473 6972
002cb00 676e 6349 7453 3131 6863 7261 745f 6172
002cb10 7469 4973 4563 6153 6349 4545 6132 4574
002cb20 006d 5f5f 5453 4344 495f 4f53 315f 3630
002cb30 3634 5f5f 3220 3130 3037 4c36 5f00 4c47
002cb40 4249 5843 5f58 4150 5352 5f45 554e 424d
002cb50 5245 5f53 2048 0031 475f 494c 4342 5858
002cb60 555f 4553 535f 5f54 544d 4d49 3120 5f00
002cb70 4e5a 7453 3231 565f 6365 6f74 5f72 6162
002cb80 6573 6349 6153 6349 4545 3443 4f45 3153
002cb90 005f 475f 494c 4342 5858 415f 4f54 494d
002cba0 5f43 5542 4c49 4954 534e 3120 5700 4649
002cbb0 4f43 544e 4e49 4555 2844 7473 7461 7375
002cbc0 2029 5f5f 4957 4346 4e4f 4954 554e 4445
002cbd0 2820 7473 7461 7375 0029 5a5f 4b4e 7453
002cbe0 3731 6162 6973 5f63 7473 6972 676e 765f
002cbf0 6569 4977 5363 3174 6331 6168 5f72 7274
002cc00 6961 7374 6349 4545 3631 6966 646e 6c5f
002cc10 7361 5f74 6f6e 5f74 666f 5045 634b 6d6d
002cc20 5300 5359 665f 6572 6f6d 6576 6178 7474
002cc30 2072 5f5f 524e 665f 6572 6f6d 6576 6178
002cc40 7474 0072 535f 5a49 5445 205f 5f00 4353
002cc50 535f 4f50 4152 4944 5f43 4553 5652 5245
002cc60 5f20 4353 535f 4f50 4152 4944 5f43 4553
002cc70 5652 5245 5f00 4e5a 534b 3774 5f5f 7863
002cc80 3178 3131 6232 7361 6369 735f 7274 6e69
002cc90 4967 5363 3174 6331 6168 5f72 7274 6961
002cca0 7374 6349 5345 4961 4563 3945 6e65 7364
002ccb0 775f 7469 4568 7453 3731 6162 6973 5f63
002ccc0 7473 6972 676e 765f 6569 4977 5363 5f32
002ccd0 0045 5f5f 524e 6d5f 5f71 706f 6e65 3220
002cce0 3034 5f00 4f50 4953 5f58 4552 4c41 4954
002ccf0 454d 535f 4749 414e 534c 3220 3030 3038
002cd00 4c39 5f00 4c47 4249 5843 5f58 4148 4556
002cd10 535f 5359 535f 4d45 485f 3120 5f00 535f
002cd20 4843 5241 575f 4449 4854 5f5f 3820 5f00
002cd30 745f 6d69 7265 745f 645f 6665 6e69 6465
002cd40 3120 5f00 4e5a 7453 3231 565f 6365 6f74
002cd50 5f72 6162 6573 4e49 7453 5f37 635f 7878
002cd60 3131 3231 6162 6973 5f63 7473 6972 676e
002cd70 6349 7453 3131 6863 7261 745f 6172 7469
002cd80 4973 4563 6153 6349 4545 5345 4961 3553
002cd90 455f 3145 5f39 5f4d 6567 5f74 7054 615f
002cda0 6c6c 636f 7461 726f 7645 5f00 4e5a 534b
002cdb0 3174 5f32 6556 7463 726f 625f 7361 4965
002cdc0 5363 4961 4563 3145 5f39 5f4d 6567 5f74
002cdd0 7054 615f 6c6c 636f 7461 726f 7645 5f00
002cde0 615f 6c6c 776f 765f 6365 6f74 0072 5f5f
002cdf0 524e 705f 7277 7469 3665 2034 3831 5f00
002ce00 4f4c 4143 454c 465f 4457 485f 3120 5f00
002ce10 625f 736f 2830 7470 2972 5f20 625f 6975
002ce20 746c 6e69 6f5f 6a62 6365 5f74 6973 657a
002ce30 2820 7470 2c72 3020 0029 434c 415f 4c4c
002ce40 5f20 4c5f 5f43 4c41 004c 5f5f 524e 745f
002ce50 6d69 7265 645f 6c65 7465 2065 3232 0036
002ce60 5a5f 534e 3774 5f5f 7863 3178 3131 6232
002ce70 7361 6369 735f 7274 6e69 4967 5363 3174
002ce80 6331 6168 5f72 7274 6961 7374 6349 5345
002ce90 4961 4563 3645 7361 6973 6e67 5045 634b
002cea0 5f00 465f 544c 455f 5350 4c49 4e4f 5f5f
002ceb0 3120 312e 3239 3930 3832 3539 3035 3837
002cec0 3231 3035 3030 3030 3030 3030 3030 3030
002ced0 3030 3030 3030 2d65 4637 5f00 4e5a 7453
002cee0 7636 6365 6f74 4972 534e 3774 5f5f 7863
002cef0 3178 3131 6232 7361 6369 735f 7274 6e69
002cf00 4967 5363 3174 6331 6168 5f72 7274 6961
002cf10 7374 6349 5345 4961 4563 4545 6153 5349
002cf20 5f35 4545 7039 7375 5f68 6162 6b63 5245
002cf30 534b 5f35 5f00 555f 4553 585f 504f 4e45
002cf40 4b32 0038 5f5f 666f 3666 5f34 5f74 6564
002cf50 6966 656e 2064 5400 4d45 5f50 4146 4c49
002cf60 5255 5f45 4552 5254 2859 7865 7270 7365
002cf70 6973 6e6f 2029 5f28 655f 7478 6e65 6973
002cf80 6e6f 5f5f 2820 207b 6f6c 676e 6920 746e
002cf90 5f20 725f 7365 6c75 3b74 6420 206f 5f5f
002cfa0 6572 7573 746c 3d20 2820 6f6c 676e 6920
002cfb0 746e 2029 6528 7078 6572 7373 6f69 296e
002cfc0 203b 6877 6c69 2065 5f28 725f 7365 6c75
002cfd0 2074 3d3d 2d20 4c31 2620 2026 7265 6e72
002cfe0 206f 3d3d 4520 4e49 5254 3b29 5f20 725f
002cff0 7365 6c75 3b74 7d20 2929 4c00 4d49 4e49
002d000 4c41 4c5f 4249 505f 5241 4553 504f 485f
002d010 5050 205f 5f00 4e5f 5f52 6873 7475 6f64
002d020 6e77 3420 0038 5f5f 5355 5f45 4f58 4550
002d030 204e 0031 5953 5f53 6567 7374 636f 6f6b
002d040 7470 5f20 4e5f 5f52 6567 7374 636f 6f6b
002d050 7470 5f00 695f 746e 3631 745f 5f00 4e5a
002d060 7453 5f37 635f 7878 3131 3231 6162 6973
002d070 5f63 7473 6972 676e 6349 7453 3131 6863
002d080 7261 745f 6172 7469 4973 4563 6153 6349
002d090 4545 7236 7365 7a69 4565 006d 435f 5f53
002d0a0 4f50 4953 5f58 3656 495f 504c 3233 4f5f
002d0b0 4646 4942 5f47 494c 544e 4c46 4741 2053
002d0c0 435f 5f53 4f50 4953 5f58 3656 495f 504c
002d0d0 3233 4f5f 4646 4942 5f47 494c 544e 4c46
002d0e0 4741 0053 5353 5a49 5f45 414d 2058 4f4c
002d0f0 474e 4d5f 5841 5f00 4f50 4953 5f58 4950
002d100 4550 425f 4655 3520 3231 5f00 4e5a 7453
002d110 3531 5f5f 7865 6563 7470 6f69 5f6e 7470
002d120 3172 6533 6378 7065 6974 6e6f 705f 7274
002d130 3443 4f45 3053 005f 5a5f 4b4e 7453 5f37
002d140 635f 7878 3131 3231 6162 6973 5f63 7473
002d150 6972 676e 6349 7453 3131 6863 7261 745f
002d160 6172 7469 4973 4563 6153 6349 4545 6235
002d170 6765 6e69 7645 7300 6174 7472 5f73 6977
002d180 6874 5f00 4353 4d5f 5f51 504f 4e45 4d5f
002d190 5841 5f20 4353 4d5f 5f51 504f 4e45 4d5f
002d1a0 5841 5f00 4e5f 5f52 6b6d 6f6e 2064 3331
002d1b0 0033 5a5f 534e 3674 6576 7463 726f 4e49
002d1c0 7453 5f37 635f 7878 3131 3231 6162 6973
002d1d0 5f63 7473 6972 676e 6349 7453 3131 6863
002d1e0 7261 745f 6172 7469 4973 4563 6153 6349
002d1f0 4545 5345 4961 3553 455f 3145 7333 7268
002d200 6e69 5f6b 6f74 665f 7469 7645 5300 5359
002d210 6d5f 766f 5f65 6f6d 6e75 2074 5f5f 524e
002d220 6d5f 766f 5f65 6f6d 6e75 0074 5953 5f53
002d230 6c6c 7369 7874 7461 7274 5f20 4e5f 5f52
002d240 6c6c 7369 7874 7461 7274 5f00 5343 585f
002d250 5342 5f35 4c49 3350 5f32 464f 3346 5f32
002d260 444c 4c46 4741 2053 435f 5f53 4258 3553
002d270 495f 504c 3233 4f5f 4646 3233 4c5f 4644
002d280 414c 5347 5f00 495f 504c 3233 4f5f 4646
002d290 3233 4c5f 4644 414c 5347 2220 6d2d 3233
002d2a0 0022 4245 4441 2052 3335 5f00 4353 4d5f
002d2b0 4d45 524f 5f59 5250 544f 4345 4954 4e4f
002d2c0 5f20 4353 4d5f 4d45 524f 5f59 5250 544f
002d2d0 4345 4954 4e4f 5f00 4e5f 5f52 6461 746a
002d2e0 6d69 7865 3120 3935 5f00 5343 505f 534f
002d2f0 5849 565f 5f37 504c 3436 4f5f 4646 3436
002d300 4c5f 4644 414c 5347 5f20 5343 505f 534f
002d310 5849 565f 5f37 504c 3436 4f5f 4646 3436
002d320 4c5f 4644 414c 5347 5f00 5f4d 696c 696d
002d330 0074 535f 4154 4254 4655 535f 5f54 4452
002d340 5645 0020 5f5f 7563 7473 695f 6f6d 6576
002d350 5f00 635f 6f6c 6b63 6469 745f 645f 6665
002d360 6e69 6465 3120 5300 4154 5854 535f 5a49
002d370 2045 7830 3030 3030 3230 3030 0055 535f
002d380 5f43 4f4c 474e 425f 5449 5f20 4353 4c5f
002d390 4e4f 5f47 4942 0054 5453 5441 5f58 4947
002d3a0 2044 7830 3030 3030 3030 3031 0055 5f5f
002d3b0 4955 544e 414d 5f58 2843 2963 6320 2320
002d3c0 2023 4c55 5f00 4e5a 7453 7636 6365 6f74
002d3d0 4972 534e 3774 5f5f 7863 3178 3131 6232
002d3e0 7361 6369 735f 7274 6e69 4967 5363 3174
002d3f0 6331 6168 5f72 7274 6961 7374 6349 5345
002d400 4961 4563 4545 6153 5349 5f35 4545 6936
002d410 736e 7265 4574 394e 5f5f 6e67 5f75 7863
002d420 3178 5f37 6e5f 726f 616d 5f6c 7469 7265
002d430 7461 726f 5049 534b 5f35 3753 455f 5345
002d440 3174 6936 696e 6974 6c61 7a69 7265 6c5f
002d450 7369 4974 3553 455f 5f00 4e5a 534b 3174
002d460 5f32 6556 7463 726f 625f 7361 4965 534e
002d470 3774 5f5f 7863 3178 3131 6232 7361 6369
002d480 735f 7274 6e69 4967 5363 3174 6331 6168
002d490 5f72 7274 6961 7374 6349 5345 4961 4563
002d4a0 4545 6153 5349 5f35 4545 3931 4d5f 675f
002d4b0 7465 545f 5f70 6c61 6f6c 6163 6f74 4572
002d4c0 0076 6d74 6d5f 6e69 3700 6c6c 6964 5f76
002d4d0 0074 535f 5f43 5353 525f 5045 5f4c 414d
002d4e0 2058 535f 5f43 5353 525f 5045 5f4c 414d
002d4f0 0058 5f5f 6c67 6269 7863 5f78 616d 2878
002d500 2954 5f20 675f 696c 6362 7878 6d5f 7861
002d510 625f 2820 2c54 7320 7a69 6f65 2866 2954
002d520 2a20 5f20 435f 4148 5f52 4942 5f54 295f
002d530 5f00 4c47 4249 5843 5f58 5355 5f45 4346
002d540 4d48 444f 5441 3120 5f00 4c47 4249 5843
002d550 5f58 4f4e 5f54 4e46 435f 4c41 5f4c 504f
002d560 5f00 465f 544c 3436 5f58 414d 5f58 5845
002d570 5f50 205f 3631 3833 0034 7066 6f5f 6666
002d580 6573 0074 494c 494d 414e 5f4c 494c 5f42
002d590 5346 535f 5a49 5f45 5048 5f50 0020 505f
002d5a0 534f 5849 425f 5241 4952 5245 2053 3032
002d5b0 3830 3930 004c 5953 5f53 6f69 705f 6567
002d5c0 6574 6576 746e 2073 5f5f 524e 695f 5f6f
002d5d0 6770 7465 7665 6e65 7374 6d00 746b 6d69
002d5e0 0065 494c 494d 414e 5f4c 494c 5f42 736a
002d5f0 6e6f 6f69 495f 4a4e 4f53 5f4e 5048 5f50
002d600 0020 535f 5f43 4946 454c 4c5f 434f 494b
002d610 474e 5f20 4353 465f 4c49 5f45 4f4c 4b43
002d620 4e49 0047 535f 5f43 4547 4754 5f52 5f52
002d630 4953 455a 4d5f 5841 5f20 4353 475f 5445
002d640 5247 525f 535f 5a49 5f45 414d 0058 5f5f
002d650 524e 735f 6863 6465 675f 7465 6661 6966
002d660 696e 7974 3220 3430 5f00 535a 3174 7237
002d670 7465 7268 776f 655f 6378 7065 6974 6e6f
002d680 534e 3174 5f35 655f 6378 7065 6974 6e6f
002d690 705f 7274 3331 7865 6563 7470 6f69 5f6e
002d6a0 7470 4572 4500 4c49 4553 2051 3438 5f00
002d6b0 4e5f 5f52 6373 6568 5f64 6573 6174 7474
002d6c0 2072 3133 0034 535f 4c54 525f 5741 535f
002d6d0 4f54 4152 4547 495f 4554 4152 4f54 5f52
002d6e0 2048 0031 6377 7073 7262 006b 5f5f 7461
002d6f0 7274 6269 7475 5f65 6572 7574 6e72 5f73
002d700 7774 6369 5f65 205f 5f5f 7461 7274 6269
002d710 7475 5f65 205f 2828 5f5f 6572 7574 6e72
002d720 5f73 7774 6369 5f65 295f 0029 535f 5f43
002d730 4f50 4c4c 5f20 4353 505f 4c4f 004c 475f
002d740 494c 4342 5858 485f 5641 5f45 5257 5449
002d750 5645 3120 5f00 635f 7070 6c5f 6269 6d5f
002d760 766f 5f65 7469 7265 7461 726f 635f 6e6f
002d770 6563 7470 3220 3230 3032 4c37 5f00 635f
002d780 7070 6c5f 6269 6c5f 7561 646e 7265 3220
002d790 3130 3036 0036 5f5f 4955 544e 5f38 414d
002d7a0 5f58 205f 7830 6666 5f00 4e5a 7453 7636
002d7b0 6365 6f74 4972 5363 4961 4563 3145 5f38
002d7c0 5f4d 6966 6c6c 695f 696e 6974 6c61 7a69
002d7d0 4565 526d 634b 5f00 6556 7463 726f 625f
002d7e0 7361 3c65 6863 7261 202c 7473 3a64 613a
002d7f0 6c6c 636f 7461 726f 633c 6168 3e72 3e20
002d800 5f00 4e5a 7453 7636 6365 6f74 4972 534e
002d810 3774 5f5f 7863 3178 3131 6232 7361 6369
002d820 735f 7274 6e69 4967 5363 3174 6331 6168
002d830 5f72 7274 6961 7374 6349 5345 4961 4563
002d840 4545 6153 5349 5f35 4545 3431 535f 645f
002d850 5f6f 6572 6f6c 6163 6574 5045 3553 535f
002d860 5f38 3853 525f 3653 535f 3174 6937 746e
002d870 6765 6172 5f6c 6f63 736e 6174 746e 6249
002d880 624c 4530 0045 4c43 4e4f 5f45 4843 4c49
002d890 5f44 4553 5454 4449 3020 3078 3031 3030
002d8a0 3030 0030 505f 5453 5f4c 5250 4741 414d
002d8b0 4c5f 434f 5441 4f49 204e 2022 505b 7261
002d8c0 6c61 656c 206c 5453 204c 656d 7373 6761
002d8d0 5d65 203a 0022 5f5f 6469 745f 645f 6665
002d8e0 6e69 6465 0020 505f 534f 5849 495f 5650
002d8f0 2036 3032 3830 3930 004c 435f 6e6f 6174
002d900 6e69 7265 5f00 465f 544c 3436 5f58 414d
002d910 5f58 3031 455f 5058 5f5f 3420 3339 0032
002d920 434c 495f 4544 544e 4649 4349 5441 4f49
002d930 5f4e 414d 4b53 2820 2031 3c3c 5f20 4c5f
002d940 5f43 4449 4e45 4954 4946 4143 4954 4e4f
002d950 0029 5953 5f53 7472 735f 6769 6361 6974
002d960 6e6f 5f20 4e5f 5f52 7472 735f 6769 6361
002d970 6974 6e6f 6a00 6f73 696e 006f 5f5f 524e
002d980 705f 7277 7469 7665 2032 3233 0038 5f5f
002d990 524e 665f 7475 7865 3220 3230 5f00 445f
002d9a0 4345 3233 4d5f 4e49 5f5f 3120 2d45 3539
002d9b0 4644 5f00 5453 4552 4d41 5542 5f46 4354
002d9c0 2043 0031 5a5f 534e 3774 5f5f 7863 3178
002d9d0 3131 6232 7361 6369 735f 7274 6e69 4967
002d9e0 5363 3174 6331 6168 5f72 7274 6961 7374
002d9f0 6349 5345 4961 4563 3645 7061 6570 646e
002da00 5345 3174 6936 696e 6974 6c61 7a69 7265
002da10 6c5f 7369 4974 4563 5f00 4353 585f 504f
002da20 4e45 585f 5543 565f 5245 4953 4e4f 5f20
002da30 4353 585f 504f 4e45 585f 5543 565f 5245
002da40 4953 4e4f 5f00 4f50 4953 5f58 5043 5455
002da50 4d49 2045 0030 5f5f 6f6e 6d72 6c61 695f
002da60 6574 6172 6f74 3c72 6f63 736e 2074 7473
002da70 3a64 5f3a 635f 7878 3131 3a3a 6162 6973
002da80 5f63 7473 6972 676e 633c 6168 2c72 7320
002da90 6474 3a3a 6863 7261 745f 6172 7469 3c73
002daa0 6863 7261 2c3e 7320 6474 3a3a 6c61 6f6c
002dab0 6163 6f74 3c72 6863 7261 203e 2a3e 202c
002dac0 7473 3a64 763a 6365 6f74 3c72 7473 3a64
002dad0 5f3a 635f 7878 3131 3a3a 6162 6973 5f63
002dae0 7473 6972 676e 633c 6168 2c72 7320 6474
002daf0 3a3a 6863 7261 745f 6172 7469 3c73 6863
002db00 7261 2c3e 7320 6474 3a3a 6c61 6f6c 6163
002db10 6f74 3c72 6863 7261 203e 2c3e 7320 6474
002db20 3a3a 6c61 6f6c 6163 6f74 3c72 7473 3a64
002db30 5f3a 635f 7878 3131 3a3a 6162 6973 5f63
002db40 7473 6972 676e 633c 6168 2c72 7320 6474
002db50 3a3a 6863 7261 745f 6172 7469 3c73 6863
002db60 7261 2c3e 7320 6474 3a3a 6c61 6f6c 6163
002db70 6f74 3c72 6863 7261 203e 203e 203e 203e
002db80 003e 505f 534f 5849 545f 5248 4145 5f44
002db90 4153 4546 465f 4e55 5443 4f49 534e 3220
002dba0 3030 3038 4c39 5f00 4854 4552 4441 4d5f
002dbb0 5455 5845 495f 544e 5245 414e 5f4c 2048
002dbc0 0031 475f 494c 4342 5858 455f 444e 4e5f
002dbd0 4d41 5345 4150 4543 415f 474c 204f 5f00
002dbe0 4f50 4953 5f58 3656 4c5f 3650 5f34 464f
002dbf0 3646 2034 0031 5f5f 524e 6e5f 7765 7366
002dc00 6174 6174 2074 3632 0032 5f5f 4955 544e
002dc10 4c5f 4145 5453 3631 4d5f 5841 5f5f 3020
002dc20 6678 6666 0066 5953 5f53 6f69 675f 7465
002dc30 7665 6e65 7374 5f20 4e5f 5f52 6f69 675f
002dc40 7465 7665 6e65 7374 5f00 4c47 4249 5843
002dc50 5f58 5355 5f45 4553 444e 4946 454c 3120
002dc60 5f00 4e5a 534b 3774 5f5f 7863 3178 3131
002dc70 6232 7361 6369 735f 7274 6e69 4967 5363
002dc80 3174 6331 6168 5f72 7274 6961 7374 6349
002dc90 5345 4961 4563 3845 4d5f 635f 6568 6b63
002dca0 6d45 4b50 0063 535f 5f43 4f58 4550 5f4e
002dcb0 454c 4147 5943 5f20 4353 585f 504f 4e45
002dcc0 4c5f 4745 4341 0059 5f5f 6973 657a 745f
002dcd0 5f5f 0020 5a5f 534e 3174 6237 7361 6369
002dce0 735f 7274 6e69 5f67 6976 7765 6349 7453
002dcf0 3131 6863 7261 745f 6172 7469 4973 4563
002dd00 3145 7233 6d65 766f 5f65 7270 6665 7869
002dd10 6d45 5f00 4c47 4249 5843 3158 5f31 5355
002dd20 5f45 3943 5f39 5453 4944 204f 0031 5f5f
002dd30 6177 7469 705f 6972 6176 6574 5f00 495f
002dd40 544e 3233 4d5f 5841 5f5f 3020 3778 6666
002dd50 6666 6666 0066 475f 494c 4342 5858 505f
002dd60 5255 2045 5f5f 7461 7274 6269 7475 5f65
002dd70 205f 2828 5f5f 7570 6572 5f5f 2929 4300
002dd80 4f4c 4553 525f 4e41 4547 435f 4f4c 5845
002dd90 4345 2820 5531 3c20 203c 2932 5f00 4e5a
002dda0 534b 3674 6576 7463 726f 4e49 7453 5f37
002ddb0 635f 7878 3131 3231 6162 6973 5f63 7473
002ddc0 6972 676e 6349 7453 3131 6863 7261 745f
002ddd0 6172 7469 4973 4563 6153 6349 4545 5345
002dde0 4961 3553 455f 3145 5f32 5f4d 6863 6365
002ddf0 5f6b 656c 456e 506d 634b 5f00 4e5a 534b
002de00 3174 6237 7361 6369 735f 7274 6e69 5f67
002de10 6976 7765 6349 7453 3131 6863 7261 745f
002de20 6172 7469 4973 4563 3745 6f63 706d 7261
002de30 4565 6d6d 4b50 6d63 5300 5359 615f 6363
002de40 2074 5f5f 524e 615f 6363 0074 5f5f 7063
002de50 5f70 6564 7564 7463 6f69 5f6e 7567 6469
002de60 7365 3220 3130 3039 4c37 6700 746d 6d69
002de70 0065 5a5f 534e 3174 5f32 6556 7463 726f
002de80 625f 7361 4965 534e 3774 5f5f 7863 3178
002de90 3131 6232 7361 6369 735f 7274 6e69 4967
002dea0 5363 3174 6331 6168 5f72 7274 6961 7374
002deb0 6349 5345 4961 4563 4545 6153 5349 5f35
002dec0 4545 3731 4d5f 635f 6572 7461 5f65 7473
002ded0 726f 6761 4565 006d 5f5f 6e69 5f6f 5f74
002dee0 6564 6966 656e 2064 5f00 635f 7070 6c5f
002def0 6269 655f 6378 6168 676e 5f65 7566 636e
002df00 6974 6e6f 3220 3130 3033 0034 535f 5a49
002df10 5f45 5f54 4544 4c43 5241 4445 0020 5a5f
002df20 4b4e 7453 7636 6365 6f74 4972 5363 4961
002df30 4563 3545 6562 6967 456e 0076 5f5f 524e
002df40 775f 6972 6574 3120 5f00 5f54 4953 455a
002df50 205f 5f00 4c47 4249 5843 5f58 4f46 5752
002df60 5241 2844 545f 2c70 5f5f 6176 296c 7320
002df70 6474 3a3a 6f66 7772 7261 3c64 545f 3e70
002df80 5f28 765f 6c61 0029 7376 7270 6e69 6674
002df90 5f00 4c47 4249 5843 5f58 5953 434e 5248
002dfa0 4e4f 5a49 5441 4f49 5f4e 4148 5050 4e45
002dfb0 5f53 4641 4554 2852 2941 0020 5f5f 6377
002dfc0 6168 5f72 5f74 205f 7500 6e69 5f74 6166
002dfd0 7473 3233 745f 5f00 465f 544c 3436 445f
002dfe0 4e45 524f 5f4d 494d 5f4e 205f 2e34 3439
002dff0 3630 3635 3534 3438 3231 3634 3435 3134
002e000 3637 3635 3738 3239 3638 3238 3132 3733
002e010 6532 332d 3432 3646 0034 495f 4e4f 4642
002e020 3220 5f00 4f50 4953 5f58 4948 4157 2054
002e030 505f 534f 5849 505f 5049 5f45 5542 0046
002e040 5f5f 6975 746e 3631 745f 5f00 5f53 7265
002e050 6f72 5f72 6f63 6c6c 7461 0065 5f5f 4c42
002e060 434b 544e 545f 545f 5059 2045 5f5f 5953
002e070 4353 4c41 5f4c 4c53 4e4f 5f47 5954 4550
002e080 4600 545f 5345 2054 0033 6676 7270 6e69
002e090 6674 5f00 4c47 4249 5843 5f58 4148 4556
002e0a0 465f 4f4c 524f 2046 0031 5a5f 534e 3674
002e0b0 6576 7463 726f 4e49 7453 5f37 635f 7878
002e0c0 3131 3231 6162 6973 5f63 7473 6972 676e
002e0d0 6349 7453 3131 6863 7261 745f 6172 7469
002e0e0 4973 4563 6153 6349 4545 5345 4961 3553
002e0f0 455f 3645 6272 6765 6e69 7645 5f00 4c47
002e100 4249 5843 5f58 4942 5354 5445 425f 5449
002e110 5f53 4550 5f52 4f57 4452 2820 5f5f 4843
002e120 5241 425f 5449 5f5f 2a20 5f20 535f 5a49
002e130 4f45 5f46 4f4c 474e 5f5f 0029 475f 494c
002e140 4342 5858 415f 574c 5941 5f53 4e49 494c
002e150 454e 6920 6c6e 6e69 2065 5f5f 7461 7274
002e160 6269 7475 5f65 285f 5f28 615f 776c 7961
002e170 5f73 6e69 696c 656e 5f5f 2929 5f00 635f
002e180 7070 655f 6378 7065 6974 6e6f 2073 3931
002e190 3739 3131 004c 5953 5f53 7472 735f 6769
002e1a0 6572 7574 6e72 5f20 4e5f 5f52 7472 735f
002e1b0 6769 6572 7574 6e72 5f00 635f 7070 6c5f
002e1c0 6269 655f 6172 6573 695f 2066 3032 3032
002e1d0 3230 004c 5f53 5849 5355 2052 5f5f 5f53
002e1e0 4549 4558 0043 6563 646e 6800 6f74 6562
002e1f0 3233 7828 2029 5f5f 7362 6177 5f70 3233
002e200 2820 2978 7300 7274 6f74 6c75 006c 4955
002e210 544e 5450 5f52 414d 2058 3128 3438 3634
002e220 3437 3034 3337 3037 3539 3135 3136 5535
002e230 294c 5f00 445f 4345 3436 4d5f 4e49 5f5f
002e240 3120 2d45 3833 4433 0044 5f5f 6c67 6269
002e250 7863 5f78 7566 636e 6974 6e6f 725f 7165
002e260 6975 6572 2873 2e2e 292e 0020 5f5f 7973
002e270 6373 6c61 5f6c 6c73 6e6f 5f67 0074 5f5f
002e280 4c47 4249 5f43 4e49 4554 4e52 4c41 535f
002e290 4154 5452 4e49 5f47 4548 4441 5245 495f
002e2a0 504d 454c 454d 544e 5441 4f49 204e 5300
002e2b0 5359 665f 7274 6e75 6163 6574 5f20 4e5f
002e2c0 5f52 7466 7572 636e 7461 0065 5953 5f53
002e2d0 6573 7274 7565 6469 5f20 4e5f 5f52 6573
002e2e0 7274 7565 6469 5f00 505f 5254 4944 4646
002e2f0 545f 5059 5f45 205f 6f6c 676e 6920 746e
002e300 5f00 4c47 4249 5843 5f58 4552 454c 5341
002e310 2045 3131 5300 5359 665f 6f6c 6b63 5f20
002e320 4e5f 5f52 6c66 636f 006b 5a5f 4b4e 7453
002e330 5f37 635f 7878 3131 3231 6162 6973 5f63
002e340 7473 6972 676e 6349 7453 3131 6863 7261
002e350 745f 6172 7469 4973 4563 6153 6349 4545
002e360 6338 7061 6361 7469 4579 0076 5f5f 504c
002e370 3436 4f5f 4646 3436 4c5f 4644 414c 5347
002e380 2220 6d2d 3436 0022 4d5f 635f 706f 5f79
002e390 6164 6174 5f00 4c47 4249 5843 5f58 5043
002e3a0 5f55 4544 4946 454e 2053 0031 5f5f 6970
002e3b0 5f64 5f74 6564 6966 656e 2064 5f00 635f
002e3c0 6178 655f 6378 7065 6974 6e6f 745f 7079
002e3d0 0065 5f5f 7461 7274 645f 6165 6c6c 636f
002e3e0 665f 6572 2065 5f5f 7461 7274 645f 6165
002e3f0 6c6c 636f 2820 5f5f 7562 6c69 6974 5f6e
002e400 7266 6565 202c 2931 5f00 465f 544c 3233
002e410 5f58 4544 4f4e 4d52 4d5f 4e49 5f5f 3420
002e420 392e 3034 3536 3436 3835 3134 3432 3536
002e430 3434 3731 3536 3836 3937 3832 3836 3232
002e440 3331 3237 2d65 3233 4634 3233 0078 495f
002e450 5f4f 7562 5f66 6e65 0064 5441 4d4f 4349
002e460 435f 4148 5f52 4f4c 4b43 465f 4552 2045
002e470 5f5f 4347 5f43 5441 4d4f 4349 435f 4148
002e480 5f52 4f4c 4b43 465f 4552 0045 5a5f 534e
002e490 3774 5f5f 7863 3178 3131 6232 7361 6369
002e4a0 735f 7274 6e69 4967 5363 3174 6331 6168
002e4b0 5f72 7274 6961 7374 6349 5345 4961 4563
002e4c0 3745 6572 6c70 6361 4565 394e 5f5f 6e67
002e4d0 5f75 7863 3178 5f37 6e5f 726f 616d 5f6c
002e4e0 7469 7265 7461 726f 5049 634b 3453 455f
002e4f0 5345 5f39 4b52 3453 005f 425f 5449 5f53
002e500 4f50 4953 5f58 504f 5f54 2048 0031 4c43
002e510 4e4f 5f45 454e 4357 5247 554f 2050 7830
002e520 3230 3030 3030 3030 7700 7363 6678 6d72
002e530 5300 5359 755f 6c6e 6e69 206b 5f5f 524e
002e540 755f 6c6e 6e69 006b 475f 494c 4342 5858
002e550 4e5f 4d41 5345 4150 4543 435f 5858 3131
002e560 5f20 635f 7878 3131 3a3a 5f00 4c47 4249
002e570 5843 5f58 5547 5241 5f44 4157 5449 4e49
002e580 5f47 4942 2054 5f5f 7567 7261 5f64 6574
002e590 7473 625f 7469 2820 2c32 3120 0029 5a5f
002e5a0 534e 3774 5f5f 7863 3178 3131 6232 7361
002e5b0 6369 735f 7274 6e69 4967 5363 3174 6331
002e5c0 6168 5f72 7274 6961 7374 6349 5345 4961
002e5d0 4563 3645 7061 6570 646e 5245 534b 5f34
002e5e0 5f00 685f 7661 5f65 7470 7268 6165 5f64
002e5f0 7461 7274 745f 3120 6e00 6d75 6562 7372
002e600 6900 7773 7463 7079 0065 5f5f 7063 5f70
002e610 6f63 646e 7469 6f69 616e 5f6c 7865 6c70
002e620 6369 7469 3220 3130 3038 4c36 5f00 465f
002e630 544c 3231 5f38 4f4e 4d52 4d5f 5841 5f5f
002e640 3120 312e 3938 3337 3431 3539 3533 3237
002e650 3133 3637 3035 3538 3537 3339 3632 3236
002e660 3038 3730 3230 2b65 3934 3233 3146 3832
002e670 5f00 4e5f 5f52 7070 6c6f 206c 3732 0031
002e680 4345 5248 474e 3420 0034 5f5f 454c 4641
002e690 2c20 5f20 6c5f 6165 5f66 005f 435f 5f53
002e6a0 4f50 4953 5f58 3656 4c5f 4250 4749 4f5f
002e6b0 4646 4942 5f47 4643 414c 5347 5f20 5343
002e6c0 505f 534f 5849 565f 5f36 504c 4942 5f47
002e6d0 464f 4246 4749 435f 4c46 4741 0053 5f5f
002e6e0 4c55 4e4f 3347 5f32 5954 4550 7520 736e
002e6f0 6769 656e 2064 6e69 0074 5f5f 524e 675f
002e700 7465 725f 626f 7375 5f74 696c 7473 3220
002e710 3437 5f00 635f 706d 635f 7375 0074 5f5f
002e720 444c 4c42 4d5f 5841 315f 5f30 5845 5f50
002e730 205f 3934 3233 5f00 4c47 4249 5843 5f58
002e740 4544 5250 425f 4e49 2044 5b5b 6564 7270
002e750 6365 7461 6465 2228 7473 3a64 623a 6e69
002e760 2064 6f64 7365 6e20 746f 7320 7075 6f70
002e770 7472 7620 6c6f 7461 6c69 2065 6e69 4320
002e780 2b2b 3731 2922 5d5d 5f00 635f 7070 6c5f
002e790 6269 695f 5f73 6373 706f 6465 655f 756e
002e7a0 206d 3032 3032 3131 004c 5f5f 5043 5f55
002e7b0 455a 4f52 535f 7328 7465 6973 657a 632c
002e7c0 7570 6573 7074 2029 6f64 5f20 625f 6975
002e7d0 746c 6e69 6d5f 6d65 6573 2074 6328 7570
002e7e0 6573 7074 202c 5c27 2730 202c 6573 7374
002e7f0 7a69 2965 203b 6877 6c69 2065 3028 0029
002e800 5953 5f53 656d 666d 5f64 6573 7263 7465
002e810 5f20 4e5f 5f52 656d 666d 5f64 6573 7263
002e820 7465 5f00 4e5a 7453 3631 6c61 6f6c 6163
002e830 6f74 5f72 7274 6961 7374 5349 4961 4563
002e840 3845 616d 5f78 6973 657a 5245 534b 5f30
002e850 5f00 5343 505f 534f 5849 565f 5f37 504c
002e860 4942 5f47 464f 4246 4749 435f 4c46 4741
002e870 2053 435f 5f53 4f50 4953 5f58 3756 4c5f
002e880 4250 4749 4f5f 4646 4942 5f47 4643 414c
002e890 5347 4300 4f4c 4b43 525f 4145 544c 4d49
002e8a0 5f45 4f43 5241 4553 3520 5300 5359 695f
002e8b0 6f6e 6974 7966 695f 696e 2074 5f5f 524e
002e8c0 695f 6f6e 6974 7966 695f 696e 0074 5f5f
002e8d0 6f73 6b63 656c 5f6e 5f74 6564 6966 656e
002e8e0 2064 5300 5359 675f 7465 7763 2064 5f5f
002e8f0 524e 675f 7465 7763 0064 5a5f 534e 3674
002e900 6576 7463 726f 4e49 7453 5f37 635f 7878
002e910 3131 3231 6162 6973 5f63 7473 6972 676e
002e920 6349 7453 3131 6863 7261 745f 6172 7469
002e930 4973 4563 6153 6349 4545 5345 4961 3553
002e940 455f 3645 6e69 6573 7472 4e45 5f39 675f
002e950 756e 635f 7878 3731 5f5f 6f6e 6d72 6c61
002e960 695f 6574 6172 6f74 4972 4b50 3553 535f
002e970 5f37 4545 534f 5f35 5f00 705f 736f 5f00
002e980 4353 575f 524f 5f44 4942 2054 535f 5f43
002e990 4f57 4452 425f 5449 5f00 4c47 4249 5843
002e9a0 5f58 5355 5f45 5450 5248 4145 5f44 554d
002e9b0 4554 5f58 4c43 434f 4c4b 434f 204b 0031
002e9c0 475f 494c 4342 5858 495f 434e 554c 4544
002e9d0 4e5f 5845 5f54 5f43 4548 4441 5245 0053
002e9e0 5f5f 524e 745f 6d69 2065 3032 0031 5a5f
002e9f0 534e 3174 5f32 6556 7463 726f 625f 7361
002ea00 4965 5363 4961 4563 3145 5f32 6556 7463
002ea10 726f 695f 706d 436c 4534 534f 5f30 534f
002ea20 5f32 7700 7363 7073 006e 5f5f 4953 455a
002ea30 575f 4449 4854 5f5f 3620 0034 5f5f 524e
002ea40 725f 6365 6676 6f72 206d 3534 5f00 4e5f
002ea50 5f52 6573 7563 6972 7974 3120 3538 5300
002ea60 5359 705f 7475 6d70 6773 5f20 4e5f 5f52
002ea70 7570 7074 736d 0067 434c 435f 4c4f 414c
002ea80 4554 5f20 4c5f 5f43 4f43 4c4c 5441 0045
002ea90 5f5f 5355 5f45 4f58 4550 324e 004b 455f
002eaa0 5458 4e5f 4d55 5245 4349 545f 4152 5449
002eab0 2053 0031 435f 5f53 464c 5f53 444c 4c46
002eac0 4741 2053 435f 5f53 464c 5f53 444c 4c46
002ead0 4741 0053 7974 6570 695f 666e 006f 5f5f
002eae0 464f 5f46 5f54 414d 4354 4548 5f53 464f
002eaf0 3646 5f34 2054 0031 535f 5f43 4f58 4550
002eb00 5f4e 5453 4552 4d41 2053 535f 5f43 4f58
002eb10 4550 5f4e 5453 4552 4d41 0053 5f5f 7063
002eb20 5f70 7375 6e69 5f67 6e65 6d75 3220 3130
002eb30 3039 4c37 5f00 4c47 4249 5843 5f58 4e49
002eb40 5f54 5f4e 5254 4941 5354 5428 572c 4449
002eb50 4854 2029 6574 706d 616c 6574 3e3c 7320
002eb60 7274 6375 2074 5f5f 7369 695f 746e 6765
002eb70 7265 6e5f 6e6f 7473 6972 7463 543c 203e
002eb80 207b 6e65 6d75 7b20 5f20 765f 6c61 6575
002eb90 3d20 3120 7d20 203b 7974 6570 6564 2066
002eba0 7473 3a64 5f3a 745f 7572 5f65 7974 6570
002ebb0 5f20 745f 7079 3b65 6520 756e 206d 207b
002ebc0 5f5f 6977 7464 2068 203d 4957 5444 2048
002ebd0 3b7d 7d20 203b 6574 706d 616c 6574 3e3c
002ebe0 7320 7274 6375 2074 5f5f 7369 695f 746e
002ebf0 6765 7265 6e5f 6e6f 7473 6972 7463 753c
002ec00 736e 6769 656e 2064 3e54 7b20 6520 756e
002ec10 206d 207b 5f5f 6176 756c 2065 203d 2031
002ec20 3b7d 7420 7079 6465 6665 7320 6474 3a3a
002ec30 5f5f 7274 6575 745f 7079 2065 5f5f 7974
002ec40 6570 203b 6e65 6d75 7b20 5f20 775f 6469
002ec50 6874 3d20 5720 4449 4854 7d20 203b 3b7d
002ec60 5f00 5343 505f 534f 5849 565f 5f37 4c49
002ec70 3350 5f32 464f 3346 5f32 494c 544e 4c46
002ec80 4741 2053 435f 5f53 4f50 4953 5f58 3756
002ec90 495f 504c 3233 4f5f 4646 3233 4c5f 4e49
002eca0 4654 414c 5347 5f00 4e5f 5f52 7270 636f
002ecb0 7365 5f73 616d 7664 7369 2065 3434 0030
002ecc0 5f5f 7063 5f70 696c 5f62 6863 6f72 6f6e
002ecd0 3220 3130 3136 0031 5a5f 4b4e 7453 3231
002ece0 565f 6365 6f74 5f72 6162 6573 6349 6153
002ecf0 6349 4545 3331 6567 5f74 6c61 6f6c 6163
002ed00 6f74 4572 0076 5a5f 4b4e 7453 5f37 635f
002ed10 7878 3131 3231 6162 6973 5f63 7473 6972
002ed20 676e 6349 7453 3131 6863 7261 745f 6172
002ed30 7469 4973 4563 6153 6349 4545 3331 6966
002ed40 646e 665f 7269 7473 6f5f 4566 6d63 5f00
002ed50 675f 696c 6362 7878 725f 7165 6975 6572
002ed60 5f73 7269 6572 6c66 7865 7669 2865 465f
002ed70 7269 7473 5f2c 614c 7473 2029 5300 4154
002ed80 525f 4e4f 594c 2820 5453 5f41 5050 5353
002ed90 4749 414e 204c 207c 5453 5f41 5050 4a53
002eda0 5449 4554 2052 207c 5453 5f41 5050 5753
002edb0 4e41 4544 2052 207c 5453 5f41 5050 4553
002edc0 5252 524f 7c20 5320 4154 435f 4f4c 4b43
002edd0 5245 2052 207c 5453 5f41 414e 4f4e 7c20
002ede0 5320 4154 4d5f 444f 2045 207c 5453 5f41
002edf0 4c43 294b 4500 4f4e 434c 204b 3733 5f00
002ee00 5546 434e 4554 4358 5045 5f54 2048 0031
002ee10 5953 5f53 6573 7474 6d69 6f65 6466 7961
002ee20 5f20 4e5f 5f52 6573 7474 6d69 6f65 6466
002ee30 7961 5300 495f 4f57 4854 2820 5f53 5749
002ee40 5247 2050 3e3e 3320 0029 4955 544e 4c5f
002ee50 4145 5453 3436 575f 4449 4854 3620 0034
002ee60 4c43 434f 534b 505f 5245 535f 4345 2820
002ee70 5f28 635f 6f6c 6b63 745f 2029 3031 3030
002ee80 3030 2930 5f00 535f 4953 455a 545f 545f
002ee90 5059 2045 5f5f 5753 524f 5f44 5954 4550
002eea0 5f00 555f 4e49 5f54 454c 5341 3854 4d5f
002eeb0 5841 5f5f 3020 6678 0066 5f5f 4c47 4249
002eec0 5f43 494d 4f4e 5f52 205f 3533 5f00 465f
002eed0 544c 3233 455f 5350 4c49 4e4f 5f5f 3120
002eee0 312e 3239 3930 3832 3539 3035 3837 3231
002eef0 3035 3030 3030 3030 3030 3030 3030 3030
002ef00 3030 3030 2d65 4637 3233 5f00 465f 544c
002ef10 3231 5f38 5045 4953 4f4c 5f4e 205f 2e31
002ef20 3239 3935 3932 3439 3334 3738 3332 3835
002ef30 3335 3530 3935 3737 3439 3532 3438 3239
002ef40 3337 6532 332d 4634 3231 0038 5a5f 4b4e
002ef50 7453 5f37 635f 7878 3131 3231 6162 6973
002ef60 5f63 7473 6972 676e 6349 7453 3131 6863
002ef70 7261 745f 6172 7469 4973 4563 6153 6349
002ef80 4545 6335 6572 646e 7645 5f00 4e5a 7453
002ef90 5f37 635f 7878 3131 3231 6162 6973 5f63
002efa0 7473 6972 676e 6349 7453 3131 6863 7261
002efb0 745f 6172 7469 4973 4563 6153 6349 4545
002efc0 5361 5245 534b 5f34 5f00 4e5a 7453 5f37
002efd0 635f 7878 3131 3231 6162 6973 5f63 7473
002efe0 6972 676e 6349 7453 3131 6863 7261 745f
002eff0 6172 7469 4973 4563 6153 6349 4545 7237
002f000 7065 616c 6563 6d45 526d 534b 5f34 5f00
002f010 4c47 4249 5843 5f58 4148 4556 4d5f 444f
002f020 4c46 3120 5f00 465f 544c 3436 495f 5f53
002f030 4549 5f43 3036 3535 5f39 205f 0032 4c43
002f040 4e4f 5f45 4d56 3020 3078 3030 3030 3031
002f050 0030 5f5f 524e 665f 6863 6f6d 2064 3139
002f060 5700 4649 5453 504f 4550 2844 7473 7461
002f070 7375 2029 5f5f 4957 5346 4f54 5050 4445
002f080 2820 7473 7461 7375 0029 5f5f 4955 544e
002f090 4c5f 4145 5453 3233 545f 5059 5f45 205f
002f0a0 6e75 6973 6e67 6465 6920 746e 5f00 4353
002f0b0 4e5f 5250 434f 5345 4f53 5352 435f 4e4f
002f0c0 2046 535f 5f43 504e 4f52 4543 5353 524f
002f0d0 5f53 4f43 464e 7700 7363 7473 0072 5f5f
002f0e0 524e 725f 7365 6174 7472 735f 7379 6163
002f0f0 6c6c 3220 3931 5f00 4e5f 5f52 7570 7074
002f100 736d 2067 3831 0032 475f 494c 4342 5858
002f110 555f 4553 415f 4c4c 434f 5441 524f 4e5f
002f120 5745 3120 4500 4f4e 454b 2059 3231 0036
002f130 5f5f 6967 5f64 5f74 6564 6966 656e 2064
002f140 5300 4843 5241 4d5f 5841 5f20 535f 4843
002f150 5241 4d5f 5841 5f5f 5f00 5343 585f 5342
002f160 5f35 4c49 3350 5f32 464f 3346 5f32 494c
002f170 5342 5f20 5343 585f 5342 5f35 4c49 3350
002f180 5f32 464f 3346 5f32 494c 5342 5f00 555f
002f190 4553 505f 534f 5849 0032 505f 5f43 414d
002f1a0 5f58 4e49 5550 2054 505f 5f43 414d 5f58
002f1b0 4e49 5550 0054 5f5f 524e 725f 5f74 6973
002f1c0 7067 6e65 6964 676e 3120 3732 5f00 4c47
002f1d0 4249 5843 5f58 5355 5f45 5450 5248 4145
002f1e0 5f44 4f43 444e 435f 4f4c 4b43 4157 5449
002f1f0 3120 5f00 4c47 4249 5843 5f58 5547 5241
002f200 5f44 4553 2854 2978 2a20 6328 6168 2072
002f210 292a 2820 2978 3d20 3120 5f00 5350 4c54
002f220 505f 5241 425f 4341 454b 444e 535f 5245
002f230 4149 204c 5f00 5f4d 6873 6972 6b6e 745f
002f240 5f6f 6966 0074 4e45 4946 454c 3220 0033
002f250 4d5f 635f 7061 6361 7469 0079 475f 494c
002f260 4342 5858 485f 5641 5f45 5953 5f53 5453
002f270 5441 485f 3120 5300 495f 5653 5854 5f20
002f280 535f 495f 5653 5854 5f00 4c47 4249 5843
002f290 5f58 5953 434e 5248 4e4f 5a49 5441 4f49
002f2a0 5f4e 4148 5050 4e45 5f53 4542 4f46 4552
002f2b0 4128 2029 6900 746e 635f 7275 5f72 7973
002f2c0 626d 6c6f 5f00 4353 565f 5f36 504c 4942
002f2d0 5f47 464f 4246 4749 5f20 4353 565f 5f36
002f2e0 504c 4942 5f47 464f 4246 4749 5300 5359
002f2f0 635f 6572 7461 5f20 4e5f 5f52 7263 6165
002f300 0074 505f 5453 5f4c 4349 5f43 3831 4f5f
002f310 504d 535f 4d49 5f44 5242 4b4f 4e45 2820
002f320 5f5f 4e49 4554 5f4c 4f43 504d 4c49 5245
002f330 3d20 203d 3831 3030 0029 5f5f 4543 5f54
002f340 205f 0033 475f 494c 4342 5858 485f 5641
002f350 5f45 5441 5254 4249 5455 5f45 4956 4953
002f360 4942 494c 5954 3120 5f00 4e5a 7453 5f37
002f370 635f 7878 3131 3231 6162 6973 5f63 7473
002f380 6972 676e 6349 7453 3131 6863 7261 745f
002f390 6172 7469 4973 4563 6153 6349 4545 6535
002f3a0 6172 6573 6d45 006d 4955 544e 465f 5341
002f3b0 3154 5f36 414d 2058 3128 3438 3634 3437
002f3c0 3034 3337 3037 3539 3135 3136 5535 294c
002f3d0 5f00 414c 4752 4645 4c49 3645 5f34 4f53
002f3e0 5255 4543 5f00 4f50 4953 5f58 4854 4552
002f3f0 4441 435f 5550 4954 454d 3020 5f00 4e55
002f400 5149 4555 505f 5254 485f 3120 5f00 635f
002f410 7070 6c5f 6269 655f 616e 6c62 5f65 6873
002f420 7261 6465 665f 6f72 5f6d 6874 7369 3220
002f430 3130 3036 0033 7473 6f64 7475 7320 6474
002f440 756f 0074 5a5f 4b4e 7453 5f37 635f 7878
002f450 3131 3231 6162 6973 5f63 7473 6972 676e
002f460 6349 7453 3131 6863 7261 745f 6172 7469
002f470 4973 4563 6153 6349 4545 5f37 5f4d 6164
002f480 6174 7645 5f00 635f 7070 6c5f 6269 725f
002f490 6e61 6567 2073 3032 3132 3630 004c 435f
002f4a0 5f53 4f50 4953 5f58 3756 495f 504c 3233
002f4b0 4f5f 4646 3233 4c5f 4249 2053 435f 5f53
002f4c0 4f50 4953 5f58 3756 495f 504c 3233 4f5f
002f4d0 4646 3233 4c5f 4249 0053 5f5f 7063 5f70
002f4e0 696c 5f62 6e69 6f63 706d 656c 6574 635f
002f4f0 6e6f 6174 6e69 7265 655f 656c 656d 746e
002f500 2073 3032 3531 3530 5f00 525f 494c 364d
002f510 5f34 5f54 5954 4550 5f20 555f 5551 4441
002f520 545f 5059 0045 5f5f 454b 4e52 4c45 535f
002f530 5254 4349 5f54 414e 454d 0053 5f5f 7369
002f540 636f 3939 665f 7377 6163 666e 5300 5359
002f550 6f5f 6570 616e 2074 5f5f 524e 6f5f 6570
002f560 616e 0074 4954 454d 5f52 4241 5453 4d49
002f570 2045 0031 475f 494c 4342 5858 4e5f 4d55
002f580 4c5f 4442 5f4c 4c41 3154 3832 465f 4341
002f590 5445 2053 3428 2b20 2820 475f 494c 4342
002f5a0 5858 555f 4553 445f 4155 5f4c 4241 2049
002f5b0 203f 2032 203a 2930 0029 5f5f 524e 755f
002f5c0 6974 656d 736e 7461 3220 3038 4600 5f44
002f5d0 4553 2854 6466 662c 7364 7465 2970 5f20
002f5e0 465f 5f44 4553 2054 6628 2c64 6620 7364
002f5f0 7465 2970 5300 5359 675f 7465 6973 2064
002f600 5f5f 524e 675f 7465 6973 0064 5f5f 6c67
002f610 6269 7863 5f78 6c63 7361 5f73 6572 7571
002f620 7269 7365 2834 615f 5f2c 2c62 635f 5f2c
002f630 2c64 655f 2029 5f00 4c47 4249 5843 5f58
002f640 4148 4556 435f 534f 4c48 3120 5f00 4c47
002f650 4249 5843 5f58 4148 4556 4c5f 4d49 5449
002f660 565f 454d 204d 0030 5a5f 4b4e 7453 7636
002f670 6365 6f74 4972 534e 3774 5f5f 7863 3178
002f680 3131 6232 7361 6369 735f 7274 6e69 4967
002f690 5363 3174 6331 6168 5f72 7274 6961 7374
002f6a0 6349 5345 4961 4563 4545 6153 5349 5f35
002f6b0 4545 6533 646e 7645 4a00 4f53 5f4e 4544
002f6c0 4146 4c55 5f54 4553 4150 4152 4f54 5352
002f6d0 7320 6474 3a3a 6576 7463 726f 733c 6474
002f6e0 3a3a 7473 6972 676e 7b3e 2e22 2c22 2220
002f6f0 225b 202c 5d22 7d22 5f00 4c47 4249 5843
002f700 3158 5f34 4f43 534e 4554 5058 2052 6f63
002f710 736e 6574 7078 0072 4e49 5f54 454c 5341
002f720 3354 5f32 414d 2058 3228 3431 3437 3338
002f730 3436 2937 7700 7363 656c 006e 5f5f 5043
002f740 5f55 4553 5f54 2853 7063 2c75 6573 7374
002f750 7a69 2c65 7063 7375 7465 2970 2820 5f5f
002f760 7865 6574 736e 6f69 5f6e 205f 7b28 7320
002f770 7a69 5f65 2074 5f5f 7063 2075 203d 6328
002f780 7570 3b29 5f20 635f 7570 2f20 3820 3c20
002f790 2820 6573 7374 7a69 2965 3f20 2820 2828
002f7a0 5f5f 7063 5f75 616d 6b73 2a20 2029 2828
002f7b0 7063 7375 7465 2970 3e2d 5f5f 6962 7374
002f7c0 2929 5f5b 435f 5550 4c45 2054 5f28 635f
002f7d0 7570 5d29 7c20 203d 5f5f 5043 4d55 5341
002f7e0 204b 5f28 635f 7570 2929 3a20 3020 203b
002f7f0 297d 0029 5f5f 7063 5f70 6669 635f 6e6f
002f800 7473 7865 7270 3220 3130 3036 4c36 5f00
002f810 6e5f 6565 5f64 6377 6168 5f72 2074 5f00
002f820 4c47 4249 5843 5f58 4148 4556 535f 5254
002f830 4f54 444c 3120 5f00 775f 6b61 5f65 6962
002f840 7374 7465 705f 6972 6176 6574 5f00 495f
002f850 544e 4e5f 325f 3130 3031 2833 5954 4550
002f860 2029 7473 7461 6369 6320 6e6f 7473 7865
002f870 7270 5420 5059 2045 6f6c 6577 7473 2928
002f880 6e20 656f 6378 7065 2074 207b 6572 7574
002f890 6e72 6d20 6e69 2928 203b 207d 7473 7461
002f8a0 6369 6320 6e6f 7473 7865 7270 6920 746e
002f8b0 6d20 7861 645f 6769 7469 3173 2030 203d
002f8c0 3b30 5f00 4f49 725f 6165 5f64 7470 0072
002f8d0 475f 494c 4342 5858 535f 5254 4e49 5f47
002f8e0 4956 5745 545f 4343 3120 5f00 4357 4148
002f8f0 5f52 5f54 4544 4c43 5241 4445 0020 5f5f
002f900 5f53 5349 4947 2044 3230 3030 0030 5a5f
002f910 534e 3674 6576 7463 726f 6349 6153 6349
002f920 4545 3431 4d5f 665f 6c69 5f6c 6e69 6573
002f930 7472 4e45 5f39 675f 756e 635f 7878 3731
002f940 5f5f 6f6e 6d72 6c61 695f 6574 6172 6f74
002f950 4972 6350 3153 455f 6d45 4b52 0063 535f
002f960 4749 4553 5f54 574e 524f 5344 2820 3031
002f970 3432 2f20 2820 2038 202a 6973 657a 666f
002f980 2820 6e75 6973 6e67 6465 6c20 6e6f 2067
002f990 6e69 2974 2929 5f00 4f50 4953 3258 425f
002f9a0 5f43 4142 4553 4d5f 5841 3920 0039 6974
002f9b0 656d 7073 6365 675f 7465 5f00 555f 4553
002f9c0 555f 494e 3958 0038 5f5f 524e 615f 7366
002f9d0 735f 7379 6163 6c6c 3120 3338 5300 495f
002f9e0 5253 4745 6d28 646f 2965 5f20 535f 495f
002f9f0 5453 5059 2845 6d28 646f 2965 202c 5f5f
002fa00 5f53 4649 4552 2947 5f00 4c47 4249 5843
002fa10 5f58 414d 454b 4d5f 564f 5f45 4649 4e5f
002fa20 454f 4358 5045 5f54 5449 5245 5441 524f
002fa30 5f28 7449 7265 2029 7473 3a64 5f3a 6d5f
002fa40 6b61 5f65 6f6d 6576 695f 5f66 6f6e 7865
002fa50 6563 7470 695f 6574 6172 6f74 2872 495f
002fa60 6574 2972 5f00 4e5f 5f52 6567 7074 6565
002fa70 6e72 6d61 2065 3235 5f00 4e5a 7453 5f37
002fa80 635f 7878 3131 3231 6162 6973 5f63 7473
002fa90 6972 676e 6349 7453 3131 6863 7261 745f
002faa0 6172 7469 4973 4563 6153 6349 4545 3031
002fab0 4d5f 645f 7369 6f70 6573 7645 5f00 4e5f
002fac0 5f52 6373 6568 5f64 6573 6174 6666 6e69
002fad0 7469 2079 3032 0033 7369 7377 6170 6563
002fae0 5f00 4547 4f54 5450 505f 534f 5849 485f
002faf0 3120 5f00 4c47 4249 5843 5f58 5554 4c50
002fb00 2045 0031 475f 494c 4342 5858 3032 495f
002fb10 494e 0054 6d74 685f 756f 0072 4e45 5445
002fb20 4f44 4e57 3120 3030 5f00 4c47 4249 5843
002fb30 5f58 4148 4556 415f 4953 464e 3120 7300
002fb40 7274 646e 7075 2861 2c73 296e 2820 5f5f
002fb50 7865 6574 736e 6f69 5f6e 205f 7b28 6320
002fb60 6e6f 7473 6320 6168 2072 5f2a 6f5f 646c
002fb70 3d20 2820 2973 203b 6973 657a 745f 5f20
002fb80 6c5f 6e65 3d20 7320 7274 6c6e 6e65 2820
002fb90 5f5f 6c6f 2c64 2820 296e 3b29 6320 6168
002fba0 2072 5f2a 6e5f 7765 3d20 2820 6863 7261
002fbb0 2a20 2029 5f5f 7562 6c69 6974 5f6e 6c61
002fbc0 6f6c 6163 2820 5f5f 656c 206e 202b 2931
002fbd0 203b 5f5f 656e 5b77 5f5f 656c 5d6e 3d20
002fbe0 2720 305c 3b27 2820 6863 7261 2a20 2029
002fbf0 656d 636d 7970 2820 5f5f 656e 2c77 5f20
002fc00 6f5f 646c 202c 5f5f 656c 296e 203b 297d
002fc10 0029 5a5f 4b4e 7453 7636 6365 6f74 4972
002fc20 5363 4961 4563 3545 7263 6e65 4564 0076
002fc30 485f 5341 5448 4241 454c 485f 3120 5f00
002fc40 4e5a 7453 5f37 635f 7878 3131 3231 6162
002fc50 6973 5f63 7473 6972 676e 6349 7453 3131
002fc60 6863 7261 745f 6172 7469 4973 4563 6153
002fc70 6349 4545 3331 535f 635f 706f 5f79 6863
002fc80 7261 4573 6350 3553 535f 5f35 5f00 4353
002fc90 505f 4949 495f 544e 5245 454e 2054 535f
002fca0 5f43 4950 5f49 4e49 4554 4e52 5445 5f00
002fcb0 4e5f 5f52 736d 7367 646e 3620 0039 475f
002fcc0 494c 4342 5858 455f 444e 4e5f 4d41 5345
002fcd0 4150 4543 435f 4e4f 4154 4e49 5245 0020
002fce0 4d45 4946 454c 3220 0034 5a5f 534e 4961
002fcf0 4563 3031 6564 6c61 6f6c 6163 6574 5045
002fd00 6d63 5f00 4f50 4953 3258 425f 5f43 4353
002fd10 4c41 5f45 414d 2058 3939 5f00 4353 525f
002fd20 4745 5845 2050 535f 5f43 4552 4547 5058
002fd30 4500 5250 544f 204f 3137 5f00 485f 5641
002fd40 5f45 4944 5453 4e49 5443 465f 4f4c 5441
002fd50 3631 5f20 485f 5641 5f45 4c46 414f 3154
002fd60 0036 535f 5f43 4853 5241 4445 4d5f 4d45
002fd70 524f 5f59 424f 454a 5443 2053 535f 5f43
002fd80 4853 5241 4445 4d5f 4d45 524f 5f59 424f
002fd90 454a 5443 0053 505f 534f 5849 535f 5254
002fda0 4145 5f4d 414d 2058 0038 5a5f 394e 5f5f
002fdb0 6e67 5f75 7863 3178 6e33 7765 615f 6c6c
002fdc0 636f 7461 726f 6349 4345 4534 4b52 3153
002fdd0 005f 5f5f 7063 5f70 696c 5f62 7974 6570
002fde0 745f 6172 7469 765f 7261 6169 6c62 5f65
002fdf0 6574 706d 616c 6574 2073 3032 3531 3031
002fe00 004c 5f5f 5355 5f45 4f58 4550 324e 204b
002fe10 0031 425f 5449 5f53 5453 5552 5443 535f
002fe20 4154 5f54 2048 0031 5450 5248 4145 5f44
002fe30 4441 5041 4954 4556 4d5f 5455 5845 495f
002fe40 494e 4954 4c41 5a49 5245 4e5f 2050 207b
002fe50 207b 5f5f 5450 5248 4145 5f44 554d 4554
002fe60 5f58 4e49 5449 4149 494c 455a 2052 5028
002fe70 4854 4552 4441 4d5f 5455 5845 415f 4144
002fe80 5450 5649 5f45 504e 2029 207d 007d 5953
002fe90 5f53 716d 6f5f 6570 206e 5f5f 524e 6d5f
002fea0 5f71 706f 6e65 5500 4843 5241 575f 4449
002feb0 4854 3820 5f00 4e5f 5f52 6373 6568 5f64
002fec0 6979 6c65 2064 3432 4500 4441 5244 4f4e
002fed0 4154 4156 4c49 3920 0039 475f 494c 4342
002fee0 5858 445f 5145 4555 425f 4655 535f 5a49
002fef0 2045 3135 0032 5a5f 394e 5f5f 6e67 5f75
002ff00 7863 3178 5f34 615f 6c6c 636f 745f 6172
002ff10 7469 4973 6153 6349 6345 3145 5f35 5f53
002ff20 6c61 6177 7379 655f 7571 6c61 7645 5f00
002ff30 4353 4c5f 5645 4c45 5f31 4349 4341 4548
002ff40 4c5f 4e49 5345 5a49 2045 535f 5f43 454c
002ff50 4556 314c 495f 4143 4843 5f45 494c 454e
002ff60 4953 455a 5f00 4c47 4249 5843 5f58 4148
002ff70 4556 535f 5359 535f 5359 4e49 4f46 485f
002ff80 3120 5f00 4e5a 534b 3174 6237 7361 6369
002ff90 735f 7274 6e69 5f67 6976 7765 6349 7453
002ffa0 3131 6863 7261 745f 6172 7469 4973 4563
002ffb0 3945 6e65 7364 775f 7469 4568 4b50 0063
002ffc0 5a5f 534e 3774 5f5f 7863 3178 3131 6232
002ffd0 7361 6369 735f 7274 6e69 4967 5363 3174
002ffe0 6331 6168 5f72 7274 6961 7374 6349 5345
002fff0 4961 4563 3545 6c63 6165 4572 0076 5450
0030000 5248 4145 5f44 5243 4145 4554 445f 5445
0030010 4341 4548 2044 5450 5248 4145 5f44 5243
0030020 4145 4554 445f 5445 4341 4548 0044 5f5f
0030030 6e75 6564 5f66 504f 4e45 4d5f 5841 0020
0030040 5453 5441 5f58 5442 4d49 2045 7830 3030
0030050 3030 3830 3030 0055 4c45 4832 544c 3520
0030060 0031 5f5f 4347 5f43 5441 4d4f 4349 4c5f
0030070 4f4c 474e 4c5f 434f 5f4b 5246 4545 3220
0030080 5f00 535f 3233 545f 5059 2045 6e69 0074
0030090 626d 7273 6f74 6377 0073 585f 504f 4e45
00300a0 585f 4750 2034 0031 535f 5f43 4854 4552
00300b0 4441 505f 4952 5f4f 4e49 4548 4952 2054
00300c0 535f 5f43 4854 4552 4441 505f 4952 5f4f
00300d0 4e49 4548 4952 0054 585f 504f 4e45 4c5f
00300e0 4d49 485f 3120 5f00 4e5a 534b 3174 6237
00300f0 7361 6369 735f 7274 6e69 5f67 6976 7765
0030100 6349 7453 3131 6863 7261 745f 6172 7469
0030110 4973 4563 3745 7263 6562 6967 456e 0076
0030120 5f5f 524e 635f 6f6c 6573 725f 6e61 6567
0030130 3420 3633 5f00 4f49 775f 6972 6574 705f
0030140 7274 5f00 4e5a 534b 3174 6936 696e 6974
0030150 6c61 7a69 7265 6c5f 7369 4974 4563 6533
0030160 646e 7645 5f00 575f 4649 5453 504f 4550
0030170 2844 7473 7461 7375 2029 2828 7328 6174
0030180 7574 2973 2620 3020 6678 2966 3d20 203d
0030190 7830 6637 0029 4357 4148 5f52 4957 5444
00301a0 2048 3233 5f00 4c47 4249 5843 5f58 4e45
00301b0 5f44 414e 454d 5053 4341 5f45 4556 5352
00301c0 4f49 204e 5300 5359 6f5f 6570 616e 3274
00301d0 5f20 4e5f 5f52 706f 6e65 7461 0032 535f
00301e0 5f43 4153 4556 5f44 4449 2053 535f 5f43
00301f0 4153 4556 5f44 4449 0053 4c4e 535f 5445
0030200 414d 2058 4e49 5f54 414d 0058 5953 5f53
0030210 6567 6474 6e65 7374 5f20 4e5f 5f52 6567
0030220 6474 6e65 7374 5300 5359 735f 636f 656b
0030230 7074 6961 2072 5f5f 524e 735f 636f 656b
0030240 7074 6961 0072 425f 5449 5f53 4e45 4944
0030250 4e41 485f 3120 5f00 4f58 4550 5f4e 4556
0030260 5352 4f49 204e 3037 0030 435f 5050 545f
0030270 5059 5f45 5254 4941 5354 485f 3120 7700
0030280 7363 7466 6d69 0065 5953 5f53 7065 6c6f
0030290 5f6c 7463 5f6c 6c6f 2064 5f5f 524e 655f
00302a0 6f70 6c6c 635f 6c74 6f5f 646c 5f00 4c47
00302b0 4249 5843 5f58 5845 4554 4e52 545f 4d45
00302c0 4c50 5441 2045 0031 5953 5f53 6d75 7361
00302d0 206b 5f5f 524e 755f 616d 6b73 5f00 4e5a
00302e0 534b 3174 6237 7361 6369 735f 7274 6e69
00302f0 5f67 6976 7765 6349 7453 3131 6863 7261
0030300 745f 6172 7469 4973 4563 3545 6672 6e69
0030310 4564 6d63 5f00 4353 4d5f 4e4f 544f 4e4f
0030320 4349 435f 4f4c 4b43 5f20 4353 4d5f 4e4f
0030330 544f 4e4f 4349 435f 4f4c 4b43 5200 4e41
0030340 5f44 414d 2058 3132 3734 3834 3633 3734
0030350 5300 5359 675f 7465 6b5f 7265 656e 5f6c
0030360 7973 736d 5f20 4e5f 5f52 6567 5f74 656b
0030370 6e72 6c65 735f 6d79 0073 505f 5453 5f4c
0030380 4f4d 4f4e 4f54 494e 5f43 5250 5345 4e45
0030390 2054 5f28 495f 544e 4c45 435f 4d4f 4950
00303a0 454c 2052 3d3e 3120 3038 2930 4400 4645
00303b0 5541 544c 455f 5252 425f 4655 5f46 4953
00303c0 455a 3220 3430 0038 5953 5f53 6970 6664
00303d0 5f64 706f 6e65 5f20 4e5f 5f52 6970 6664
00303e0 5f64 706f 6e65 5f00 4c47 4249 5843 5f58
00303f0 4f4e 5845 4543 5450 515f 4155 204c 6f6e
0030400 7865 6563 7470 2820 4e5f 2945 5f00 4c47
0030410 4249 5843 5f58 3858 5f36 4452 4152 444e
0030420 3120 5f00 525f 494c 5f4d 5f54 5954 4550
0030430 5f20 535f 5359 4143 4c4c 555f 4f4c 474e
0030440 545f 5059 0045 505f 534f 5849 545f 5248
0030450 4145 5f44 5441 5254 535f 4154 4b43 4953
0030460 455a 3220 3030 3038 4c39 5f00 495f 544e
0030470 414d 5f58 2843 2963 6320 2320 2023 004c
0030480 5f5f 524e 645f 7075 2032 3333 5f00 4c47
0030490 4249 5843 5f58 4148 4556 495f 4e53 4e41
00304a0 204c 0031 475f 494c 4342 5858 485f 5641
00304b0 5f45 5453 4144 494c 4e47 485f 3120 5300
00304c0 5359 675f 7465 6967 2064 5f5f 524e 675f
00304d0 7465 6967 0064 5f5f 7270 6f69 6972 7974
00304e0 4900 544e 465f 5341 3354 5f32 414d 2058
00304f0 3928 3232 3333 3237 3330 3836 3435 3737
0030500 3835 3730 294c 5f00 4e5a 7453 3231 565f
0030510 6365 6f74 5f72 6162 6573 4e49 7453 5f37
0030520 635f 7878 3131 3231 6162 6973 5f63 7473
0030530 6972 676e 6349 7453 3131 6863 7261 745f
0030540 6172 7469 4973 4563 6153 6349 4545 5345
0030550 4961 3553 455f 3145 5f32 6556 7463 726f
0030560 695f 706d 436c 4534 0076 535f 4454 5f43
0030570 5250 4445 4645 485f 3120 5f00 5847 5f58
0030580 554e 4c4c 5450 5f52 2054 5300 5359 745f
0030590 6d69 7265 675f 7465 766f 7265 7572 206e
00305a0 5f5f 524e 745f 6d69 7265 675f 7465 766f
00305b0 7265 7572 006e 435f 5f53 4f50 4953 5f58
00305c0 3756 4c5f 4250 4749 4f5f 4646 4942 5f47
00305d0 444c 4c46 4741 2053 435f 5f53 4f50 4953
00305e0 5f58 3756 4c5f 4250 4749 4f5f 4646 4942
00305f0 5f47 444c 4c46 4741 0053 5953 5f53 6970
0030600 6f76 5f74 6f72 746f 5f20 4e5f 5f52 6970
0030610 6f76 5f74 6f72 746f 5f00 4c47 4249 5843
0030620 5f58 4148 4556 545f 5552 434e 5441 2045
0030630 0031 475f 494c 4342 5858 415f 4f54 494d
0030640 5f43 4f57 4452 485f 3120 7600 7373 6163
0030650 666e 5f00 4e5a 7453 5f37 635f 7878 3131
0030660 3231 6162 6973 5f63 7473 6972 676e 6349
0030670 7453 3131 6863 7261 745f 6172 7469 4973
0030680 4563 6153 6349 4545 3443 5345 3174 6936
0030690 696e 6974 6c61 7a69 7265 6c5f 7369 4974
00306a0 4563 4b52 3353 005f 5f5f 524e 765f 736d
00306b0 6c70 6369 2065 3732 0038 5953 5f53 716d
00306c0 745f 6d69 6465 6572 6563 7669 2065 5f5f
00306d0 524e 6d5f 5f71 6974 656d 7264 6365 6965
00306e0 6576 5300 5359 6c5f 6573 7874 7461 7274
00306f0 5f20 4e5f 5f52 736c 7465 6178 7474 0072
0030700 5a5f 4b4e 7453 3731 6162 6973 5f63 7473
0030710 6972 676e 765f 6569 4977 5363 3174 6331
0030720 6168 5f72 7274 6961 7374 6349 4545 6634
0030730 6e69 4564 3253 6d5f 5f00 4c47 4249 5843
0030740 5f58 4148 4556 465f 4e49 5449 4c45 3120
0030750 5f00 4e5f 5f52 6f6d 6576 705f 6761 7365
0030760 3220 3937 5f00 4c47 4249 5843 5f58 5546
0030770 4c4c 5f59 5944 414e 494d 5f43 5453 4952
0030780 474e 3020 5300 5359 6b5f 6c69 206c 5f5f
0030790 524e 6b5f 6c69 006c 5a5f 534e 3774 5f5f
00307a0 7863 3178 3131 6232 7361 6369 735f 7274
00307b0 6e69 4967 5363 3174 6331 6168 5f72 7274
00307c0 6961 7374 6349 5345 4961 4563 3745 535f
00307d0 6d5f 766f 4565 6350 4b50 6d63 5f00 4e5a
00307e0 5f39 675f 756e 635f 7878 3431 5f5f 6c61
00307f0 6f6c 5f63 7274 6961 7374 5349 4961 4563
0030800 4563 3732 535f 705f 6f72 6170 6167 6574
0030810 6f5f 5f6e 6f6d 6576 615f 7373 6769 456e
0030820 0076 5a5f 534e 3774 5f5f 7863 3178 3131
0030830 6232 7361 6369 735f 7274 6e69 4967 5363
0030840 3174 6331 6168 5f72 7274 6961 7374 6349
0030850 5345 4961 4563 3645 6e69 6573 7472 4e45
0030860 5f39 675f 756e 635f 7878 3731 5f5f 6f6e
0030870 6d72 6c61 695f 6574 6172 6f74 4972 4b50
0030880 5363 5f34 4545 636d 5f00 5f53 7270 706f
0030890 6761 7461 5f65 6e6f 635f 706f 5f79 7361
00308a0 6973 6e67 5f00 675f 696c 6362 7878 725f
00308b0 7165 6975 6572 5f73 6176 696c 5f64 6172
00308c0 676e 2865 465f 7269 7473 5f2c 614c 7473
00308d0 2029 5f00 4e5a 7453 5f37 635f 7878 3131
00308e0 3231 6162 6973 5f63 7473 6972 676e 6349
00308f0 7453 3131 6863 7261 745f 6172 7469 4973
0030900 4563 6153 6349 4545 6936 736e 7265 4574
0030910 6d6d 0063 475f 494c 4342 5858 525f 4145
0030920 5f44 454d 5f4d 4142 5252 4549 2052 5f5f
0030930 7461 6d6f 6369 745f 7268 6165 5f64 6566
0030940 636e 2065 5f28 415f 4f54 494d 5f43 4341
0030950 5551 5249 2945 5f00 4e5a 534b 3774 5f5f
0030960 7863 3178 3131 6232 7361 6369 735f 7274
0030970 6e69 4967 5363 3174 6331 6168 5f72 7274
0030980 6961 7374 6349 5345 4961 4563 3445 6966
0030990 646e 5045 634b 6d6d 5f00 5f4d 6567 5f74
00309a0 6c61 6f6c 6163 6f74 0072 5f5f 7063 5f70
00309b0 696c 5f62 6f63 736e 6574 7078 5f72 6c61
00309c0 6f67 6972 6874 736d 3220 3130 3038 4c36
00309d0 5f00 635f 7070 6c5f 6269 765f 696f 5f64
00309e0 2074 3032 3431 3131 4500 4f49 3520 5f00
00309f0 4e5a 7453 7636 6365 6f74 4972 534e 3774
0030a00 5f5f 7863 3178 3131 6232 7361 6369 735f
0030a10 7274 6e69 4967 5363 3174 6331 6168 5f72
0030a20 7274 6961 7374 6349 5345 4961 4563 4545
0030a30 6153 5349 5f35 4545 3431 4d5f 6d5f 766f
0030a40 5f65 7361 6973 6e67 4f45 3753 535f 3174
0030a50 6937 746e 6765 6172 5f6c 6f63 736e 6174
0030a60 746e 6249 624c 4530 0045 6f6e 5f74 6f65
0030a70 0066 5f5f 5441 4d4f 4349 415f 5143 4955
0030a80 4552 3220 5f00 465f 544c 4d5f 4e49 315f
0030a90 5f30 5845 5f50 205f 2d28 3733 0029 4d54
0030aa0 5f50 414d 2058 3332 3338 3832 4c00 4d49
0030ab0 4e49 4c41 4c5f 4249 545f 4d49 5f45 4e49
0030ac0 4c43 4455 5f45 5550 4c42 4349 545f 4d49
0030ad0 5f45 4e55 5449 5f53 5048 5f50 0020 4d5f
0030ae0 735f 6177 5f70 6164 6174 5f00 5f4d 6567
0030af0 0074 5a5f 534e 3774 5f5f 7863 3178 3131
0030b00 6232 7361 6369 735f 7274 6e69 4967 5363
0030b10 3174 6331 6168 5f72 7274 6961 7374 6349
0030b20 5345 4961 4563 3645 6272 6765 6e69 7645
0030b30 5f00 675f 696c 6362 7878 6c5f 6e6f 5f67
0030b40 6f64 6275 656c 745f 6172 7370 6620 6c61
0030b50 6573 5f00 4942 5354 535f 4843 4445 485f
0030b60 3120 4900 544e 4c5f 4145 5453 3233 4d5f
0030b70 4e49 2820 322d 3431 3437 3338 3436 2d37
0030b80 2931 5f00 675f 696c 6362 7878 635f 616c
0030b90 7373 725f 7165 6975 6572 2873 615f 5f2c
0030ba0 2962 0020 505f 534f 5849 4a5f 424f 435f
0030bb0 4e4f 5254 4c4f 3120 5f00 505f 4449 545f
0030bc0 545f 5059 2045 5f5f 3353 5f32 5954 4550
0030bd0 5f00 4e5f 5f52 6572 616e 656d 3820 0032
0030be0 5953 5f53 616c 646e 6f6c 6b63 635f 6572
0030bf0 7461 5f65 7572 656c 6573 2074 5f5f 524e
0030c00 6c5f 6e61 6c64 636f 5f6b 7263 6165 6574
0030c10 725f 6c75 7365 7465 4500 324c 534e 4e59
0030c20 2043 3534 5f00 465f 4c49 0045 535f 5f43
0030c30 4142 4553 5f20 4353 425f 5341 0045 5f4c
0030c40 4e49 5243 5320 4545 5f4b 5543 0052 505f
0030c50 5453 5f4c 5250 4741 414d 445f 4345 414c
0030c60 4552 525f 4445 4355 4954 4e4f 4e28 4d41
0030c70 2c45 504f 2029 505f 5453 5f4c 5250 4741
0030c80 414d 6f28 706d 6420 6365 616c 6572 7220
0030c90 6465 6375 6974 6e6f 4e28 4d41 3a45 504f
0030ca0 3a20 6f20 706d 6f5f 7475 6f28 706d 695f
0030cb0 296e 2029 6e69 7469 6169 696c 657a 2872
0030cc0 6d6f 5f70 7270 7669 3d20 6f20 706d 6f5f
0030cd0 6972 2967 0029 5f5f 4843 5241 425f 5449
0030ce0 5f5f 3820 5f00 4353 525f 4145 4544 5f52
0030cf0 5257 5449 5245 4c5f 434f 534b 5f20 4353
0030d00 525f 4145 4544 5f52 5257 5449 5245 4c5f
0030d10 434f 534b 5f00 4f50 4953 5f58 4843 574f
0030d20 5f4e 4552 5453 4952 5443 4445 3020 5f00
0030d30 7349 6e55 7375 6465 5f20 615f 7474 6972
0030d40 7562 6574 5f5f 2820 5f28 755f 756e 6573
0030d50 5f64 295f 0029 5f5f 4148 4556 465f 4f4c
0030d60 5441 3231 2038 0031 425f 5449 5f53 4954
0030d70 454d 5f58 2048 0031 5f5f 4244 5f4c 5349
0030d80 495f 4345 365f 3530 3935 5f5f 3220 5f00
0030d90 4e5f 5f52 6572 7663 6d6d 6773 3220 3939
0030da0 5f00 4e5a 7453 7636 6365 6f74 4972 534e
0030db0 3774 5f5f 7863 3178 3131 6232 7361 6369
0030dc0 735f 7274 6e69 4967 5363 3174 6331 6168
0030dd0 5f72 7274 6961 7374 6349 5345 4961 4563
0030de0 4545 6153 5349 5f35 4545 5361 4f45 3753
0030df0 005f 425f 5449 5f53 4c46 414f 4e54 485f
0030e00 0020 425f 5449 5f53 5453 4944 544e 495f
0030e10 544e 5f4e 2048 0031 5f5f 5450 4452 4649
0030e20 5f46 2054 5f00 4e5a 7453 5f37 635f 7878
0030e30 3131 3231 6162 6973 5f63 7473 6972 676e
0030e40 6349 7453 3131 6863 7261 745f 6172 7469
0030e50 4973 4563 6153 6349 4545 7237 7365 7265
0030e60 6576 6d45 5f00 675f 696c 6362 7878 645f
0030e70 6769 7469 2873 2954 5f20 675f 696c 6362
0030e80 7878 645f 6769 7469 5f73 2062 5428 202c
0030e90 6973 657a 666f 5428 2029 202a 5f5f 4843
0030ea0 5241 425f 5449 5f5f 0029 5a5f 394e 5f5f
0030eb0 6e67 5f75 7863 3178 5f37 6e5f 726f 616d
0030ec0 5f6c 7469 7265 7461 726f 5049 4e63 7453
0030ed0 5f37 635f 7878 3131 3231 6162 6973 5f63
0030ee0 7473 6972 676e 6349 7453 3131 6863 7261
0030ef0 745f 6172 7469 4973 4563 6153 6349 4545
0030f00 4545 3443 7645 5f00 5343 585f 5342 5f35
0030f10 4c49 3350 5f32 464f 4246 4749 4c5f 4e49
0030f20 4654 414c 5347 5f20 5343 585f 5342 5f35
0030f30 4c49 3350 5f32 464f 4246 4749 4c5f 4e49
0030f40 4654 414c 5347 5f00 4e5a 7453 5f37 635f
0030f50 7878 3131 3231 6162 6973 5f63 7473 6972
0030f60 676e 6349 7453 3131 6863 7261 745f 6172
0030f70 7469 4973 4563 6153 6349 4545 3031 535f
0030f80 635f 6d6f 6170 6572 6d45 006d 5a5f 534e
0030f90 3874 6f69 5f73 6162 6573 4934 696e 4374
0030fa0 4534 0076 535f 5f43 5452 4953 5f47 414d
0030fb0 2058 535f 5f43 5452 4953 5f47 414d 0058
0030fc0 5453 4544 5252 465f 4c49 4e45 204f 0032
0030fd0 5f5f 4544 5f56 5f54 5954 4550 5f20 555f
0030fe0 5551 4441 545f 5059 0045 505f 534f 5849
0030ff0 4d5f 5841 435f 4e41 4e4f 3220 3535 5300
0031000 5359 6d5f 6e75 6f6c 6b63 6c61 206c 5f5f
0031010 524e 6d5f 6e75 6f6c 6b63 6c61 006c 5a5f
0031020 4b4e 7453 3731 6162 6973 5f63 7473 6972
0031030 676e 765f 6569 4977 5363 3174 6331 6168
0031040 5f72 7274 6961 7374 6349 4545 6235 6765
0031050 6e69 7645 5f00 555f 4553 505f 534f 5849
0031060 4500 494c 5342 4e43 3820 0031 5a5f 4b4e
0031070 7453 5f37 635f 7878 3131 3231 6162 6973
0031080 5f63 7473 6972 676e 6349 7453 3131 6863
0031090 7261 745f 6172 7469 4973 4563 6153 6349
00310a0 4545 3131 7473 7261 7374 775f 7469 4568
00310b0 7453 3731 6162 6973 5f63 7473 6972 676e
00310c0 765f 6569 4977 5363 5f32 0045 535f 5f43
00310d0 5953 434e 5248 4e4f 5a49 4445 495f 204f
00310e0 535f 5f43 5953 434e 5248 4e4f 5a49 4445
00310f0 495f 004f 434c 545f 4c45 5045 4f48 454e
0031100 5f20 4c5f 5f43 4554 454c 4850 4e4f 0045
0031110 5a5f 394e 5f5f 6e67 5f75 7863 3178 5f37
0031120 6e5f 726f 616d 5f6c 7469 7265 7461 726f
0031130 5049 4e63 7453 5f37 635f 7878 3131 3231
0031140 6162 6973 5f63 7473 6972 676e 6349 7453
0031150 3131 6863 7261 745f 6172 7469 4973 4563
0031160 6153 6349 4545 4545 3443 5245 534b 5f31
0031170 5f00 5453 5f4c 554d 544c 4d49 5041 485f
0031180 3120 5f00 4c47 4249 5843 5f58 5453 4944
0031190 5f4f 4f45 2046 312d 5f00 4e5f 5f52 7065
00311a0 6c6f 5f6c 6177 7469 3220 3233 5300 5359
00311b0 6d5f 6773 6e73 2064 5f5f 524e 6d5f 6773
00311c0 6e73 0064 5f5f 4c47 4249 5f43 5355 5f45
00311d0 4549 5f43 3036 3535 5f39 5954 4550 5f53
00311e0 5845 2054 0031 6261 726f 0074 4e45 534f
00311f0 4350 3220 0038 5a5f 534e 3774 5f5f 7863
0031200 3178 3131 6232 7361 6369 735f 7274 6e69
0031210 4967 5363 3174 6331 6168 5f72 7274 6961
0031220 7374 6349 5345 4961 4563 3145 5f33 5f53
0031230 6f63 7970 635f 6168 7372 5045 4e63 5f39
0031240 675f 756e 635f 7878 3731 5f5f 6f6e 6d72
0031250 6c61 695f 6574 6172 6f74 4972 4b50 5363
0031260 5f34 4545 4153 005f 435f 5f53 4f50 4953
0031270 5f58 3656 495f 504c 3233 4f5f 4646 4942
0031280 5f47 4643 414c 5347 5f20 5343 505f 534f
0031290 5849 565f 5f36 4c49 3350 5f32 464f 4246
00312a0 4749 435f 4c46 4741 0053 425f 5449 5f53
00312b0 4955 544e 5f4e 4449 4e45 4954 5954 485f
00312c0 3120 5f00 4c47 4249 5843 5f58 4148 5f53
00312d0 454e 5453 4445 545f 5059 2845 4e5f 5954
00312e0 4550 2029 6574 706d 616c 6574 743c 7079
00312f0 6e65 6d61 2065 545f 2c70 7420 7079 6e65
0031300 6d61 2065 203d 5f5f 6f76 6469 745f 3e3c
0031310 203e 7473 7572 7463 5f20 685f 7361 205f
0031320 2323 4e5f 5954 4550 3a20 6620 6c61 6573
0031330 745f 7079 2065 207b 3b7d 7420 6d65 6c70
0031340 7461 3c65 7974 6570 616e 656d 5f20 7054
0031350 203e 7473 7572 7463 5f20 685f 7361 205f
0031360 2323 4e5f 5954 4550 5f3c 7054 202c 5f5f
0031370 6f76 6469 745f 743c 7079 6e65 6d61 2065
0031380 545f 3a70 5f3a 544e 5059 3e45 203e 203a
0031390 7274 6575 745f 7079 2065 207b 3b7d 5f00
00313a0 535f 4454 5f43 4549 5f43 3036 3535 5f39
00313b0 4f43 504d 454c 5f58 205f 3032 3431 3430
00313c0 004c 535f 5f43 3756 495f 504c 3233 4f5f
00313d0 4646 4942 2047 535f 5f43 3756 495f 504c
00313e0 3233 4f5f 4646 4942 0047 7066 7475 0063
00313f0 7066 7475 0073 5f53 4649 544d 5f20 535f
0031400 495f 4d46 0054 5a5f 534e 3174 5f32 6556
0031410 7463 726f 625f 7361 4965 534e 3774 5f5f
0031420 7863 3178 3131 6232 7361 6369 735f 7274
0031430 6e69 4967 5363 3174 6331 6168 5f72 7274
0031440 6961 7374 6349 5345 4961 4563 4545 6153
0031450 5349 5f35 4545 3443 4f45 3753 525f 534b
0031460 5f36 5f00 5350 4c54 565f 5245 4953 4e4f
0031470 4d5f 4e49 524f 2820 5f28 5350 4c54 565f
0031480 5245 4953 4e4f 2520 3120 3030 2930 2f20
0031490 3120 2930 5f00 4e5a 7453 7636 6365 6f74
00314a0 4972 5363 4961 4563 3445 6572 646e 7645
00314b0 5f00 4e5a 534b 3774 5f5f 7863 3178 3131
00314c0 6232 7361 6369 735f 7274 6e69 4967 5363
00314d0 3174 6331 6168 5f72 7274 6961 7374 6349
00314e0 5345 4961 4563 3745 6f63 706d 7261 4565
00314f0 4b50 0063 5953 5f53 6b6d 6f6e 6164 2074
0031500 5f5f 524e 6d5f 6e6b 646f 7461 5f00 4e5a
0031510 7453 3631 6e69 7469 6169 696c 657a 5f72
0031520 696c 7473 6349 4345 4534 0076 5a5f 4b4e
0031530 7453 5f37 635f 7878 3131 3231 6162 6973
0031540 5f63 7473 6972 676e 6349 7453 3131 6863
0031550 7261 745f 6172 7469 4973 4563 6153 6349
0031560 4545 6337 6d6f 6170 6572 6d45 526d 534b
0031570 5f34 6d6d 5f00 745f 7268 776f 655f 6378
0031580 7065 6974 6e6f 615f 6167 6e69 7420 7268
0031590 776f 5f00 505f 5254 4944 4646 4d5f 5841
00315a0 5f5f 3020 3778 6666 6666 6666 6666 6666
00315b0 6666 6666 4c66 5300 5359 6d5f 5f71 6e75
00315c0 696c 6b6e 5f20 4e5f 5f52 716d 755f 6c6e
00315d0 6e69 006b 505f 534f 5849 545f 5248 4145
00315e0 5f44 5441 5254 535f 4154 4b43 4441 5244
00315f0 3220 3030 3038 4c39 6600 6573 7074 736f
0031600 5f00 4f4c 4143 454c 435f 414c 5353 5345
0031610 545f 4343 3120 5f00 4e5a 7453 3531 5f5f
0031620 7865 6563 7470 6f69 5f6e 7470 3172 6533
0031630 6378 7065 6974 6e6f 705f 7274 3443 5245
0031640 534b 5f30 5f00 4c47 4249 5843 5f58 4148
0031650 4556 535f 5254 4355 5f54 4944 4552 544e
0031660 445f 545f 5059 2045 0031 5f5f 6975 746e
0031670 6c5f 6165 7473 3233 745f 5300 495f 5752
0031680 4758 2820 5f53 5249 5857 2055 3e3e 3320
0031690 0029 5a5f 534e 3674 6576 7463 726f 6349
00316a0 6153 6349 4545 3443 5245 534b 5f30 5f00
00316b0 4c5f 4e4f 5f47 4957 5444 5f48 205f 3436
00316c0 5f00 635f 7070 6c5f 6269 765f 7261 6169
00316d0 746e 3220 3230 3031 4c32 5f00 4f49 625f
00316e0 6675 625f 7361 0065 4f4c 474e 4c5f 4e4f
00316f0 5f47 494d 204e 2d28 4f4c 474e 4c5f 4e4f
0031700 5f47 414d 2058 202d 4c31 294c 5f00 705f
0031710 7261 6573 695f 746e 5f00 5f5f 465f 4c49
0031720 5f45 6564 6966 656e 2064 0031 5f5f 6c67
0031730 6269 7863 5f78 6572 7571 7269 7365 735f
0031740 726f 6574 5f64 6573 2874 465f 7269 7473
0031750 2c31 4c5f 7361 3174 5f2c 6946 7372 3274
0031760 2029 5f00 4e5a 7453 7636 6365 6f74 4972
0031770 5363 4961 4563 4345 4534 4b52 3153 005f
0031780 5f5f 4e47 4355 575f 4449 5f45 5845 4345
0031790 5455 4f49 5f4e 4843 5241 4553 5f54 414e
00317a0 454d 2220 5455 2d46 3233 454c 0022 475f
00317b0 494c 4342 5858 4e5f 4d55 435f 5858 3131
00317c0 465f 4341 5445 2053 5f28 4c47 4249 5843
00317d0 5f58 5355 5f45 5544 4c41 415f 4942 3f20
00317e0 3820 3a20 3020 0029 5f5f 4c47 4249 5f43
00317f0 5355 5f45 4549 5f43 3036 3535 5f39 4642
0031800 5f50 5845 2054 0031 5953 5f53 6163 7370
0031810 7465 5f20 4e5f 5f52 6163 7370 7465 5f00
0031820 4e5f 5f52 6f69 635f 6e61 6563 206c 3132
0031830 0030 5f5f 4c47 4249 5f43 5355 5f45 4549
0031840 5f43 3036 3535 5f39 5546 434e 5f53 5845
0031850 5f54 3243 0058 6572 6973 657a 6800 6f74
0031860 656c 3436 7828 2029 5f5f 6975 746e 3436
0031870 695f 6564 746e 7469 2079 7828 0029 5f5f
0031880 4347 5f43 5441 4d4f 4349 545f 5345 5f54
0031890 4e41 5f44 4553 5f54 5254 4555 4156 204c
00318a0 0031 5f5f 4955 544e 465f 5341 3354 5f32
00318b0 414d 5f58 205f 7830 6666 6666 6666 6666
00318c0 6666 6666 6666 6666 4c55 5f00 4e5a 7453
00318d0 3731 6162 6973 5f63 7473 6972 676e 765f
00318e0 6569 4977 5363 3174 6331 6168 5f72 7274
00318f0 6961 7374 6349 4545 3443 5045 634b 006d
0031900 5f5f 7063 5f70 6f6e 7865 6563 7470 665f
0031910 6e75 7463 6f69 5f6e 7974 6570 3220 3130
0031920 3135 4c30 6300 7268 6e6f 006f 5a5f 4b4e
0031930 7453 5f37 635f 7878 3131 3231 6162 6973
0031940 5f63 7473 6972 676e 6349 7453 3131 6863
0031950 7261 745f 6172 7469 4973 4563 6153 6349
0031960 4545 5f38 5f4d 696c 696d 4574 6d6d 5f00
0031970 4c47 4249 5843 5f58 4148 4556 445f 5249
0031980 4e45 5f54 2048 0031 505f 534f 5849 545f
0031990 4152 4543 455f 4556 544e 465f 4c49 4554
00319a0 2052 312d 5f00 4e5f 5f52 696b 6c6c 3620
00319b0 0032 4c43 4e4f 5f45 454e 5057 4449 3020
00319c0 3278 3030 3030 3030 0030 5f5f 524e 765f
00319d0 6f66 6b72 3520 0038 5f5f 7063 5f70 696c
00319e0 5f62 6f63 736e 6574 7078 5f72 7566 636e
00319f0 6974 6e6f 6c61 3220 3130 3039 4c37 5f00
0031a00 675f 696c 6362 7878 645f 6769 7469 3173
0031a10 5f30 2862 2c54 2942 2820 5f5f 6c67 6269
0031a20 7863 5f78 6964 6967 7374 625f 2820 2c54
0031a30 2942 2a20 3620 3334 204c 202f 3132 3633
0031a40 0029 5f5f 4954 454d 545f 545f 5059 2045
0031a50 5f5f 5953 4353 4c41 5f4c 4c53 4e4f 5f47
0031a60 5954 4550 5f00 465f 5f44 5349 4553 2854
0031a70 2c64 2973 2820 5f28 465f 5344 425f 5449
0031a80 2053 7328 5b29 5f5f 4446 455f 544c 2820
0031a90 2964 205d 2026 5f5f 4446 4d5f 5341 204b
0031aa0 6428 2929 2120 203d 2930 5f00 635f 7070
0031ab0 6c5f 6269 745f 7075 656c 655f 656c 656d
0031ac0 746e 745f 3220 3130 3034 4c32 5f00 4e5f
0031ad0 5f52 6572 6461 696c 6b6e 7461 3220 3736
0031ae0 5f00 4e5a 7453 5f37 635f 7878 3131 3231
0031af0 6162 6973 5f63 7473 6972 676e 6349 7453
0031b00 3131 6863 7261 745f 6172 7469 4973 4563
0031b10 6153 6349 4545 7869 6d45 5f00 5453 5f4c
0031b20 5453 4341 5f4b 2048 0031 475f 494c 4342
0031b30 5858 485f 5641 5f45 4e49 3654 5f34 2054
0031b40 0031 475f 494c 4342 5858 585f 3638 525f
0031b50 5344 4545 2044 0031 5f5f 7063 5f70 696c
0031b60 5f62 6f63 736e 6574 7078 5f72 7469 7265
0031b70 7461 726f 3220 3130 3138 4c31 5f00 5343
0031b80 585f 5342 5f35 504c 4942 5f47 464f 4246
0031b90 4749 4c5f 4644 414c 5347 5f20 5343 585f
0031ba0 5342 5f35 504c 4942 5f47 464f 4246 4749
0031bb0 4c5f 4644 414c 5347 5f00 465f 544c 3436
0031bc0 5f58 4148 5f53 4544 4f4e 4d52 5f5f 3120
0031bd0 4300 4f4c 454e 465f 4c49 5345 3020 3078
0031be0 3030 3030 3034 0030 5f5f 524e 635f 6f6c
0031bf0 6b63 6e5f 6e61 736f 656c 7065 3220 3033
0031c00 5f00 4353 545f 4152 4543 455f 4556 544e
0031c10 4e5f 4d41 5f45 414d 2058 535f 5f43 5254
0031c20 4341 5f45 5645 4e45 5f54 414e 454d 4d5f
0031c30 5841 4500 5253 4e4d 2054 3936 5f00 4e5f
0031c40 5f52 7073 696c 6563 3220 3537 5f00 5350
0031c50 4c54 435f 5050 3431 4d5f 4b41 5f45 4552
0031c60 4556 5352 5f45 5449 5245 5441 524f 505f
0031c70 4552 4553 544e 2820 4d5f 4353 565f 5245
0031c80 3e20 203d 3931 3030 7c20 207c 5f5f 7063
0031c90 756c 7073 756c 2073 3d3e 3220 3130 3034
0031ca0 4c32 7c20 207c 5f5f 7063 5f70 696c 5f62
0031cb0 616d 656b 725f 7665 7265 6573 695f 6574
0031cc0 6172 6f74 2072 3d3d 3220 3130 3034 2932
0031cd0 5f00 675f 696c 6362 7878 735f 6769 656e
0031ce0 2864 2954 5f20 675f 696c 6362 7878 735f
0031cf0 6769 656e 5f64 2062 5428 202c 6973 657a
0031d00 666f 5428 2029 202a 5f5f 4843 5241 425f
0031d10 5449 5f5f 0029 4353 4548 5f44 4449 454c
0031d20 3520 5f00 4f50 4953 5f58 3756 4c5f 3650
0031d30 5f34 464f 3646 2034 0031 505f 534f 5849
0031d40 415f 5953 434e 5248 4e4f 554f 5f53 4f49
0031d50 3220 3030 3038 4c39 5f00 4f50 4953 3258
0031d60 435f 4148 4352 414c 5353 4e5f 4d41 5f45
0031d70 414d 2058 3431 5f00 635f 7070 665f 6c6f
0031d80 5f64 7865 7270 7365 6973 6e6f 2073 3032
0031d90 3631 3330 004c 5a5f 4b4e 7453 5f37 635f
0031da0 7878 3131 3231 6162 6973 5f63 7473 6972
0031db0 676e 6349 7453 3131 6863 7261 745f 6172
0031dc0 7469 4973 4563 6153 6349 4545 3631 6966
0031dd0 646e 6c5f 7361 5f74 6f6e 5f74 666f 6345
0031de0 006d 5f5f 4148 4556 465f 4f4c 5441 3233
0031df0 2058 0031 5f5f 5f5f 665f 6f70 3673 5f34
0031e00 5f74 6564 6966 656e 2064 0031 5f5f 524e
0031e10 705f 7265 5f66 7665 6e65 5f74 706f 6e65
0031e20 3220 3839 4300 5550 535f 5445 535f 6328
0031e30 7570 732c 7465 6973 657a 632c 7570 6573
0031e40 7074 2029 5f5f 5043 5f55 4553 5f54 2053
0031e50 6328 7570 202c 6573 7374 7a69 2c65 6320
0031e60 7570 6573 7074 0029 425f 5341 4349 535f
0031e70 5254 4e49 5f47 2048 0031 5a5f 4b4e 7453
0031e80 5f37 635f 7878 3131 3231 6162 6973 5f63
0031e90 7473 6972 676e 6349 7453 3131 6863 7261
0031ea0 745f 6172 7469 4973 4563 6153 6349 4545
0031eb0 3631 6966 646e 6c5f 7361 5f74 6f6e 5f74
0031ec0 666f 5045 634b 006d 5a5f 4b4e 7453 3731
0031ed0 6162 6973 5f63 7473 6972 676e 765f 6569
0031ee0 4977 5363 3174 6331 6168 5f72 7274 6961
0031ef0 7374 6349 4545 6337 6d6f 6170 6572 6d45
0031f00 536d 5f32 4500 4f4e 4454 5249 3220 0030
0031f10 5f5f 7773 7061 6170 6c62 5f65 6977 6874
0031f20 645f 7465 6961 736c 5f00 675f 696c 6362
0031f30 7878 725f 7165 6975 6572 5f73 7269 6572
0031f40 6c66 7865 7669 5f65 7270 6465 2832 465f
0031f50 7269 7473 5f2c 614c 7473 5f2c 7250 6465
0031f60 2029 5f00 4353 545f 5248 4145 5f44 5250
0031f70 4f49 4952 5954 535f 4843 4445 4c55 4e49
0031f80 2047 535f 5f43 4854 4552 4441 505f 4952
0031f90 524f 5449 5f59 4353 4548 5544 494c 474e
0031fa0 4500 5355 5245 2053 3738 5300 5359 675f
0031fb0 7465 6770 7072 5f20 4e5f 5f52 6567 7074
0031fc0 7267 0070 5953 5f53 6567 6574 6967 2064
0031fd0 5f5f 524e 675f 7465 6765 6469 5f00 4c47
0031fe0 4249 5843 5f58 5350 5545 4f44 565f 5349
0031ff0 4249 4c49 5449 2859 2956 0020 5f5f 4954
0032000 454d 5f52 5f54 5954 4550 7620 696f 2064
0032010 002a 475f 494c 4342 5858 3731 445f 5045
0032020 4552 4143 4554 5f44 5553 4747 5345 2854
0032030 4c41 2954 5f20 4c47 4249 5843 5f58 4544
0032040 5250 4345 5441 4445 535f 4755 4547 5453
0032050 4128 544c 0029 5f5f 6c67 6269 7863 5f78
0032060 6572 7571 7269 7365 695f 7272 6665 656c
0032070 6978 6576 705f 6572 2864 465f 7269 7473
0032080 5f2c 614c 7473 5f2c 7250 6465 2029 5300
0032090 495f 5353 434f 284b 6f6d 6564 2029 5f5f
00320a0 5f53 5349 5954 4550 2828 6f6d 6564 2c29
00320b0 5f20 535f 495f 5346 434f 294b 5f00 745f
00320c0 6d69 5f65 5f74 6564 6966 656e 2064 0031
00320d0 5f5f 6974 656d 6176 5f6c 6564 6966 656e
00320e0 2064 0031 475f 494c 4342 5858 465f 4e55
00320f0 5443 4f49 414e 204c 0031 5a5f 364e 5f5f
0032100 7370 6c74 6539 6578 7563 6974 6e6f 7632
0032110 3131 7538 736e 7165 6575 636e 6465 705f
0032120 6c6f 6369 3179 5f34 615f 6c6c 776f 765f
0032130 6365 6f74 4572 0076 5f5f 5f5f 665f 6f70
0032140 5f73 5f74 6564 6966 656e 2064 0031 5f5f
0032150 4955 544e 3631 4d5f 5841 5f5f 3020 6678
0032160 6666 0066 5f46 4c54 434f 204b 0032 5f5f
0032170 524e 705f 6572 6461 3436 3120 0037 5a5f
0032180 534e 3674 6576 7463 726f 6349 6153 6349
0032190 4545 7334 6177 4570 5352 5f31 5f00 495f
00321a0 544e 465f 5341 3654 5f34 414d 5f58 205f
00321b0 7830 6637 6666 6666 6666 6666 6666 6666
00321c0 6666 004c 5f5f 524e 655f 6f70 6c6c 705f
00321d0 6177 7469 2032 3434 0031 5a5f 534e 3674
00321e0 6576 7463 726f 6349 6153 6349 4545 3443
00321f0 4f45 3153 525f 534b 5f30 7453 3731 6e69
0032200 6574 7267 6c61 635f 6e6f 7473 6e61 4974
0032210 4c62 3162 4545 5f00 575f 4843 5241 545f
0032220 5059 5f45 205f 6e69 0074 425f 5449 5f53
0032230 4e45 4944 4e41 454e 5353 485f 3120 5f00
0032240 465f 544c 3233 445f 4749 5f5f 3620 5f00
0032250 615f 7474 5f72 6564 6c61 6f6c 5f63 6366
0032260 6f6c 6573 5f20 615f 7474 5f72 6564 6c61
0032270 6f6c 2063 6628 6c63 736f 2c65 3120 0029
0032280 4955 544e 575f 4449 4854 3320 0032 6974
0032290 656d 005f 706f 7265 7461 726f 6220 6f6f
00322a0 006c 4d5f 695f 706d 006c 5f5f 7063 5f70
00322b0 6d69 6c70 635f 726f 756f 6974 656e 3220
00322c0 3130 3039 4c32 5f00 4c47 4249 5843 5f58
00322d0 414e 454d 5053 4341 5f45 444c 4c42 0020
00322e0 5f5f 7063 5f70 696c 5f62 616d 656b 665f
00322f0 6f72 5f6d 7574 6c70 2065 3032 3631 3630
0032300 5f00 465f 544c 3231 5f38 4544 4943 414d
0032310 5f4c 4944 5f47 205f 3633 5f00 445f 4345
0032320 3231 5f38 494d 5f4e 5845 5f50 205f 2d28
0032330 3136 3234 0029 5a5f 534e 3174 5f35 655f
0032340 6378 7065 6974 6e6f 705f 7274 3331 7865
0032350 6563 7470 6f69 5f6e 7470 6172 4553 534f
0032360 5f30 5f00 465f 544c 3436 4d5f 4e41 5f54
0032370 4944 5f47 205f 3335 5f00 4e5a 7453 3231
0032380 565f 6365 6f74 5f72 6162 6573 4e49 7453
0032390 5f37 635f 7878 3131 3231 6162 6973 5f63
00323a0 7473 6972 676e 6349 7453 3131 6863 7261
00323b0 745f 6172 7469 4973 4563 6153 6349 4545
00323c0 5345 4961 3553 455f 3145 5f37 6556 7463
00323d0 726f 695f 706d 5f6c 6164 6174 3443 7645
00323e0 5f00 695f 6974 656d 7372 6570 5f63 6564
00323f0 6966 656e 2064 0031 5f5f 524e 635f 6f6c
0032400 6b63 735f 7465 6974 656d 3220 3732 5f00
0032410 4353 4e5f 5445 4f57 4b52 4e49 2047 535f
0032420 5f43 454e 5754 524f 494b 474e 5f00 4f50
0032430 4953 5f58 4853 5241 4445 4d5f 4d45 524f
0032440 5f59 424f 454a 5443 2053 3032 3830 3930
0032450 004c 5f5f 524e 695f 706f 7265 206d 3731
0032460 0033 5953 5f53 6974 656d 6672 5f64 6573
0032470 7474 6d69 2065 5f5f 524e 745f 6d69 7265
0032480 6466 735f 7465 6974 656d 7600 5f61 7261
0032490 2867 2c76 296c 5f20 625f 6975 746c 6e69
00324a0 765f 5f61 7261 2867 2c76 296c 5f00 4c47
00324b0 4249 5843 5f58 5355 5f45 414e 4f4e 4c53
00324c0 4545 2050 0031 475f 494c 4342 5858 485f
00324d0 5641 5f45 4e55 5349 4454 485f 3120 6f00
00324e0 6570 6172 6f74 2072 7473 3a64 5f3a 635f
00324f0 7878 3131 3a3a 6162 6973 5f63 7473 6972
0032500 676e 633c 6168 3e72 3a3a 5f5f 7673 745f
0032510 7079 0065 475f 494c 4342 5858 485f 5641
0032520 5f45 5441 4e41 4632 3120 5f00 4e5a 7453
0032530 5f37 635f 7878 3131 3231 6162 6973 5f63
0032540 7473 6972 676e 6349 7453 3131 6863 7261
0032550 745f 6172 7469 4973 4563 6153 6349 4545
0032560 6235 6765 6e69 7645 5f00 4c47 4249 5843
0032570 5f58 5343 4454 494c 2042 0031 5f5f 7063
0032580 5f70 696c 5f62 6e75 7277 7061 725f 6665
0032590 3220 3130 3138 4c31 5f00 735f 7a69 5f65
00325a0 2074 5f00 475f 554e 5f43 494d 4f4e 5f52
00325b0 205f 0034 5f5f 5355 5f45 4f58 4550 324e
00325c0 384b 3120 5f00 4c47 4249 5843 5f58 5355
00325d0 5f45 4353 4548 5f44 4959 4c45 2044 0031
00325e0 5f5f 4446 4d5f 5341 284b 2964 2820 5f28
00325f0 665f 5f64 616d 6b73 2029 3128 4c55 3c20
0032600 203c 2828 2964 2520 5f20 4e5f 4446 4942
0032610 5354 2929 0029 535f 5f43 4c4e 545f 5845
0032620 4d54 5841 5f20 4353 4e5f 5f4c 4554 5458
0032630 414d 0058 535f 5f43 5953 4c4d 4f4f 5f50
0032640 414d 2058 535f 5f43 5953 4c4d 4f4f 5f50
0032650 414d 0058 5f5f 524e 665f 6f6c 6b63 3720
0032660 0033 5a5f 534e 3774 5f5f 7863 3178 3131
0032670 6232 7361 6369 735f 7274 6e69 4967 5363
0032680 3174 6331 6168 5f72 7274 6961 7374 6349
0032690 5345 4961 4563 3145 7333 7268 6e69 5f6b
00326a0 6f74 665f 7469 7645 6900 6373 746e 6c72
00326b0 5f00 495f 544e 414d 5f58 414d 5f58 205f
00326c0 7830 6637 6666 6666 6666 6666 6666 6666
00326d0 6666 004c 505f 534f 5849 5f32 4843 5241
00326e0 545f 5245 204d 3032 3830 3930 004c 5a5f
00326f0 4b4e 7453 7636 6365 6f74 4972 534e 3774
0032700 5f5f 7863 3178 3131 6232 7361 6369 735f
0032710 7274 6e69 4967 5363 3174 6331 6168 5f72
0032720 7274 6961 7374 6349 5345 4961 4563 4545
0032730 6153 5349 5f35 4545 6d38 7861 735f 7a69
0032740 4565 0076 5f5f 4c46 3354 5f32 414d 5f58
0032750 3031 455f 5058 5f5f 3320 0038 5a5f 534e
0032760 3174 5f32 6556 7463 726f 625f 7361 4965
0032770 534e 3774 5f5f 7863 3178 3131 6232 7361
0032780 6369 735f 7274 6e69 4967 5363 3174 6331
0032790 6168 5f72 7274 6961 7374 6349 5345 4961
00327a0 4563 4545 6153 5349 5f35 4545 3443 4f45
00327b0 3653 005f 5f5f 524e 6d5f 6e6b 646f 7461
00327c0 3220 3935 5f00 4c5f 5f43 454d 5341 5255
00327d0 4d45 4e45 2054 3131 5f00 4e5a 7453 5f37
00327e0 635f 7878 3131 3231 6162 6973 5f63 7473
00327f0 6972 676e 6349 7453 3131 6863 7261 745f
0032800 6172 7469 4973 4563 6153 6349 4545 6136
0032810 7373 6769 456e 636d 4100 4f54 494d 5f43
0032820 4156 5f52 4e49 5449 5f28 4956 2029 207b
0032830 565f 2049 007d 535f 5f43 5043 5455 4d49
0032840 2045 535f 5f43 5043 5455 4d49 0045 505f
0032850 534f 5849 535f 4150 4e57 3220 3030 3038
0032860 4c39 5f00 4d5f 584d 575f 5449 5f48 5353
0032870 5f45 205f 0031 5f5f 6e75 7869 5f5f 3120
0032880 5f00 4e5a 7453 3231 565f 6365 6f74 5f72
0032890 6162 6573 4e49 7453 5f37 635f 7878 3131
00328a0 3231 6162 6973 5f63 7473 6972 676e 6349
00328b0 7453 3131 6863 7261 745f 6172 7469 4973
00328c0 4563 6153 6349 4545 5345 4961 3553 455f
00328d0 4345 4534 534f 5f37 5f00 4e5a 7453 5f37
00328e0 635f 7878 3131 3231 6162 6973 5f63 7473
00328f0 6972 676e 6349 7453 3131 6863 7261 745f
0032900 6172 7469 4973 4563 6153 6349 4545 7236
0032910 7365 7a69 4565 636d 5f00 475f 494c 4342
0032920 555f 4553 495f 4345 365f 3530 3935 425f
0032930 5046 455f 5458 5f00 765f 5f61 7261 5f67
0032940 6170 6b63 6c5f 6e65 2928 5f20 625f 6975
0032950 746c 6e69 765f 5f61 7261 5f67 6170 6b63
0032960 6c5f 6e65 2820 0029 5a5f 534e 3174 5f32
0032970 6556 7463 726f 625f 7361 4965 534e 3774
0032980 5f5f 7863 3178 3131 6232 7361 6369 735f
0032990 7274 6e69 4967 5363 3174 6331 6168 5f72
00329a0 7274 6961 7374 6349 5345 4961 4563 4545
00329b0 6153 5349 5f35 4545 3231 565f 6365 6f74
00329c0 5f72 6d69 6c70 3443 4f45 3653 005f 5a5f
00329d0 4b4e 7453 3731 6162 6973 5f63 7473 6972
00329e0 676e 765f 6569 4977 5363 3174 6331 6168
00329f0 5f72 7274 6961 7374 6349 4545 6335 6572
0032a00 646e 7645 5f00 4e5f 5f52 6567 6974 6974
0032a10 656d 2072 3633 5300 5359 665f 7073 6369
0032a20 206b 5f5f 524e 665f 7073 6369 006b 435f
0032a30 5f53 4258 3553 4c5f 3650 5f34 464f 3646
0032a40 5f34 4643 414c 5347 5f20 5343 585f 5342
0032a50 5f35 504c 3436 4f5f 4646 3436 435f 4c46
0032a60 4741 0053 5f5f 434c 545f 4c45 5045 4f48
0032a70 454e 3120 0030 5f5f 6564 6166 6c75 5f74
0032a80 6f6c 6b63 705f 6c6f 6369 0079 5953 5f53
0032a90 6970 6570 5f20 4e5f 5f52 6970 6570 5f00
0032aa0 4e5a 7453 7636 6365 6f74 4972 5363 4961
0032ab0 4563 3945 7570 6873 625f 6361 456b 4b52
0032ac0 0063 535f 5f43 4854 4552 4441 535f 4154
0032ad0 4b43 4d5f 4e49 5f20 4353 545f 5248 4145
0032ae0 5f44 5453 4341 5f4b 494d 004e 4c45 4249
0032af0 4142 2044 3038 5f00 4e5f 5f52 656d 666d
0032b00 5f64 7263 6165 6574 3320 3931 5300 5359
0032b10 735f 6769 6c61 7374 6174 6b63 5f20 4e5f
0032b20 5f52 6973 6167 746c 7473 6361 006b 5f5f
0032b30 6c67 6269 7863 5f78 696d 5f6e 2862 2c54
0032b40 2942 2820 5f5f 6c67 6269 7863 5f78 6973
0032b50 6e67 6465 625f 2820 2c54 2942 3f20 2d20
0032b60 5f5f 6c67 6269 7863 5f78 616d 5f78 2062
0032b70 5428 422c 2029 202d 2031 203a 5428 3029
0032b80 0029 4c43 4e4f 5f45 4854 4552 4441 3020
0032b90 3078 3030 3031 3030 0030 6e55 7469 5f00
0032ba0 4e5a 7453 3231 565f 6365 6f74 5f72 6162
0032bb0 6573 4e49 7453 5f37 635f 7878 3131 3231
0032bc0 6162 6973 5f63 7473 6972 676e 6349 7453
0032bd0 3131 6863 7261 745f 6172 7469 4973 4563
0032be0 6153 6349 4545 5345 4961 3553 455f 3145
0032bf0 5f32 6556 7463 726f 695f 706d 436c 4534
0032c00 534f 5f38 5f00 4e5f 5f52 7973 6c6d 6e69
0032c10 206b 3838 5f00 495f 4f4e 545f 545f 5059
0032c20 2045 5f5f 5953 4353 4c41 5f4c 4c55 4e4f
0032c30 5f47 5954 4550 5f00 445f 4345 3231 5f38
0032c40 414d 544e 445f 4749 5f5f 3320 0034 5f5f
0032c50 524e 725f 6165 2064 0030 5a5f 4b4e 7453
0032c60 3731 6162 6973 5f63 7473 6972 676e 765f
0032c70 6569 4977 5363 3174 6331 6168 5f72 7274
0032c80 6961 7374 6349 4545 3331 6966 646e 665f
0032c90 7269 7473 6f5f 4566 4b50 6d63 5300 5359
0032ca0 735f 6174 7874 5f20 4e5f 5f52 7473 7461
0032cb0 0078 475f 4343 4c5f 4d49 5449 5f53 5f48
0032cc0 0020 5f5f 6c67 6269 7863 5f78 6572 7571
0032cd0 7269 7365 6e5f 6e6f 655f 706d 7974 725f
0032ce0 6e61 6567 5f28 6946 7372 2c74 4c5f 7361
0032cf0 2974 0020 5f5f 4c47 4249 5f43 5355 5f45
0032d00 4549 5f43 3036 3535 5f39 5954 4550 5f53
0032d10 5845 0054 425f 4341 574b 5241 5f44 5541
0032d20 4f54 505f 5254 485f 3120 5300 5359 675f
0032d30 7465 6974 2064 5f5f 524e 675f 7465 6974
0032d40 0064 535f 5f43 5254 4341 5f45 4f4c 2047
0032d50 535f 5f43 5254 4341 5f45 4f4c 0047 5a5f
0032d60 4b4e 7453 3731 6e69 6574 7267 6c61 635f
0032d70 6e6f 7473 6e61 4974 4c62 3062 4545 6c63
0032d80 7645 6300 6168 3172 5f36 0074 6572 6962
0032d90 646e 615f 6c6c 636f 5f00 4e5f 5f52 6567
0032da0 6474 6e65 7374 3720 0038 5f5f 4c47 4249
0032db0 5843 5f58 4942 5354 5a49 5f45 4e49 5f54
0032dc0 5f4e 2030 3231 0038 5953 5f53 6567 6474
0032dd0 6e65 7374 3436 5f20 4e5f 5f52 6567 6474
0032de0 6e65 7374 3436 5f00 535f 4749 415f 4f54
0032df0 494d 5f43 4957 5444 5f48 205f 3233 5f00
0032e00 4e5f 5f52 706f 6e65 625f 5f79 6168 646e
0032e10 656c 615f 2074 3033 0034 475f 494c 4342
0032e20 5858 495f 534f 3120 5f00 425f 4745 4e49
0032e30 445f 4345 534c 6520 7478 7265 206e 4322
0032e40 2022 007b 5043 5f55 4f43 4e55 2854 7063
0032e50 7375 7465 2970 5f20 435f 5550 435f 554f
0032e60 544e 535f 2820 6973 657a 666f 2820 7063
0032e70 5f75 6573 5f74 2974 202c 7063 7375 7465
0032e80 2970 4500 4f4e 5343 2049 3035 5f00 555f
0032e90 4e49 3654 5f34 5954 4550 5f5f 6c20 6e6f
0032ea0 2067 6e75 6973 6e67 6465 6920 746e 7e00
0032eb0 6162 6973 5f63 7473 6972 676e 5f00 4e5a
0032ec0 7453 7636 6365 6f74 4972 5363 4961 4563
0032ed0 4345 4534 4b52 3153 525f 534b 5f30 5300
0032ee0 4843 4445 425f 5441 4843 3320 5f00 4c47
0032ef0 4249 5843 5f58 5453 4344 485f 4145 4544
0032f00 5352 3120 5f00 4c47 4249 5843 5f58 414e
0032f10 4954 4556 545f 5248 4145 5f44 4449 7020
0032f20 6874 6572 6461 735f 6c65 2866 0029 475f
0032f30 494c 4342 5858 485f 5641 5f45 5953 5f53
0032f40 5954 4550 5f53 2048 0031 535f 5f43 5f32
0032f50 4250 5f53 4f4c 4143 4554 5f20 4353 325f
0032f60 505f 5342 4c5f 434f 5441 0045 5a5f 394e
0032f70 5f5f 6e67 5f75 7863 3178 6e33 7765 615f
0032f80 6c6c 636f 7461 726f 4e49 7453 5f37 635f
0032f90 7878 3131 3231 6162 6973 5f63 7473 6972
0032fa0 676e 6349 7453 3131 6863 7261 745f 6172
0032fb0 7469 4973 4563 6153 6349 4545 4545 3443
0032fc0 5245 534b 5f37 5f00 475f 4343 415f 4f54
0032fd0 494d 5f43 4843 5241 3631 545f 4c5f 434f
0032fe0 5f4b 5246 4545 3220 5f00 4e5a 534b 3774
0032ff0 5f5f 7863 3178 3131 6232 7361 6369 735f
0033000 7274 6e69 4967 5363 3174 6331 6168 5f72
0033010 7274 6961 7374 6349 5345 4961 4563 3945
0033020 6e65 7364 775f 7469 4568 4b50 0063 5f5f
0033030 524e 695f 5f6f 6770 7465 7665 6e65 7374
0033040 3320 3333 4300 4f4c 454e 565f 4f46 4b52
0033050 3020 3078 3030 3430 3030 0030 4e45 534f
0033060 5254 3620 0030 5f5f 5043 5f55 504f 535f
0033070 7328 7465 6973 657a 642c 7365 7374 7465
0033080 732c 6372 6573 3174 732c 6372 6573 3274
0033090 6f2c 2970 2820 5f5f 7865 6574 736e 6f69
00330a0 5f6e 205f 7b28 6320 7570 735f 7465 745f
00330b0 2a20 5f5f 6564 7473 3d20 2820 6564 7473
00330c0 6573 2974 203b 6f63 736e 2074 5f5f 7063
00330d0 5f75 616d 6b73 2a20 5f5f 7261 3172 3d20
00330e0 2820 7273 7363 7465 2931 3e2d 5f5f 6962
00330f0 7374 203b 6f63 736e 2074 5f5f 7063 5f75
0033100 616d 6b73 2a20 5f5f 7261 3272 3d20 2820
0033110 7273 7363 7465 2932 3e2d 5f5f 6962 7374
0033120 203b 6973 657a 745f 5f20 695f 616d 2078
0033130 203d 7328 7465 6973 657a 2029 202f 6973
0033140 657a 666f 2820 5f5f 7063 5f75 616d 6b73
0033150 3b29 7320 7a69 5f65 2074 5f5f 3b69 6620
0033160 726f 2820 5f5f 2069 203d 3b30 5f20 695f
0033170 3c20 5f20 695f 616d 3b78 2b20 5f2b 695f
0033180 2029 2828 5f5f 7063 5f75 616d 6b73 2a20
0033190 2029 5f5f 6564 7473 3e2d 5f5f 6962 7374
00331a0 5b29 5f5f 5d69 3d20 5f20 615f 7272 5b31
00331b0 5f5f 5d69 6f20 2070 5f5f 7261 3272 5f5b
00331c0 695f 3b5d 5f20 645f 7365 3b74 7d20 2929
00331d0 5f00 4c47 4249 5843 5f58 5453 5f44 2043
00331e0 7473 0064 5f5f 6c67 6269 7863 5f78 6f64
00331f0 6275 656c 745f 6e69 6e79 7365 5f73 6562
0033200 6f66 6572 5f00 5843 4158 4942 495f 494e
0033210 5f54 5845 4543 5450 4f49 5f4e 2048 0031
0033220 494c 4b4e 4d5f 5841 3120 3732 5f00 445f
0033230 4345 3436 535f 4255 4f4e 4d52 4c41 4d5f
0033240 4e49 5f5f 3020 302e 3030 3030 3030 3030
0033250 3030 3030 3130 2d45 3833 4433 0044 5a5f
0033260 4b4e 7453 7636 6365 6f74 4972 5363 4961
0033270 4563 3645 6272 6765 6e69 7645 5f00 635f
0033280 7070 6c5f 6d61 6462 7361 3220 3030 3039
0033290 4c37 5f00 4f50 4953 5f58 4552 445f 5055
00332a0 4d5f 5841 3220 3535 5f00 4e5f 5f52 6567
00332b0 6374 7570 3320 3930 5300 5359 6d5f 756f
00332c0 746e 5f20 4e5f 5f52 6f6d 6e75 0074 5a5f
00332d0 534e 3674 6576 7463 726f 6349 6153 6349
00332e0 4545 6136 7373 6769 456e 7453 3631 6e69
00332f0 7469 6169 696c 657a 5f72 696c 7473 6349
0033300 0045 5953 5f53 6567 6374 7570 5f20 4e5f
0033310 5f52 6567 6374 7570 5f00 4c47 4249 5843
0033320 5f58 4c43 434f 4c41 2045 0031 5a5f 534e
0033330 3174 5f35 655f 6378 7065 6974 6e6f 705f
0033340 7274 3331 7865 6563 7470 6f69 5f6e 7470
0033350 4372 4534 0076 5f5f 4c47 4249 5843 5f58
0033360 205f 3032 3332 3530 3832 5f00 635f 7070
0033370 6c5f 6269 655f 7078 7265 6d69 6e65 6174
0033380 5f6c 6f73 7275 6563 6c5f 636f 7461 6f69
0033390 206e 3032 3531 3530 5f00 615f 7474 6972
00333a0 7562 6574 645f 7065 6572 6163 6574 5f64
00333b0 736d 5f67 285f 736d 2967 5f20 615f 7474
00333c0 6972 7562 6574 5f5f 2820 5f28 645f 7065
00333d0 6572 6163 6574 5f64 205f 6d28 6773 2929
00333e0 0029 5f5f 7563 7473 735f 6177 0070 5a5f
00333f0 4b4e 7453 3731 6e69 6574 7267 6c61 635f
0033400 6e6f 7473 6e61 4974 4c62 3162 4545 7663
0033410 4562 0076 5a5f 4b4e 7453 7636 6365 6f74
0033420 4972 5363 4961 4563 3445 6162 6b63 7645
0033430 5f00 4e5f 5f52 716d 745f 6d69 6465 6573
0033440 646e 3220 3234 5f00 665f 3231 2838 2978
0033450 7820 2320 7123 4400 4645 5541 544c 535f
0033460 4345 4e4f 0044 5f5f 6170 3564 5f00 535f
0033470 5a49 4f45 5f46 4f50 4e49 4554 5f52 205f
0033480 0038 5f5f 7063 5f70 696c 5f62 616d 6874
0033490 635f 6e6f 7473 6e61 7374 3220 3130 3039
00334a0 4c37 5f00 4e5a 534b 3774 5f5f 7863 3178
00334b0 3131 6232 7361 6369 735f 7274 6e69 4967
00334c0 5363 3174 6331 6168 5f72 7274 6961 7374
00334d0 6349 5345 4961 4563 3145 6636 6e69 5f64
00334e0 616c 7473 6e5f 746f 6f5f 4566 4b52 3453
00334f0 6d5f 7000 6874 6572 6461 635f 656c 6e61
0033500 7075 705f 7375 5f68 6564 6566 5f72 706e
0033510 7228 756f 6974 656e 612c 6772 2029 6f64
0033520 7b20 5f20 705f 6874 6572 6461 635f 656c
0033530 6e61 7075 635f 616c 7373 5f20 635f 666c
0033540 6172 656d 2820 6f72 7475 6e69 2c65 6120
0033550 6772 3b29 5f20 635f 666c 6172 656d 5f2e
0033560 645f 6665 7265 2820 0029 5f5f 666f 3666
0033570 5f34 0074 5a5f 534e 3174 5f32 6556 7463
0033580 726f 625f 7361 4965 5363 4961 4563 3145
0033590 5f37 6556 7463 726f 695f 706d 5f6c 6164
00335a0 6174 3231 4d5f 735f 6177 5f70 6164 6174
00335b0 5245 3253 005f 535f 5f43 4854 4552 4441
00335c0 435f 5550 4954 454d 5f20 4353 545f 5248
00335d0 4145 5f44 5043 5455 4d49 0045 5a5f 534e
00335e0 4961 534e 3774 5f5f 7863 3178 3131 6232
00335f0 7361 6369 735f 7274 6e69 4967 5363 3174
0033600 6331 6168 5f72 7274 6961 7374 6349 5345
0033610 4961 4563 4545 3845 6c61 6f6c 6163 6574
0033620 6d45 5f00 4854 4552 4441 535f 4148 4552
0033630 5f44 5954 4550 5f53 2048 0031 5f5f 524e
0033640 625f 6670 3320 3132 5f00 4e5f 5f52 6572
0033650 6461 2076 3931 5300 5359 695f 5f6f 7275
0033660 6e69 5f67 6e65 6574 2072 5f5f 524e 695f
0033670 5f6f 7275 6e69 5f67 6e65 6574 0072 535f
0033680 615f 7373 6769 006e 5441 4d4f 4349 505f
0033690 494f 544e 5245 4c5f 434f 5f4b 5246 4545
00336a0 5f20 475f 4343 415f 4f54 494d 5f43 4f50
00336b0 4e49 4554 5f52 4f4c 4b43 465f 4552 0045
00336c0 5a5f 4b4e 7453 5f37 635f 7878 3131 3231
00336d0 6162 6973 5f63 7473 6972 676e 6349 7453
00336e0 3131 6863 7261 745f 6172 7469 4973 4563
00336f0 6153 6349 4545 3331 4d5f 6c5f 636f 6c61
0033700 645f 7461 4561 0076 4158 5454 5f52 414e
0033710 454d 4d5f 5841 3220 3535 5f00 4c47 4249
0033720 5843 5f58 4942 5354 555f 494e 4f46 4d52
0033730 495f 544e 445f 5349 5f54 2048 5500 4e49
0033740 3654 5f34 414d 2058 5f28 555f 4e49 3654
0033750 5f34 2843 3831 3434 3736 3434 3730 3733
0033760 3930 3535 3631 3531 2929 5f00 4e5f 5f52
0033770 6567 5f74 656d 706d 6c6f 6369 2079 3332
0033780 0039 4c5f 4d49 5449 5f53 5f48 5f5f 0020
0033790 5f5f 4e49 3854 4d5f 5841 5f5f 3020 3778
00337a0 0066 4645 5541 544c 3120 0034 5a5f 4b4e
00337b0 7453 7636 6365 6f74 4972 534e 3774 5f5f
00337c0 7863 3178 3131 6232 7361 6369 735f 7274
00337d0 6e69 4967 5363 3174 6331 6168 5f72 7274
00337e0 6961 7374 6349 5345 4961 4563 4545 6153
00337f0 5349 5f35 4545 6335 6572 646e 7645 6d00
0033800 7262 656c 006e 5a5f 394e 5f5f 6e67 5f75
0033810 7863 3178 6e33 7765 615f 6c6c 636f 7461
0033820 726f 6349 3845 6c61 6f6c 6163 6574 6d45
0033830 4b50 0076 5f5f 4544 4943 414d 5f4c 4944
0033840 5f47 205f 3132 5f00 4c47 4249 5843 5f58
0033850 5355 5f45 4152 444e 4d4f 545f 3152 3120
0033860 5f00 4e5a 534b 3174 6237 7361 6369 735f
0033870 7274 6e69 5f67 6976 7765 6349 7453 3131
0033880 6863 7261 745f 6172 7469 4973 4563 3145
0033890 6637 6e69 5f64 6966 7372 5f74 6f6e 5f74
00338a0 666f 5045 634b 6d6d 5700 5453 504f 4953
00338b0 2847 7473 7461 7375 2029 5f5f 5357 4f54
00338c0 5350 4749 2820 7473 7461 7375 0029 5f5f
00338d0 7063 5f70 696c 5f62 6e75 726f 6564 6572
00338e0 5f64 616d 5f70 7274 5f79 6d65 6c70 6361
00338f0 2065 3032 3431 3131 5f00 675f 696c 6362
0033900 7878 725f 7165 6975 6572 5f73 6568 7061
0033910 705f 6572 2864 465f 7269 7473 5f2c 614c
0033920 7473 5f2c 7250 6465 2029 6c00 676f 6567
0033930 0072 5a5f 534e 3674 6576 7463 726f 6349
0033940 6153 6349 4545 3931 535f 6e5f 746f 7268
0033950 776f 725f 6c65 636f 7461 4565 7453 3731
0033960 6e69 6574 7267 6c61 635f 6e6f 7473 6e61
0033970 4974 4c62 3062 4545 5300 4154 505f 5350
0033980 4953 4e47 4c41 3020 3078 3031 0030 5f5f
0033990 4148 4556 445f 5349 4954 434e 5f54 4c46
00339a0 414f 3154 3832 2058 5f5f 4148 4556 465f
00339b0 4f4c 5441 3231 5838 5f00 475f 4854 4552
00339c0 4441 4d5f 5455 5845 495f 494e 2054 5450
00339d0 5248 4145 5f44 554d 4554 5f58 4e49 5449
00339e0 4149 494c 455a 0052 5953 5f53 6567 7074
00339f0 6970 2064 5f5f 524e 675f 7465 7070 6469
0033a00 5f00 615f 7474 6972 7562 6574 6e5f 6e6f
0033a10 7473 6972 676e 5f5f 5f20 615f 7474 6972
0033a20 7562 6574 5f5f 2820 5f28 6e5f 6e6f 7473
0033a30 6972 676e 5f5f 2929 5300 5359 765f 736d
0033a40 6c70 6369 2065 5f5f 524e 765f 736d 6c70
0033a50 6369 0065 5a5f 4b4e 7453 7636 6365 6f74
0033a60 4972 534e 3774 5f5f 7863 3178 3131 6232
0033a70 7361 6369 735f 7274 6e69 4967 5363 3174
0033a80 6331 6168 5f72 7274 6961 7374 6349 5345
0033a90 4961 4563 4545 6153 5349 5f35 4545 6235
0033aa0 6765 6e69 7645 5f00 675f 756e 635f 7878
0033ab0 5f00 635f 7070 6e5f 6d61 7365 6170 6563
0033ac0 615f 7474 6972 7562 6574 2073 3032 3431
0033ad0 3131 004c 475f 494c 4342 5858 475f 4155
0033ae0 4452 545f 5345 2854 2978 2820 282a 6863
0033af0 7261 2a20 2029 7828 2029 3d21 3020 0029
0033b00 535f 5f43 4946 454c 535f 5359 4554 204d
0033b10 535f 5f43 4946 454c 535f 5359 4554 004d
0033b20 535f 4148 4552 5f44 5450 5f52 5441 4d4f
0033b30 4349 485f 3120 5f00 4e5f 5f52 6573 6363
0033b40 6d6f 2070 3133 0037 475f 494c 4342 5858
0033b50 555f 4553 505f 4854 4552 4441 525f 4c57
0033b60 434f 5f4b 2054 0031 455f 414e 4c42 5f45
0033b70 5053 4345 4149 5f4c 454d 424d 5245 5f53
0033b80 2048 0031 5f5f 5355 4345 4e4f 5344 545f
0033b90 545f 5059 2045 5f5f 3355 5f32 5954 4550
0033ba0 5f00 4f50 4953 5f58 454d 4c4d 434f 204b
0033bb0 3032 3830 3930 004c 5f5f 4c46 5f54 414d
0033bc0 5f58 5845 5f50 205f 3231 0038 5a5f 534e
0033bd0 3174 5f32 6556 7463 726f 625f 7361 4965
0033be0 534e 3774 5f5f 7863 3178 3131 6232 7361
0033bf0 6369 735f 7274 6e69 4967 5363 3174 6331
0033c00 6168 5f72 7274 6961 7374 6349 5345 4961
0033c10 4563 4545 6153 5349 5f35 4545 3443 5245
0033c20 534b 5f36 534f 5f37 5f00 4e5a 5f39 675f
0033c30 756e 635f 7878 3431 5f5f 6c61 6f6c 5f63
0033c40 7274 6961 7374 5349 4961 534e 3774 5f5f
0033c50 7863 3178 3131 6232 7361 6369 735f 7274
0033c60 6e69 4967 5363 3174 6331 6168 5f72 7274
0033c70 6961 7374 6349 5345 4961 4563 4545 5345
0033c80 5f36 3245 5f30 5f53 7270 706f 6761 7461
0033c90 5f65 6e6f 735f 6177 4570 0076 495f 5f4f
0033ca0 616d 6b72 7265 5f00 4c47 4249 5843 5f58
0033cb0 4148 4556 465f 4f4c 5441 485f 3120 5500
0033cc0 4f4c 474e 4c5f 4e4f 5f47 414d 2058 4c28
0033cd0 4e4f 5f47 4f4c 474e 4d5f 5841 2a20 3220
0033ce0 4c55 204c 202b 5531 4c4c 0029 475f 494c
0033cf0 4342 5858 4c5f 4e4f 5f47 4f44 4255 454c
0033d00 415f 544c 3231 5f38 4f43 504d 5441 5300
0033d10 5359 735f 7465 745f 7268 6165 5f64 7261
0033d20 6165 5f20 4e5f 5f52 6573 5f74 6874 6572
0033d30 6461 615f 6572 0061 475f 494c 4342 5858
0033d40 415f 5252 5941 3120 5f00 4c47 4249 5843
0033d50 5f58 4148 4556 505f 574f 2046 0031 5a5f
0033d60 4b4e 7453 3731 6e69 6574 7267 6c61 635f
0033d70 6e6f 7473 6e61 4974 4c62 3062 4545 7663
0033d80 4562 0076 475f 494c 4342 5858 575f 4145
0033d90 5f4b 4544 4946 494e 4954 4e4f 0020 5953
0033da0 5f53 6373 6568 5f64 6573 6174 7474 2072
0033db0 5f5f 524e 735f 6863 6465 735f 7465 7461
0033dc0 7274 5f00 635f 7375 5f74 7369 6177 0070
0033dd0 5f5f 4244 5f4c 494d 5f4e 205f 6f64 6275
0033de0 656c 3228 322e 3532 3730 3833 3835 3035
0033df0 3237 3130 3833 3033 3039 3332 3732 3731
0033e00 3333 3432 3430 3630 2d65 3033 4c38 0029
0033e10 5f5f 4843 5241 3631 545f 5059 5f45 205f
0033e20 6873 726f 2074 6e75 6973 6e67 6465 6920
0033e30 746e 5f00 4c47 4249 5843 5f58 5341 4e41
0033e40 415f 4e4e 544f 5441 5f45 4853 4952 4b4e
0033e50 5f00 4e5a 7453 7636 6365 6f74 4972 534e
0033e60 3774 5f5f 7863 3178 3131 6232 7361 6369
0033e70 735f 7274 6e69 4967 5363 3174 6331 6168
0033e80 5f72 7274 6961 7374 6349 5345 4961 4563
0033e90 4545 6153 5349 5f35 4545 3831 4d5f 665f
0033ea0 6c69 5f6c 6e69 7469 6169 696c 657a 6d45
0033eb0 4b52 3553 005f 5f53 5249 5355 2052 5f5f
0033ec0 5f53 5249 4145 0044 435f 5f53 4f50 4953
0033ed0 5f58 3656 4c5f 4250 4749 4f5f 4646 4942
0033ee0 5f47 494c 5342 5f20 5343 505f 534f 5849
0033ef0 565f 5f36 504c 4942 5f47 464f 4246 4749
0033f00 4c5f 4249 0053 5f5f 524e 735f 6c65 6365
0033f10 2074 3332 5f00 4c47 4249 5843 5f58 4148
0033f20 4556 425f 4955 544c 4e49 495f 5f53 4f43
0033f30 534e 4154 544e 455f 4156 554c 5441 4445
0033f40 3120 7700 7363 6f74 626d 0073 5f5f 7362
0033f50 6177 5f70 6f63 736e 6174 746e 315f 2836
0033f60 2978 2820 5f28 755f 6e69 3174 5f36 2974
0033f70 2820 2828 7828 2029 3e3e 3820 2029 2026
0033f80 7830 6666 2029 207c 2828 7828 2029 2026
0033f90 7830 6666 2029 3c3c 3820 2929 0029 535f
0033fa0 5f43 4854 4552 4441 525f 424f 5355 5f54
0033fb0 5250 4f49 505f 4f52 4554 5443 5f20 4353
0033fc0 545f 5248 4145 5f44 4f52 5542 5453 505f
0033fd0 4952 5f4f 5250 544f 4345 0054 4957 544e
0033fe0 4d5f 4e49 2820 7530 0029 5f53 4c42 534b
0033ff0 5a49 2045 3135 0032 5f5f 4953 455a 464f
0034000 495f 544e 5f5f 3420 5300 5359 705f 6469
0034010 6466 675f 7465 6466 5f20 4e5f 5f52 6970
0034020 6664 5f64 6567 6674 0064 5f5f 4e49 5f54
0034030 5f4e 3255 3130 3031 0033 5f5f 7063 5f70
0034040 6e69 696c 656e 765f 7261 6169 6c62 7365
0034050 3220 3130 3036 4c36 5f00 4353 545f 4152
0034060 4543 5f20 4353 545f 4152 4543 5f00 475f
0034070 554e 5f47 205f 3131 5f00 4e5f 5f52 656d
0034080 666d 5f64 6573 7263 7465 3420 3734 5f00
0034090 4e5a 534b 3174 5f32 6556 7463 726f 625f
00340a0 7361 4965 534e 3774 5f5f 7863 3178 3131
00340b0 6232 7361 6369 735f 7274 6e69 4967 5363
00340c0 3174 6331 6168 5f72 7274 6961 7374 6349
00340d0 5345 4961 4563 4545 6153 5349 5f35 4545
00340e0 3331 6567 5f74 6c61 6f6c 6163 6f74 4572
00340f0 0076 5953 5f53 6f69 6c70 5f20 4e5f 5f52
0034100 6f69 6c70 5f00 5349 434f 3131 535f 554f
0034110 4352 0045 4353 4548 5f44 4552 4553 5f54
0034120 4e4f 465f 524f 204b 7830 3034 3030 3030
0034130 3030 5f00 4e5a 7453 3231 565f 6365 6f74
0034140 5f72 6162 6573 4e49 7453 5f37 635f 7878
0034150 3131 3231 6162 6973 5f63 7473 6972 676e
0034160 6349 7453 3131 6863 7261 745f 6172 7469
0034170 4973 4563 6153 6349 4545 5345 4961 3553
0034180 455f 4445 4534 0076 5a5f 4b4e 7453 3731
0034190 6162 6973 5f63 7473 6972 676e 765f 6569
00341a0 4977 5363 3174 6331 6168 5f72 7274 6961
00341b0 7374 6349 4545 6c36 6e65 7467 4568 0076
00341c0 5f5f 6c67 6269 7863 5f78 6572 7571 7269
00341d0 7365 735f 726f 6574 5f64 6573 5f74 7270
00341e0 6465 5f28 6946 7372 3174 5f2c 614c 7473
00341f0 2c31 465f 7269 7473 2c32 505f 6572 2964
0034200 0020 5953 5f53 6572 7571 7365 5f74 656b
0034210 2079 5f5f 524e 725f 7165 6575 7473 6b5f
0034220 7965 5f00 675f 696c 6362 7878 615f 7373
0034230 7265 2874 6f63 646e 2029 6f64 7b20 5f20
0034240 675f 696c 6362 7878 635f 6e6f 7473 7865
0034250 7270 615f 7373 7265 2874 6f63 646e 3b29
0034260 7d20 7720 6968 656c 2820 6166 736c 2965
0034270 5f00 4e5f 5f52 7274 6e75 6163 6574 3720
0034280 0036 5f5f 4148 4556 465f 4f4c 5441 3631
0034290 3020 5300 495f 4552 4441 5320 495f 5552
00342a0 5253 5f00 5f4d 7369 6c5f 636f 6c61 5f00
00342b0 635f 706d 615f 676c 4500 464f 2820 312d
00342c0 0029 4e45 4d4f 4753 3420 0032 5a5f 534e
00342d0 3674 6576 7463 726f 4e49 7453 5f37 635f
00342e0 7878 3131 3231 6162 6973 5f63 7473 6972
00342f0 676e 6349 7453 3131 6863 7261 745f 6172
0034300 7469 4973 4563 6153 6349 4545 5345 4961
0034310 3553 455f 3445 6572 646e 7645 5300 5359
0034320 695f 636f 6c74 5f20 4e5f 5f52 6f69 7463
0034330 006c 5f5f 6e67 5f75 6564 7562 0067 535f
0034340 5f43 5a54 414e 454d 4d5f 5841 5f20 4353
0034350 545f 4e5a 4d41 5f45 414d 0058 5f5f 524e
0034360 735f 6e65 6d64 736d 2067 3033 0037 7473
0034370 6472 7075 2861 2973 2820 5f5f 7865 6574
0034380 736e 6f69 5f6e 205f 7b28 6320 6e6f 7473
0034390 6320 6168 2072 5f2a 6f5f 646c 3d20 2820
00343a0 2973 203b 6973 657a 745f 5f20 6c5f 6e65
00343b0 3d20 7320 7274 656c 206e 5f28 6f5f 646c
00343c0 2029 202b 3b31 6320 6168 2072 5f2a 6e5f
00343d0 7765 3d20 2820 6863 7261 2a20 2029 5f5f
00343e0 7562 6c69 6974 5f6e 6c61 6f6c 6163 2820
00343f0 5f5f 656c 296e 203b 6328 6168 2072 292a
0034400 6d20 6d65 7063 2079 5f28 6e5f 7765 202c
0034410 5f5f 6c6f 2c64 5f20 6c5f 6e65 3b29 7d20
0034420 2929 5f00 4e5a 7453 7636 6365 6f74 4972
0034430 5363 4961 4563 4345 4534 526d 634b 4b52
0034440 3053 005f 4845 534f 5554 524e 4145 4843
0034450 3120 3331 5300 5359 665f 696c 7473 6178
0034460 7474 2072 5f5f 524e 665f 696c 7473 6178
0034470 7474 0072 5f5f 4643 4f4c 5441 3233 2058
0034480 435f 6d6f 6c70 7865 6420 756f 6c62 0065
0034490 5a5f 534e 3174 5f35 655f 6378 7065 6974
00344a0 6e6f 705f 7274 3331 7865 6563 7470 6f69
00344b0 5f6e 7470 4372 4534 6e44 4900 544e 4c5f
00344c0 4145 5453 3436 4d5f 5841 2820 5f5f 4e49
00344d0 3654 5f34 2843 3239 3332 3733 3032 3633
00344e0 3538 3734 3537 3038 2937 0029 4955 544e
00344f0 4c5f 4145 5453 3436 4d5f 5841 2820 5f5f
0034500 4955 544e 3436 435f 3128 3438 3634 3437
0034510 3034 3337 3037 3539 3135 3136 2935 0029
0034520 6c63 6165 0072 5f5f 5f75 6863 7261 645f
0034530 6665 6e69 6465 0020 5f5f 4c46 3354 5f32
0034540 494d 5f4e 5845 5f50 205f 2d28 3231 2935
0034550 5f00 5f54 4357 4148 5f52 0020 4d5f 635f
0034560 6572 7461 0065 6377 7473 646f 7700 7363
0034570 6f74 0066 6377 7473 6b6f 7700 7363 6f74
0034580 006c 425f 5449 5f53 4357 5954 4550 575f
0034590 4843 5241 485f 3120 5300 5a49 5f45 4957
00345a0 5444 2048 5f5f 4f57 4452 4953 455a 5300
00345b0 5359 665f 6863 6f6d 6164 2074 5f5f 524e
00345c0 665f 6863 6f6d 6164 0074 5f5f 6e75 6564
00345d0 5f66 5241 5f47 414d 2058 4d00 444f 4e5f
00345e0 4e41 204f 4441 5f4a 414e 4f4e 5f00 555f
00345f0 4e49 4d54 5841 4d5f 5841 5f5f 3020 6678
0034600 6666 6666 6666 6666 6666 6666 6666 5566
0034610 004c 505f 534f 5849 545f 5059 4445 4d5f
0034620 4d45 524f 5f59 424f 454a 5443 2053 312d
0034630 5f00 465f 544c 3436 485f 5341 445f 4e45
0034640 524f 5f4d 205f 0031 6572 6962 646e 633c
0034650 6168 3e72 5f00 635f 7070 625f 6e69 7261
0034660 5f79 696c 6574 6172 736c 3220 3130 3033
0034670 4c34 5f00 4c5f 4f44 4255 454c 525f 4445
0034680 5249 4345 5354 545f 5f4f 4c46 414f 3154
0034690 3832 415f 4942 3020 5f00 5350 4c54 415f
00346a0 5353 5245 5f54 534d 2847 435f 6e6f 6964
00346b0 6974 6e6f 5f2c 654d 7373 6761 2965 5f20
00346c0 675f 696c 6362 7878 615f 7373 7265 2874
00346d0 435f 6e6f 6964 6974 6e6f 0029 5f53 5749
00346e0 5247 2050 5328 495f 5557 5253 3e20 203e
00346f0 2933 5f00 6e5f 6565 5f64 6973 657a 745f
0034700 0020 5f53 4649 4843 2052 5f5f 5f53 4649
0034710 4843 0052 7362 6165 6372 0068 5f5f 524e
0034720 615f 6363 2074 3631 0033 475f 494c 4342
0034730 5858 455f 444e 4e5f 4d41 5345 4150 4543
0034740 4c5f 4244 5f4c 524f 435f 5858 3131 5f20
0034750 4c47 4249 5843 5f58 4e45 5f44 414e 454d
0034760 5053 4341 5f45 5843 3158 0031 5f5f 524e
0034770 675f 7465 6970 2064 3933 5f00 4c47 4249
0034780 5843 5f58 5355 5f45 4c43 434f 5f4b 4f4d
0034790 4f4e 4f54 494e 2043 0031 495f 5f4f 7277
00347a0 7469 5f65 6162 6573 5f00 4e5f 6d28 6773
00347b0 6469 2029 6d28 6773 6469 0029 435f 5f53
00347c0 464c 3653 5f34 494c 5342 5f20 5343 4c5f
00347d0 5346 3436 4c5f 4249 0053 4955 544e 3436
00347e0 575f 4449 4854 3620 0034 5f5f 434c 4d5f
00347f0 5345 4153 4547 2053 0035 5f5f 4c46 3354
0034800 5832 4d5f 5841 455f 5058 5f5f 3120 3230
0034810 0034 505f 5f43 4552 5f43 494d 5f4e 4658
0034820 5245 535f 5a49 2045 505f 5f43 4552 5f43
0034830 494d 5f4e 4658 5245 535f 5a49 0045 5f5f
0034840 6e75 7869 3120 5f00 5343 585f 5342 5f35
0034850 4c49 3350 5f32 464f 4246 4749 435f 4c46
0034860 4741 2053 435f 5f53 4258 3553 495f 504c
0034870 3233 4f5f 4646 4942 5f47 4643 414c 5347
0034880 7300 7274 636e 7461 5300 5359 705f 6c72
0034890 6d69 7469 3436 5f20 4e5f 5f52 7270 696c
00348a0 696d 3674 0034 475f 494c 4342 5858 495f
00348b0 4d4f 4e41 5049 3120 7200 7765 6e69 0064
00348c0 5f5f 524e 695f 706f 206c 3731 0032 4e49
00348d0 5f54 454c 5341 3654 5f34 494d 204e 2d28
00348e0 5f5f 4e49 3654 5f34 2843 3239 3332 3733
00348f0 3032 3633 3538 3734 3537 3038 2937 312d
0034900 0029 5f5f 524e 745f 6d69 7265 6466 635f
0034910 6572 7461 2065 3832 0033 585f 504f 4e45
0034920 525f 4145 544c 4d49 5f45 4854 4552 4441
0034930 2053 0031 4c5f 5346 3436 415f 5953 434e
0034940 5248 4e4f 554f 5f53 4f49 3120 5f00 4e5a
0034950 7453 3631 6c61 6f6c 6163 6f74 5f72 7274
0034960 6961 7374 5349 4961 534e 3774 5f5f 7863
0034970 3178 3131 6232 7361 6369 735f 7274 6e69
0034980 4967 5363 3174 6331 6168 5f72 7274 6961
0034990 7374 6349 5345 4961 4563 4545 4545 6138
00349a0 6c6c 636f 7461 4565 5352 5f36 506d 764b
00349b0 4500 494c 4142 4343 3720 0039 5f5f 7063
00349c0 5f70 696c 5f62 6f63 736e 6574 7078 5f72
00349d0 7473 6972 676e 765f 6569 2077 3032 3831
00349e0 3131 004c 4e49 5f54 4146 5453 5f38 494d
00349f0 204e 2d28 3231 2938 5500 4e49 5054 5254
0034a00 575f 4449 4854 5f20 575f 524f 5344 5a49
0034a10 0045 5953 5f53 6361 6563 7373 5f20 4e5f
0034a20 5f52 6361 6563 7373 5300 5359 6d5f 766f
0034a30 5f65 6170 6567 2073 5f5f 524e 6d5f 766f
0034a40 5f65 6170 6567 0073 475f 494c 4342 5858
0034a50 555f 4553 4e5f 534c 3120 5f00 4e5f 5f52
0034a60 6863 6f6d 2064 3039 5f00 4c47 4249 5843
0034a70 5f58 5843 5f41 4556 5f43 5443 524f 525f
0034a80 5445 5255 284e 2978 7220 7465 7275 006e
0034a90 5f5f 524e 6d5f 6e75 6f6c 6b63 3120 3035
0034aa0 5f00 4e5a 7453 5f37 635f 7878 3131 3231
0034ab0 6162 6973 5f63 7473 6972 676e 6349 7453
0034ac0 3131 6863 7261 745f 6172 7469 4973 4563
0034ad0 6153 6349 4545 6136 7070 6e65 4564 4b50
0034ae0 6d63 5300 5359 695f 5f6f 7573 6d62 7469
0034af0 5f20 4e5f 5f52 6f69 735f 6275 696d 0074
0034b00 5a5f 4b4e 7453 7636 6365 6f74 4972 5363
0034b10 4961 4563 3545 6d65 7470 4579 0076 535f
0034b20 5f43 454c 4556 324c 435f 4341 4548 4c5f
0034b30 4e49 5345 5a49 2045 535f 5f43 454c 4556
0034b40 324c 435f 4341 4548 4c5f 4e49 5345 5a49
0034b50 0045 5953 5f53 6567 7274 696c 696d 2074
0034b60 5f5f 524e 675f 7465 6c72 6d69 7469 5f00
0034b70 4c47 4249 5843 5f58 554e 454d 4952 5f43
0034b80 494c 494d 5354 3120 5000 745f 706d 6964
0034b90 2072 2f22 6d74 2270 5f00 535f 5a49 4f45
0034ba0 5f46 4953 455a 545f 5f5f 3820 5f00 4c47
0034bb0 4249 5843 5f58 5355 5f45 4d54 4e50 4d41
0034bc0 3120 5f00 675f 696c 6362 7878 665f 6f6c
0034bd0 7461 6e69 2867 545f 2c70 465f 6176 2c6c
0034be0 445f 6176 2c6c 4c5f 7644 6c61 2029 7328
0034bf0 6474 3a3a 5f5f 7261 5f65 6173 656d 5f3c
0034c00 7054 202c 6c66 616f 3e74 3a3a 5f5f 6176
0034c10 756c 2065 203f 465f 6176 206c 203a 7473
0034c20 3a64 5f3a 615f 6572 735f 6d61 3c65 545f
0034c30 2c70 6420 756f 6c62 3e65 3a3a 5f5f 6176
0034c40 756c 2065 203f 445f 6176 206c 203a 4c5f
0034c50 7644 6c61 0029 5f5f 524e 6d5f 646b 7269
0034c60 7461 3220 3835 5f00 635f 7070 765f 7261
0034c70 6169 6964 5f63 6574 706d 616c 6574 2073
0034c80 3032 3730 3430 004c 575f 4843 5241 545f
0034c90 445f 4645 4e49 4445 0020 5f5f 524e 635f
0034ca0 6f6c 6b63 675f 7465 6572 2073 3232 0039
0034cb0 5f5f 4148 4556 475f 4e45 5245 4349 535f
0034cc0 4c45 4345 4954 4e4f 3020 4700 554e 4320
0034cd0 2b2b 3332 3120 2e31 2e34 2030 6d2d 7574
0034ce0 656e 673d 6e65 7265 6369 2d20 616d 6372
0034cf0 3d68 3878 2d36 3436 2d20 2067 672d 2d20
0034d00 3367 2d20 304f 2d20 7473 3d64 6e67 2b75
0034d10 322b 2033 662d 7361 6e79 6863 6f72 6f6e
0034d20 7375 752d 776e 6e69 2d64 6174 6c62 7365
0034d30 2d20 7366 6174 6b63 702d 6f72 6574 7463
0034d40 726f 732d 7274 6e6f 2067 662d 7473 6361
0034d50 2d6b 6c63 7361 2d68 7270 746f 6365 6974
0034d60 6e6f 2d20 6366 2d66 7270 746f 6365 6974
0034d70 6e6f 5f00 4e5a 534b 3674 6576 7463 726f
0034d80 4e49 7453 5f37 635f 7878 3131 3231 6162
0034d90 6973 5f63 7473 6972 676e 6349 7453 3131
0034da0 6863 7261 745f 6172 7469 4973 4563 6153
0034db0 6349 4545 5345 4961 3553 455f 3445 6572
0034dc0 646e 7645 5f00 4f4c 4143 454c 465f 4341
0034dd0 5445 5f53 2048 0031 535f 5a49 5f45 5f54
0034de0 4544 4946 454e 2044 5f00 4c47 4249 5843
0034df0 5f58 5353 5254 4145 204d 0031 474e 4f52
0034e00 5055 5f53 414d 2058 3536 3335 0036 4341
0034e10 4543 5353 4550 4d52 2053 5328 495f 5752
0034e20 5558 537c 495f 5752 4758 537c 495f 5752
0034e30 4f58 0029 6572 6576 7372 5f65 7469 7265
0034e40 7461 726f 5f3c 675f 756e 635f 7878 3a3a
0034e50 5f5f 6f6e 6d72 6c61 695f 6574 6172 6f74
0034e60 3c72 6863 7261 2c2a 7320 6474 3a3a 6576
0034e70 7463 726f 633c 6168 2c72 7320 6474 3a3a
0034e80 6c61 6f6c 6163 6f74 3c72 6863 7261 203e
0034e90 203e 203e 003e 475f 494c 4342 5858 425f
0034ea0 5449 5f53 5453 5f44 4241 5f53 2048 5f00
0034eb0 4e5a 7453 3131 6863 7261 745f 6172 7469
0034ec0 4973 4563 6532 4571 4b52 5363 5f32 5f00
0034ed0 4c47 4249 5843 5f58 4148 4556 435f 4945
0034ee0 4c4c 3120 5f00 495f 544e 4c5f 4145 5453
0034ef0 5f38 414d 5f58 205f 7830 6637 5f00 4e5f
0034f00 5f52 6567 6574 6975 2064 3031 0037 535f
0034f10 5f43 4854 4552 4441 535f 4f50 4152 4944
0034f20 5f43 4553 5652 5245 5f20 4353 545f 5248
0034f30 4145 5f44 5053 524f 4441 4349 535f 5245
0034f40 4556 0052 5f5f 4946 494e 4554 4d5f 5441
0034f50 5f48 4e4f 594c 5f5f 3020 5f00 415f 4f54
0034f60 494d 5f43 4f43 534e 4d55 2045 0031 5f5f
0034f70 524e 675f 7465 6178 7474 2072 3931 0031
0034f80 5a5f 534e 3174 6331 6168 5f72 7274 6961
0034f90 7374 6349 3345 6f65 4566 0076 5f5f 524e
0034fa0 725f 5f74 6973 6167 7463 6f69 206e 3331
0034fb0 5f00 705f 6972 6176 6574 665f 616c 0067
0034fc0 425f 5449 5f53 4954 454d 485f 3120 4500
0034fd0 5854 4254 5953 3220 0036 5f5f 524e 635f
0034fe0 706f 5f79 6966 656c 725f 6e61 6567 3320
0034ff0 3632 5f00 5843 4158 4942 545f 4557 4b41
0035000 5f53 2048 0031 4c5f 434f 4c41 5f45 4146
0035010 4543 5354 4e5f 4e4f 4f49 545f 4343 3120
0035020 5f00 4c47 4249 5843 5f58 4148 4556 4d5f
0035030 5342 4154 4554 545f 3120 5f00 4e5a 534b
0035040 3174 6237 7361 6369 735f 7274 6e69 5f67
0035050 6976 7765 6349 7453 3131 6863 7261 745f
0035060 6172 7469 4973 4563 3545 6672 6e69 4564
0035070 4b50 6d63 5f00 4e5a 6153 6349 4345 4534
0035080 4b52 5f53 5f00 675f 696c 6362 7878 665f
0035090 6f6c 7461 745f 6172 7370 5300 5359 615f
00350a0 6363 7065 2074 5f5f 524e 615f 6363 7065
00350b0 0074 4f4c 4947 5f4e 414e 454d 4d5f 5841
00350c0 3220 3635 5f00 4e5a 7453 3531 5f5f 7865
00350d0 6563 7470 6f69 5f6e 7470 3172 6533 6378
00350e0 7065 6974 6e6f 705f 7274 3443 5045 0076
00350f0 535f 5f43 4854 4552 4441 535f 4641 5f45
0035100 5546 434e 4954 4e4f 2053 535f 5f43 4854
0035110 4552 4441 535f 4641 5f45 5546 434e 4954
0035120 4e4f 0053 535f 4c54 465f 4e55 5443 4f49
0035130 5f4e 2048 0031 5953 5f53 6863 6f72 746f
0035140 5f20 4e5f 5f52 6863 6f72 746f 5f00 4e5f
0035150 5f52 6970 6570 3220 0032 5f5f 524e 6d5f
0035160 6461 6976 6573 3220 0038 5f5f 504c 3436
0035170 5f5f 3120 5f00 5341 5f4d 4547 454e 4952
0035180 5f43 4e49 5f54 4c4c 3436 485f 0020 5a5f
0035190 534e 3174 5f32 6556 7463 726f 625f 7361
00351a0 4965 534e 3774 5f5f 7863 3178 3131 6232
00351b0 7361 6369 735f 7274 6e69 4967 5363 3174
00351c0 6331 6168 5f72 7274 6961 7374 6349 5345
00351d0 4961 4563 4545 6153 5349 5f35 4545 3231
00351e0 565f 6365 6f74 5f72 6d69 6c70 3443 4f45
00351f0 3653 4f5f 3853 005f 6377 7472 6d6f 0062
0035200 5a5f 4b4e 7453 3531 5f5f 7865 6563 7470
0035210 6f69 5f6e 7470 3172 6533 6378 7065 6974
0035220 6e6f 705f 7274 3032 5f5f 7863 5f61 7865
0035230 6563 7470 6f69 5f6e 7974 6570 7645 5f00
0035240 465f 544c 3436 5f58 4148 5f53 4e49 4946
0035250 494e 5954 5f5f 3120 5300 4d45 565f 4c41
0035260 4555 4d5f 5841 2820 3132 3734 3834 3633
0035270 3734 0029 5f5f 524e 655f 6f70 6c6c 635f
0035280 6572 7461 3165 3220 3139 5f00 5350 4c54
0035290 455f 5241 594c 5845 5449 505f 4552 4553
00352a0 544e 2820 5f5f 4e49 4554 5f4c 4f43 504d
00352b0 4c49 5245 3e20 203d 3831 3030 0029 5953
00352c0 5f53 6573 6774 6469 5f20 4e5f 5f52 6573
00352d0 6774 6469 5f00 4f50 4953 3258 4c5f 434f
00352e0 4c41 4445 4645 5f20 505f 534f 5849 5f32
00352f0 4854 5349 565f 5245 4953 4e4f 4c00 4d49
0035300 4e49 4c41 4c5f 4249 6a5f 6f73 696e 5f6f
0035310 5954 4550 5f53 5048 5f50 0020 5a5f 4b4e
0035320 7453 5f37 635f 7878 3131 3231 6162 6973
0035330 5f63 7473 6972 676e 6349 7453 3131 6863
0035340 7261 745f 6172 7469 4973 4563 6153 6349
0035350 4545 3631 6966 646e 6c5f 7361 5f74 6f6e
0035360 5f74 666f 5045 634b 6d6d 5f00 485f 5641
0035370 5f45 4944 5453 4e49 5443 465f 4f4c 5441
0035380 3436 3020 5f00 4e5a 7453 3731 6162 6973
0035390 5f63 7473 6972 676e 765f 6569 4977 5363
00353a0 3174 6331 6168 5f72 7274 6961 7374 6349
00353b0 4545 3443 5245 534b 5f32 5f00 4e5a 7453
00353c0 5f37 635f 7878 3131 3231 6162 6973 5f63
00353d0 7473 6972 676e 6349 7453 3131 6863 7261
00353e0 745f 6172 7469 4973 4563 6153 6349 4545
00353f0 5f39 5f4d 756d 6174 6574 6d45 506d 634b
0035400 006d 5f5f 7063 5f70 696c 5f62 7571 746f
0035410 6465 735f 7274 6e69 5f67 6f69 3220 3130
0035420 3033 0034 5953 5f53 7277 7469 2065 5f5f
0035430 524e 775f 6972 6574 5f00 4c47 4249 5843
0035440 3958 5f38 5355 5f45 3943 5f39 414d 4854
0035450 3120 5f00 4e5a 534b 3674 6576 7463 726f
0035460 6349 6153 6349 4545 7869 6d45 5f00 5349
0035470 5254 4145 5f4d 4354 2043 0031 6975 746e
0035480 665f 7361 3174 5f36 0074 5f5f 7573 6573
0035490 6f63 646e 5f73 5f74 6564 6966 656e 2064
00354a0 5f00 495f 544e 4c5f 4145 5453 3436 575f
00354b0 4449 4854 5f5f 3620 0034 5f5f 5043 5f55
00354c0 5349 4553 5f54 2853 7063 2c75 6573 7374
00354d0 7a69 2c65 7063 7375 7465 2970 2820 5f5f
00354e0 7865 6574 736e 6f69 5f6e 205f 7b28 7320
00354f0 7a69 5f65 2074 5f5f 7063 2075 203d 6328
0035500 7570 3b29 5f20 635f 7570 2f20 3820 3c20
0035510 2820 6573 7374 7a69 2965 3f20 2820 2828
0035520 6328 6e6f 7473 5f20 635f 7570 6d5f 7361
0035530 206b 292a 2820 6328 7570 6573 7074 2d29
0035540 5f3e 625f 7469 2973 5b29 5f5f 5043 4555
0035550 544c 2820 5f5f 7063 2975 205d 2026 5f5f
0035560 5043 4d55 5341 204b 5f28 635f 7570 2929
0035570 2029 3d21 3020 3a20 3020 203b 297d 0029
0035580 5a5f 534e 3174 5f32 6556 7463 726f 625f
0035590 7361 4965 534e 3774 5f5f 7863 3178 3131
00355a0 6232 7361 6369 735f 7274 6e69 4967 5363
00355b0 3174 6331 6168 5f72 7274 6961 7374 6349
00355c0 5345 4961 4563 4545 6153 5349 5f35 4545
00355d0 3231 565f 6365 6f74 5f72 6d69 6c70 3443
00355e0 5245 534b 5f36 5f00 4c47 4249 5843 5f58
00355f0 4e49 494c 454e 565f 5245 4953 4e4f 3020
0035600 4200 4749 455f 444e 4149 204e 5f5f 4942
0035610 5f47 4e45 4944 4e41 5f00 5343 505f 534f
0035620 5849 565f 5f37 504c 4942 5f47 464f 4246
0035630 4749 4c5f 4e49 4654 414c 5347 5f20 5343
0035640 505f 534f 5849 565f 5f37 504c 4942 5f47
0035650 464f 4246 4749 4c5f 4e49 4654 414c 5347
0035660 5f00 4c47 4249 5843 5f58 5455 4c49 5449
0035670 2059 0031 475f 494c 4342 5858 555f 4553
0035680 435f 3939 435f 4d4f 4c50 5845 5f20 4c47
0035690 4249 5843 3158 5f31 5355 5f45 3943 5f39
00356a0 4f43 504d 454c 0058 7473 6e72 6d63 0070
00356b0 5953 5f53 7270 6165 3664 2034 5f5f 524e
00356c0 705f 6572 6461 3436 5f00 4353 4c5f 5645
00356d0 4c45 5f33 4143 4843 5f45 494c 454e 4953
00356e0 455a 5f20 4353 4c5f 5645 4c45 5f33 4143
00356f0 4843 5f45 494c 454e 4953 455a 5f00 495f
0035700 544e 5450 5f52 4957 5444 5f48 205f 3436
0035710 5f00 4c5f 4244 5f4c 4148 5f53 5551 4549
0035720 5f54 414e 5f4e 205f 0031 535f 5f43 3656
0035730 495f 504c 3233 4f5f 4646 4942 2047 535f
0035740 5f43 3656 495f 504c 3233 4f5f 4646 4942
0035750 0047 5f5f 4e45 5f44 4544 4c43 2053 007d
0035760 475f 494c 4342 5858 4e5f 444f 5349 4143
0035770 4452 5b20 5f5b 6e5f 646f 7369 6163 6472
0035780 5f5f 5d5d 5f00 535f 5a49 4f45 5f46 4853
0035790 524f 5f54 205f 0032 5f5f 4950 5f45 205f
00357a0 0032 4345 4e4f 524e 5345 5445 3120 3430
00357b0 5f00 4c5f 4244 5f4c 5349 495f 4345 365f
00357c0 3530 3935 5f5f 3220 5f00 4c47 4249 5843
00357d0 5f58 564c 4c41 525f 4645 515f 4155 004c
00357e0 5953 5f53 7665 6e65 6674 3264 5f20 4e5f
00357f0 5f52 7665 6e65 6674 3264 5f00 4e5a 534b
0035800 3774 5f5f 7863 3178 3131 6232 7361 6369
0035810 735f 7274 6e69 4967 5363 3174 6331 6168
0035820 5f72 7274 6961 7374 6349 5345 4961 4563
0035830 3545 5f63 7473 4572 0076 5f5f 7577 2072
0035840 5f00 635f 7070 6c5f 6269 6f5f 7470 6f69
0035850 616e 206c 3032 3132 3630 004c 475f 494c
0035860 4342 5858 485f 5641 5f45 494c 554e 5f58
0035870 5954 4550 5f53 2048 0031 682f 6d6f 2f65
0035880 616d 7474 6f65 502f 6f72 656a 7463 2f73
0035890 694c 696d 616e 2f6c 7273 2f63 616d 6e69
00358a0 632e 7070 2f00 6f68 656d 6d2f 7461 6574
00358b0 2f6f 7250 6a6f 6365 7374 4c2f 6d69 6e69
00358c0 6c61 622f 6975 646c 2f00 6f68 656d 6d2f
00358d0 7461 6574 2f6f 7250 6a6f 6365 7374 4c2f
00358e0 6d69 6e69 6c61 732f 6372 2f00 7375 2f72
00358f0 6e69 6c63 6475 2f65 2b63 2f2b 3131 2f00
0035900 7375 2f72 696c 2f62 6367 2f63 3878 5f36
0035910 3436 6c2d 6e69 7875 672d 756e 312f 2f31
0035920 6e69 6c63 6475 0065 752f 7273 692f 636e
0035930 756c 6564 782f 3638 365f 2d34 696c 756e
0035940 2d78 6e67 2f75 6962 7374 742f 7079 7365
0035950 2f00 7375 2f72 6e69 6c63 6475 2f65 3878
0035960 5f36 3436 6c2d 6e69 7875 672d 756e 632f
0035970 2b2b 312f 2f31 6962 7374 2f00 7375 2f72
0035980 6e69 6c63 6475 2f65 2b63 2f2b 3131 622f
0035990 7469 0073 752f 7273 692f 636e 756c 6564
00359a0 632f 2b2b 312f 2f31 6564 7562 0067 752f
00359b0 7273 692f 636e 756c 6564 632f 2b2b 312f
00359c0 2f31 7865 6570 6972 656d 746e 6c61 2f00
00359d0 7375 2f72 6e69 6c63 6475 0065 752f 7273
00359e0 692f 636e 756c 6564 632f 2b2b 312f 2f31
00359f0 7865 0074 752f 7273 692f 636e 756c 6564
0035a00 782f 3638 365f 2d34 696c 756e 2d78 6e67
0035a10 2f75 6962 7374 2f00 7375 2f72 6e69 6c63
0035a20 6475 2f65 2b63 2f2b 3131 702f 7473 006c
0035a30 682f 6d6f 2f65 616d 7474 6f65 502f 6f72
0035a40 656a 7463 2f73 694c 696d 616e 2f6c 696c
0035a50 2f62 6f6c 6767 7265 692f 636e 756c 6564
0035a60 702f 6275 696c 2f63 6f6c 6767 7265 2f00
0035a70 6f68 656d 6d2f 7461 6574 2f6f 7250 6a6f
0035a80 6365 7374 4c2f 6d69 6e69 6c61 6c2f 6269
0035a90 6a2f 6f73 696e 2f6f 6e69 6c63 6475 2f65
0035aa0 7570 6c62 6369 6a2f 6f73 696e 006f 682f
0035ab0 6d6f 2f65 616d 7474 6f65 502f 6f72 656a
0035ac0 7463 2f73 694c 696d 616e 2f6c 696c 2f62
0035ad0 6974 656d 692f 636e 756c 6564 702f 6275
0035ae0 696c 2f63 6974 656d 2f00 6f68 656d 6d2f
0035af0 7461 6574 2f6f 7250 6a6f 6365 7374 4c2f
0035b00 6d69 6e69 6c61 6c2f 6269 652f 7272 726f
0035b10 692f 636e 756c 6564 702f 6275 696c 2f63
0035b20 7265 6f72 0072 682f 6d6f 2f65 616d 7474
0035b30 6f65 502f 6f72 656a 7463 2f73 694c 696d
0035b40 616e 2f6c 696c 2f62 7366 692f 636e 756c
0035b50 6564 702f 6275 696c 2f63 7366 2f00 7375
0035b60 2f72 6e69 6c63 6475 2f65 3878 5f36 3436
0035b70 6c2d 6e69 7875 672d 756e 732f 7379 2f00
0035b80 7375 2f72 6e69 6c63 6475 2f65 3878 5f36
0035b90 3436 6c2d 6e69 7875 672d 756e 672f 756e
0035ba0 2f00 7375 2f72 6e69 6c63 6475 2f65 2b63
0035bb0 2f2b 3131 622f 6361 776b 7261 0064 752f
0035bc0 7273 692f 636e 756c 6564 6c2f 6e69 7875
0035bd0 2f00 7375 2f72 6e69 6c63 6475 2f65 3878
0035be0 5f36 3436 6c2d 6e69 7875 672d 756e 612f
0035bf0 6d73 2f00 7375 2f72 6e69 6c63 6475 2f65
0035c00 7361 2d6d 6567 656e 6972 0063 682f 6d6f
0035c10 2f65 616d 7474 6f65 502f 6f72 656a 7463
0035c20 2f73 694c 696d 616e 2f6c 696c 2f62 6170
0035c30 7372 6f65 2f70 6e69 6c63 6475 2f65 7570
0035c40 6c62 6369 702f 7261 6573 706f 6900 736f
0035c50 7274 6165 006d 7473 6464 6665 682e 7300
0035c60 6474 7261 2e67 0068 623c 6975 746c 692d
0035c70 3e6e 7700 6e69 5f74 2e74 0068 5f5f 626d
0035c80 7473 7461 5f65 2e74 0068 5f5f 4946 454c
0035c90 682e 7300 7274 6375 5f74 4946 454c 682e
0035ca0 6300 6377 6168 0072 7974 6570 745f 6172
0035cb0 7469 0073 2b63 632b 6e6f 6966 2e67 0068
0035cc0 7865 6563 7470 6f69 5f6e 7470 2e72 0068
0035cd0 6f63 636e 7065 7374 6900 6574 6172 6f74
0035ce0 5f72 6f63 636e 7065 7374 682e 7200 6e61
0035cf0 6567 5f73 6d63 2e70 0068 6f63 706d 7261
0035d00 0065 7461 6d6f 6369 775f 6961 2e74 0068
0035d10 6162 6973 5f63 7473 6972 676e 682e 7200
0035d20 6765 7865 615f 7475 6d6f 7461 6e6f 682e
0035d30 6400 6265 6775 682e 6300 6168 5f72 7274
0035d40 6961 7374 682e 6300 7473 6964 746e 6300
0035d50 6f6c 6163 656c 6300 7473 6c64 6269 6e00
0035d60 6d75 6562 7372 7300 7274 6e69 5f67 6976
0035d70 7765 6300 7473 6964 006f 6c61 6f6c 5f63
0035d80 7274 6961 7374 682e 6900 696e 6974 6c61
0035d90 7a69 7265 6c5f 7369 0074 7473 6972 676e
0035da0 7766 2e64 0068 6f69 5f73 6162 6573 682e
0035db0 6300 6377 7974 6570 6300 6974 656d 6300
0035dc0 7268 6e6f 006f 6c61 6f67 6972 6874 666d
0035dd0 6477 682e 7000 7261 6573 6e5f 6d75 6562
0035de0 7372 682e 6600 5f73 7766 2e64 0068 7366
0035df0 705f 7461 2e68 0068 7473 5f6c 7469 7265
0035e00 7461 726f 625f 7361 5f65 7974 6570 2e73
0035e10 0068 6873 7261 6465 705f 7274 625f 7361
0035e20 2e65 0068 7363 6474 6564 0066 7473 5f6c
0035e30 6576 7463 726f 682e 7600 6365 6f74 2e72
0035e40 6374 0063 6f73 7275 6563 6c5f 636f 7461
0035e50 6f69 006e 7363 6474 7261 0067 7566 636e
0035e60 6974 6e6f 6c61 6300 7473 6972 676e 7200
0035e70 6765 7865 655f 7272 726f 682e 7300 7274
0035e80 6375 5f74 6d74 682e 7000 6572 6564 6966
0035e90 656e 5f64 706f 2e73 0068 656e 5f77 6c61
0035ea0 6f6c 6163 6f74 2e72 0068 7473 5f6c 7469
0035eb0 7265 7461 726f 682e 6300 6e6f 7563 7272
0035ec0 6e65 6563 682e 7000 7274 745f 6172 7469
0035ed0 2e73 0068 7473 6964 746e 692d 746e 2e6e
0035ee0 0068 7473 6964 746e 752d 6e69 6e74 682e
0035ef0 7300 6474 6e69 2e74 0068 6974 656d 745f
0035f00 682e 7300 7274 6375 5f74 6974 656d 7073
0035f10 6365 682e 6300 6f6c 6b63 745f 682e 7300
0035f20 6474 696c 2e62 0068 5f5f 7066 736f 745f
0035f30 682e 7300 6474 6f69 682e 7700 7463 7079
0035f40 2d65 6377 6168 2e72 0068 6377 7974 6570
0035f50 682e 7400 6d69 2e65 0068 7865 6365 7475
0035f60 6f69 5f6e 6564 7366 682e 7200 6765 7865
0035f70 635f 6e6f 7473 6e61 7374 682e 6c00 676f
0035f80 6567 2e72 7068 0070 7453 7461 7375 682e
0035f90 7070 7400 7079 7365 682e 7070 5500 696e
0035fa0 2e74 7068 0070 7265 6f72 2e72 7068 0070
0035fb0 7863 6178 6962 695f 696e 5f74 7865 6563
0035fc0 7470 6f69 2e6e 0068 7863 6178 6962 682e
0035fd0 7300 6474 2d63 7270 6465 6665 682e 6f00
0035fe0 5f73 6564 6966 656e 2e73 0068 6566 7461
0035ff0 7275 7365 682e 6600 6165 7574 6572 2d73
0036000 6974 656d 3436 682e 7700 726f 7364 7a69
0036010 2e65 0068 6974 656d 6973 657a 682e 6300
0036020 6564 7366 682e 6c00 6e6f 2d67 6f64 6275
0036030 656c 682e 7300 7574 7362 682e 7300 7574
0036040 7362 362d 2e34 0068 7063 5f75 6564 6966
0036050 656e 2e73 0068 7370 6c74 635f 6e6f 6966
0036060 2e67 0068 6f69 0073 6f69 6673 6477 6d00
0036070 6d65 726f 6679 6477 682e 7000 736f 7974
0036080 6570 2e73 0068 696c 6362 682d 6165 6564
0036090 2d72 7473 7261 2e74 0068 6c66 616f 6e74
00360a0 682e 6600 6f6c 7461 2d6e 6f63 6d6d 6e6f
00360b0 682e 5f00 6c5f 636f 6c61 5f65 2e74 0068
00360c0 7865 6563 7470 6f69 006e 7865 6563 7470
00360d0 6f69 5f6e 6564 6966 656e 2e73 0068 7974
00360e0 6570 6e69 6f66 6800 7361 5f68 7962 6574
00360f0 2e73 0068 656e 0077 6f6d 6576 682e 6e00
0036100 7365 6574 5f64 7865 6563 7470 6f69 2e6e
0036110 0068 7473 5f6c 6c61 6f67 6162 6573 682e
0036120 6600 6e75 7463 7865 6563 7470 682e 6300
0036130 7070 745f 7079 5f65 7274 6961 7374 682e
0036140 6e00 6d75 7265 6369 745f 6172 7469 2e73
0036150 0068 7473 5f6c 6170 7269 682e 7300 6c74
0036160 695f 6574 6172 6f74 5f72 6162 6573 665f
0036170 6e75 7363 682e 6300 6e6f 6563 7470 635f
0036180 6568 6b63 682e 6100 7373 7265 6974 6e6f
0036190 2e73 0068 7473 5f6c 6f63 736e 7274 6375
00361a0 2e74 0068 7974 6570 6973 657a 2e73 0068
00361b0 6f6c 6163 656c 7766 2e64 0068 2b63 6c2b
00361c0 636f 6c61 2e65 0068 6363 7974 6570 6500
00361d0 646e 6169 2e6e 0068 6e65 6964 6e61 656e
00361e0 7373 682e 6100 6f74 696d 6963 7974 682e
00361f0 6700 6874 2e72 0068 7467 7268 642d 6665
0036200 7561 746c 682e 7000 6874 6572 6461 682e
0036210 7300 6863 6465 682e 7300 7274 6375 5f74
0036220 6373 6568 5f64 6170 6172 2e6d 0068 7063
0036230 2d75 6573 2e74 0068 6974 656d 2e78 0068
0036240 7473 7572 7463 745f 6d69 7665 6c61 682e
0036250 6300 6f6c 6b63 6469 745f 682e 7400 6d69
0036260 7265 745f 682e 7300 7274 6375 5f74 7469
0036270 6d69 7265 7073 6365 682e 7000 6874 6572
0036280 6461 7974 6570 2e73 0068 6874 6572 6461
0036290 732d 6168 6572 2d64 7974 6570 2e73 0068
00362a0 7470 7268 6165 7464 7079 7365 612d 6372
00362b0 2e68 0068 7461 6d6f 6369 775f 6469 5f65
00362c0 6f63 6e75 6574 2e72 0068 7473 7572 7463
00362d0 6d5f 7475 7865 682e 7300 7274 6375 5f74
00362e0 7772 6f6c 6b63 682e 7300 7465 6d6a 2e70
00362f0 0068 5f5f 6973 7367 7465 745f 682e 7300
0036300 7274 6375 5f74 5f5f 6d6a 5f70 7562 5f66
0036310 6174 2e67 0068 7470 7268 6165 5f64 7473
0036320 6361 5f6b 696d 2d6e 7964 616e 696d 2e63
0036330 0068 7461 6d6f 6369 775f 726f 2e64 0068
0036340 6973 676e 656c 745f 7268 6165 6564 2e64
0036350 0068 6f6c 6163 656c 635f 616c 7373 7365
0036360 682e 6300 2b2b 6c61 6f6c 6163 6f74 2e72
0036370 0068 736f 7274 6165 5f6d 6e69 6573 7472
0036380 682e 6300 7878 6261 5f69 6f66 6372 6465
0036390 682e 7300 6c74 665f 6e75 7463 6f69 2e6e
00363a0 0068 6962 646e 7265 2e73 0068 7473 5f6c
00363b0 6c61 6f67 682e 7700 6961 6674 616c 7367
00363c0 682e 7700 6961 7374 6174 7574 2e73 0068
00363d0 7962 6574 7773 7061 682e 7500 6e69 6e74
00363e0 692d 6564 746e 7469 2e79 0068 6573 656c
00363f0 7463 682e 6100 6c6c 636f 2e61 0068 7473
0036400 6c64 6269 662d 6f6c 7461 682e 7300 6474
0036410 615f 7362 682e 7300 6c74 685f 6165 2e70
0036420 0068 7473 5f6c 6574 706d 7562 2e66 0068
0036430 6e75 6669 726f 5f6d 6e69 5f74 6964 7473
0036440 682e 7200 6e61 6567 615f 6363 7365 2e73
0036450 0068 7566 636e 6974 6e6f 6c61 685f 7361
0036460 2e68 0068 6172 676e 7365 625f 7361 2e65
0036470 0068 616d 5f78 6973 657a 745f 7079 2e65
0036480 0068 7473 6972 676e 765f 6569 2e77 6374
0036490 0063 7473 6972 676e 635f 6e6f 6576 7372
00364a0 6f69 736e 682e 5f00 665f 6f70 3673 5f34
00364b0 2e74 0068 6f63 6b6f 6569 695f 5f6f 7566
00364c0 636e 6974 6e6f 5f73 2e74 0068 7473 6964
00364d0 5f6f 696c 2e6d 0068 6563 7272 6f6e 6500
00364e0 7272 6f6e 682e 6500 7272 6f6e 622d 7361
00364f0 2e65 0068 7265 6f72 5f72 2e74 0068 6863
0036500 7261 6f63 766e 682e 6200 7361 6369 735f
0036510 7274 6e69 2e67 6374 0063 6f6c 6163 656c
0036520 635f 616c 7373 7365 742e 6363 7300 7379
0036530 6574 5f6d 7265 6f72 0072 7265 6f72 5f72
0036540 6f63 736e 6174 746e 2e73 0068 7473 6564
0036550 6378 7065 0074 7473 6572 6d61 7562 0066
0036560 7473 6572 6d61 7562 2e66 6374 0063 6162
0036570 6973 5f63 6f69 2e73 0068 6f6c 6163 656c
0036580 665f 6361 7465 2e73 0068 7463 7079 5f65
0036590 6162 6573 682e 7300 7274 6165 626d 6675
00365a0 695f 6574 6172 6f74 2e72 0068 7463 7079
00365b0 5f65 6e69 696c 656e 682e 6c00 636f 6c61
00365c0 5f65 6166 6563 7374 742e 6363 6200 7361
00365d0 6369 695f 736f 742e 6363 6f00 7473 6572
00365e0 6d61 742e 6363 6900 7473 6572 6d61 6900
00365f0 7473 6572 6d61 742e 6363 7300 7473 6572
0036600 6d61 7300 7473 6572 6d61 742e 6363 7200
0036610 7461 6f69 6900 6d6f 6e61 7069 6c00 636f
0036620 6c61 5f65 6166 6563 7374 6e5f 6e6f 6f69
0036630 682e 7400 6d69 5f65 656d 626d 7265 2e73
0036640 0068 656d 7373 6761 7365 6d5f 6d65 6562
0036650 7372 682e 6c00 6269 6e69 6c74 682e 6300
0036660 646f 6365 7476 682e 6c00 636f 6c61 5f65
0036670 6166 6563 7374 6e5f 6e6f 6f69 742e 6363
0036680 6c00 636f 6c61 5f65 6f63 766e 682e 7500
0036690 696e 7571 5f65 7470 2e72 0068 7475 6c69
00366a0 7469 0079 7473 5f6c 6572 6f6c 7370 682e
00366b0 7400 7075 656c 6100 7272 7961 7500 6573
00366c0 5f73 6c61 6f6c 6163 6f74 2e72 0068 6e69
00366d0 6f76 656b 682e 7100 6f75 6574 5f64 7473
00366e0 6972 676e 682e 6d00 6d65 726f 0079 7473
00366f0 5f6c 6e75 6e69 7469 6169 696c 657a 2e64
0036700 0068 7473 5f6c 6172 5f77 7473 726f 6761
0036710 5f65 7469 7265 682e 6100 696c 6e67 682e
0036720 6200 7469 7300 6168 6572 5f64 7470 2e72
0036730 0068 6c61 6f6c 6163 6574 5f64 7470 2e72
0036740 0068 6572 7766 6172 2e70 0068 6c61 6769
0036750 656e 5f64 7562 6666 7265 682e 7300 6168
0036760 6572 5f64 7470 5f72 7461 6d6f 6369 682e
0036770 6100 6f74 696d 5f63 6162 6573 682e 6100
0036780 6f74 696d 5f63 6f6c 6b63 7266 6565 645f
0036790 6665 6e69 7365 682e 6300 696c 696d 7374
00367a0 7300 7379 696c 696d 7374 682e 7000 736f
00367b0 7869 5f31 696c 2e6d 0068 6f6c 6163 5f6c
00367c0 696c 2e6d 0068 6f70 6973 3278 6c5f 6d69
00367d0 682e 7800 706f 6e65 6c5f 6d69 682e 7500
00367e0 6f69 6c5f 6d69 682e 7500 696e 7473 2e64
00367f0 0068 6f70 6973 5f78 706f 2e74 0068 6e65
0036800 6976 6f72 6d6e 6e65 7374 682e 6300 6e6f
0036810 6e66 6d61 2e65 0068 6567 6f74 7470 705f
0036820 736f 7869 682e 6700 7465 706f 5f74 6f63
0036830 6572 682e 7500 696e 7473 5f64 7865 2e74
0036840 0068 6c63 736f 5f65 6172 676e 2e65 0068
0036850 7973 6373 6c61 2e6c 0068 6e75 7369 6474
0036860 365f 2e34 0068 7473 5f64 756d 6574 2e78
0036870 0068 7561 6f74 705f 7274 682e 7200 6e61
0036880 6567 5f73 6e75 6e69 7469 6169 696c 657a
0036890 2e64 0068 6172 676e 7365 615f 676c 626f
00368a0 7361 2e65 0068 7469 7265 7461 726f 7300
00368b0 7274 6165 5f6d 7469 7265 7461 726f 682e
00368c0 7500 6573 5f73 6c61 6f6c 6163 6f74 5f72
00368d0 7261 7367 682e 6700 756c 5f65 656d 6f6d
00368e0 7972 645f 6665 2e73 0068 6e49 734a 6e6f
00368f0 682e 7070 6900 5f73 6e69 765f 7261 6169
0036900 746e 765f 682e 7070 7600 7261 6169 746e
0036910 6500 616e 6c62 5f65 7073 6365 6169 5f6c
0036920 656d 626d 7265 2e73 0068 706f 6974 6e6f
0036930 6c61 7600 6365 6f74 0072 7473 5f6c 7662
0036940 6365 6f74 2e72 0068 6170 7372 6f65 2e70
0036950 7068 0070 6150 6874 682e 7070 4500 746e
0036960 7972 682e 7070 5300 7a69 2e65 7068 0070
0036970 7355 7265 682e 7070 5000 7265 696d 7373
0036980 6f69 2e6e 7068 0070 7473 7572 7463 735f
0036990 6174 2e74 0068 6e69 2d74 6c6c 3436 682e
00369a0 6200 7469 7073 7265 6f6c 676e 682e 7000
00369b0 736f 7869 745f 7079 7365 682e 7000 736f
00369c0 7869 745f 7079 7365 365f 2e34 0068 7473
00369d0 7461 2d78 6567 656e 6972 2e63 0068 7473
00369e0 7572 7463 735f 6174 7874 745f 6d69 7365
00369f0 6174 706d 682e 7300 7274 6375 5f74 7473
0036a00 7461 2e78 0068 6144 6574 682e 7070 5300
0036a10 6174 706d 745f 682e 7070 7500 6f6e 6472
0036a20 7265 6465 6d5f 7061 6800 7361 7468 6261
0036a30 656c 682e 6800 7361 7468 6261 656c 705f
0036a40 6c6f 6369 2e79 0068 6f6e 6564 685f 6e61
0036a50 6c64 2e65 0068 6e75 726f 6564 6572 5f64
0036a60 616d 2e70 0068 7265 7361 5f65 6669 682e
0036a70 6600 6c69 7365 7379 6574 006d 6f63 6564
0036a80 7663 0074 7366 645f 7269 682e 6600 5f73
0036a90 706f 2e73 0068 7863 6178 6962 745f 6577
0036aa0 6b61 2e73 0068 6572 6567 0078 6c61 6f67
0036ab0 6972 6874 006d 6172 676e 7365 615f 676c
0036ac0 2e6f 0068 6172 676e 7365 755f 6974 2e6c
0036ad0 0068 6c67 6575 615f 676c 726f 7469 6d68
0036ae0 645f 6665 2e73 0068 7473 5f64 7566 636e
0036af0 6974 6e6f 682e 6200 7469 6573 0074 7473
0036b00 6361 006b 6564 7571 0065 7473 5f6c 6564
0036b10 7571 2e65 0068 6564 7571 2e65 6374 0063
0036b20 7473 5f6c 7473 6361 2e6b 0068 7473 5f6c
0036b30 7274 6565 682e 7300 6c74 6d5f 7061 682e
0036b40 7300 6c74 6d5f 6c75 6974 616d 2e70 0068
0036b50 7473 6972 676e 2e73 0068 6572 6567 5f78
0036b60 7561 6f74 616d 6f74 2e6e 6374 0063 6572
0036b70 6567 5f78 6373 6e61 656e 2e72 0068 6572
0036b80 6567 5f78 6373 6e61 656e 2e72 6374 0063
0036b90 6572 6567 5f78 6f63 706d 6c69 7265 682e
0036ba0 7200 6765 7865 635f 6d6f 6970 656c 2e72
0036bb0 6374 0063 6572 6567 2e78 0068 6572 6567
0036bc0 2e78 6374 0063 6572 6567 5f78 7865 6365
0036bd0 7475 726f 682e 7200 6765 7865 655f 6578
0036be0 7563 6f74 2e72 6374 0063 6e61 0079 0005
0036bf0 0002 0000 0700 1182 0000 0003 0301 5600
0036c00 d007 001b 0400 1e03 054d 4c02 013c 0300
0036c10 0204 2205 c89d 0000 2603 070e 1bf8 0000
0036c20 ca03 5704 aa07 001d 0300 5827 ba07 001d
0036c30 0300 0388 0359 5a14 5b07 0020 0400 1503
0036c40 035b 5a13 5b07 0020 0400 1a05 aa9d 0000
0036c50 0404 7107 0020 0300 03e6 075c 20c9 0000
0036c60 af03 5a04 5b07 0020 0400 b003 5d04 1505
0036c70 8106 0002 0704 22a0 0000 0304 03fe 035e
0036c80 5f0a 1b07 0023 0400 0404 4f07 0023 0400
0036c90 cd03 6004 1f05 1e28 0002 0704 236b 0000
0036ca0 8903 6106 4807 0024 0400 4b07 0025 0400
0036cb0 2703 0562 0922 006b 0300 6326 2205 68ad
0036cc0 0002 2603 0564 3822 0097 0300 2227 2305
0036cd0 4a47 0000 2803 0565 522c 01a9 0400 0304
0036ce0 6628 2405 73d2 0000 2803 030c 352c 6107
0036cf0 002b 0300 671b 7107 002b 0400 1e03 0768
0036d00 2bcf 0000 7703 0569 0415 008e 0300 5d18
0036d10 1505 8106 0002 0704 2bfd 0000 0404 8307
0036d20 002c 0300 0323 9907 002c 0400 2505 90d2
0036d30 0000 2603 0704 2da7 0000 0304 6a28 b707
0036d40 002d 0400 2903 0706 2dcd 0000 0304 082a
0036d50 0205 6513 0000 0403 0507 1102 0065 0400
0036d60 0304 092b 0205 51ac 0002 0304 0b2e 0205
0036d70 51ae 0002 0304 6b31 1405 5f7b 0001 1603
0036d80 056c 2614 01b6 0400 0704 2ddd 0000 0704
0036d90 2e00 0000 0404 0304 6d27 1f05 6fd6 0001
0036da0 2603 056e dd20 0002 0400 7005 1ece 0001
0036db0 9903 0f01 2005 de61 0001 2503 076f 2f73
0036dc0 0000 0304 5226 2005 6c98 0002 2603 0703
0036dd0 2f8f 0000 0704 3023 0000 0304 7027 1e05
0036de0 4526 0000 2403 0571 8d1f 01ce 0400 3307
0036df0 0030 0400 2803 0772 3043 0000 0304 732b
0036e00 1f05 55ab 0001 3903 070d 305b 0000 0704
0036e10 30f6 0000 0704 3116 0000 0304 019a 0574
0036e20 731f 0103 0400 0304 1828 2305 1fd0 0000
0036e30 2703 0575 3239 00de 0300 763c 2505 2892
0036e40 0002 0304 773d 2707 0031 0400 3e03 0578
0036e50 121e 0064 0400 3f03 0779 313f 0000 0304
0036e60 7a40 3905 4237 0000 4103 0513 d51f 0082
0036e70 0300 1027 8e07 0031 0400 2a05 320d 0001
0036e80 0504 d142 0136 0400 4103 052b e93c 015c
0036e90 0300 1147 1f05 43e1 0000 2403 073c 319e
0036ea0 0000 0304 1225 b507 0031 0400 0404 4203
0036eb0 057b 4e3c 0006 0300 7c40 c507 0031 0400
0036ec0 4103 077d 31ed 0000 0404 4303 073a 321b
0036ed0 0000 5503 057e b239 0115 0400 3107 0032
0036ee0 0400 4503 0717 3251 0000 0304 3747 1f05
0036ef0 6005 0001 0704 32d9 0000 0304 0c29 0704
0036f00 32f2 0000 d703 1905 1e05 efe1 0000 2903
0036f10 077f 3303 0000 0903 0740 331f 0000 1a03
0036f20 0767 2b71 0000 0304 3d1b 1805 a968 0000
0036f30 1b03 075a 205b 0000 0304 5b1c 1303 075a
0036f40 205b 0000 0504 9d1a 00aa 0400 2f07 0033
0036f50 0300 018d 0180 9607 0033 0400 8e03 8101
0036f60 0701 3496 0000 0604 01e2 4881 0000 0304
0036f70 5a1d 5b07 0020 0400 2203 053e 9514 0248
0036f80 0400 2503 053f 0114 0069 0400 a607 0034
0036f90 0400 0d05 beb7 0000 0404 0304 8229 0501
0036fa0 9223 0208 0300 8328 0501 4025 0087 0300
0036fb0 1a29 2a03 0741 3737 0000 1c03 0703 3747
0036fc0 0000 0304 841d 0701 377c 0000 0704 37d4
0036fd0 0000 0704 3888 0000 0704 389e 0000 0304
0036fe0 852a 0301 862a 0501 4c17 017e 0300 8727
0036ff0 0701 38ae 0000 2303 0188 ca07 0038 0400
0037000 da07 0038 0400 ea07 0038 0400 1b07 0039
0037010 0400 0304 232a 2305 df39 0000 2703 0189
0037020 1e05 f570 0000 2303 018a 1b05 edd9 0000
0037030 9403 8b01 0701 3979 0000 2303 018c 1305
0037040 d162 0000 1603 018d 8f07 0039 0300 031d
0037050 4707 0037 0400 1f03 0542 5002 025b 0400
0037060 2003 0543 8d03 0178 0400 2705 1e3f 0002
0037070 2b03 018e a507 0039 0300 8f4c 0501 5e14
0037080 0104 0400 0304 902c 0701 3a75 0000 0704
0037090 3ad3 0000 0304 4a17 6707 003b 0300 031d
00370a0 4707 0037 0400 2103 0191 7d07 003b 0300
00370b0 9249 0501 fb13 0247 0300 9316 0501 6302
00370c0 025b 0400 d507 003b 0400 0304 4425 0205
00370d0 bfd7 0001 0304 3627 0205 96fa 0001 0304
00370e0 942e 0501 e402 020d 0400 2f03 0195 0205
00370f0 07c2 0002 0304 9630 0501 7402 025e 0400
0037100 d707 003c 0400 1a03 0197 1405 43cd 0001
0037110 1703 0198 1405 70b6 0002 2c03 0199 1305
0037120 5465 0000 1503 075a 205b 0000 0704 3ce8
0037130 0000 0304 9a2e 0501 6114 0070 0400 4c03
0037140 019b 2e07 003d 0400 5903 019c 4407 003d
0037150 0400 7105 0558 0001 0504 743f 0220 0400
0037160 1b03 019d 1405 7f3f 0001 1a03 075a 205b
0037170 0000 0404 1c03 075a 205b 0000 0304 9e1e
0037180 0701 3d5a 0000 0304 9f1f 0501 2214 0049
0037190 0400 2103 01a0 6a07 003d 0400 7a07 003d
00371a0 0400 3907 003e 0400 0304 a124 0701 3e79
00371b0 0000 0304 a226 0501 0914 010e 0400 0304
00371c0 a329 0501 9a23 004e 0300 a428 0501 3322
00371d0 0117 0300 1b29 2c05 dc83 0001 2e03 01a5
00371e0 1f05 5024 0001 2103 0538 581e 0075 0400
00371f0 0704 3e8f 0000 0304 a62c 0501 f61f 008e
0037200 0300 a724 0501 7f20 00b7 0400 0304 a830
0037210 0701 3ea0 0000 8d03 a90b 0501 1e39 004e
0037220 0400 0304 aa34 0501 5f39 005b 0300 1c3b
0037230 b107 003e 0300 454b 1905 1d11 0002 1a03
0037240 0767 2b71 0000 0704 3ec1 0000 2003 0703
0037250 3747 0000 0504 db24 00ce 0300 ab28 0701
0037260 3ed7 0000 0304 ac29 0701 3f11 0000 0704
0037270 3f5d 0000 8b03 ad03 0701 3faf 0000 9003
0037280 0301 4707 0037 0400 ab05 d301 015b 0300
0037290 01b0 01ae 2207 0040 0300 af23 0701 4044
00372a0 0000 0304 b024 0501 3d18 024d 0400 6007
00372b0 0040 0400 b303 b101 0501 4116 017a 0300
00372c0 b21e 0701 40ac 0000 0304 b321 0501 f402
00372d0 008a 0400 c807 0040 0400 0e07 0041 0400
00372e0 be03 b404 0701 412e 0000 1803 0703 3747
00372f0 0000 0704 413e 0000 0504 06af 9595 0001
0037300 ff03 b507 0401 0604 534c 0224 0300 b64d
0037310 0701 414e 0000 0704 416a 0000 0304 273c
0037320 1f05 d7e5 0001 2703 0521 c61f 005f 0400
0037330 c305 3d01 0244 0400 3d03 01b7 3805 e43d
0037340 0001 0304 b83e 0501 1039 0089 0400 4203
0037350 01b9 2005 71ae 0002 0704 425a 0000 0304
0037360 ba36 0701 426c 0000 0304 1537 2305 58fb
0037370 0002 2803 0539 e61e 0183 0300 2022 8407
0037380 0042 0400 0304 1e30 2205 19fe 0000 2a03
0037390 01bb 9b07 0042 0400 3003 01bc 1f05 3ea0
00373a0 0000 2603 01bd 1f05 2c75 0001 2503 071d
00373b0 42b2 0000 0404 0704 42c2 0000 ac03 be06
00373c0 0501 6323 0233 0400 0504 7b39 00da 0300
00373d0 33d0 01bf 1e05 238f 0000 2903 041c 2a03
00373e0 040c 2b03 031f 472a e007 0042 0300 671b
00373f0 7107 002b 0400 f007 0042 0300 0321 4707
0037400 0037 0400 2305 90d2 0000 2403 0604 bf22
0037410 0071 0400 2703 0546 cb02 025b 0400 2803
0037420 01c0 0205 5887 0002 0304 0a2b 0007 0043
0037430 0400 2e03 01c1 1305 39e3 0000 0704 4334
0037440 0000 8503 c201 0701 4380 0000 0704 43b4
0037450 0000 0704 43f7 0000 0304 c32c 0301 c42a
0037460 0501 d917 00ab 0300 c51c 0501 d414 00ab
0037470 0300 c61a 0301 c701 0301 c801 0501 0503
0037480 001b 0300 c905 0701 4514 0000 0704 45ea
0037490 0000 0404 0504 c71e 014d 0400 2605 421a
00374a0 0000 3003 01ca 1405 c8d0 0001 0404 2d05
00374b0 2296 0001 0404 d103 cb33 0501 e61f 0104
00374c0 0400 a605 7f36 01b3 0400 3803 01cc 2805
00374d0 1ff6 0001 0504 4c79 021c 0400 d903 cd06
00374e0 0501 9423 0250 0400 0304 ce2e 0501 881e
00374f0 01cc 0300 cf27 0501 401f 018d 0300 c322
0037500 0401 0304 d029 0501 6922 00dd 0400 0404
0037510 2b03 01d1 4007 0048 0300 06da 01d2 2305
0037520 1446 0002 0404 2c03 01d3 1f05 e713 0001
0037530 2503 01d4 2305 8858 0002 2703 0324 4932
0037540 1805 996c 0000 2603 0748 4857 0000 0404
0037550 6707 0048 0400 2803 0185 0304 d529 0401
0037560 3003 01d6 1f05 fd24 0000 0704 48dd 0000
0037570 8503 d70c 0401 fa03 d814 0501 631f 0041
0037580 0400 0304 0484 01d9 1f05 bb32 0000 0404
0037590 0304 06bd 01da 2305 3e21 0000 0404 2803
00375a0 01db 2205 4e31 0001 f803 dc07 0501 0023
00375b0 028f 0400 0404 0503 01dd f907 0048 0300
00375c0 09c2 01de 2305 245d 0001 0404 0603 0526
00375d0 db1f 01dd 0300 df27 0501 e41f 00dc 0400
00375e0 2903 01e0 1007 0049 0400 2a03 0725 4a36
00375f0 0000 0304 282b 1f05 05d0 0002 0704 4a7c
0037600 0000 0304 e107 0501 3922 0283 0300 e22b
0037610 0501 9122 01b6 0300 e329 0501 5b23 01ed
0037620 0300 2527 0304 02da 01e4 0304 0fea 01e5
0037630 2403 01e6 9c07 004a 0400 0304 0fed 01e7
0037640 2505 9cc4 0000 0304 0fef 01e8 1f05 8a99
0037650 0002 0404 2b03 01e9 1f05 b204 0001 2903
0037660 01ea 1f05 2e90 0002 2403 01eb 3805 90f4
0037670 0002 4503 01ec 4105 5915 0000 0704 4ab2
0037680 0000 0304 ed25 0501 861e 0235 0300 ee27
0037690 0701 4ae7 0000 0304 ef28 0501 7e1a 01dc
00376a0 0400 2903 01f0 1f05 7a5e 0000 0704 4af8
00376b0 0000 0504 07ac bcf3 0001 0404 0304 f12d
00376c0 0501 b21f 0064 0400 c305 9503 028e 0400
00376d0 0903 01f2 2d05 7a83 0000 4203 01f3 1707
00376e0 004b 0400 4403 01f4 3905 1159 0002 0304
00376f0 f548 0501 d01f 01bb 0300 f623 0701 4b28
0037700 0000 0504 694f 0073 0400 4d03 01f7 3205
0037710 6495 0001 3503 052c d832 01cb 0300 f835
0037720 0501 7d1f 018b 0400 3903 01f9 4d07 004b
0037730 0400 3c03 01fa 1e05 4a33 0000 0304 3b3e
0037740 1e05 5da4 0000 0504 06f7 0c58 0000 0704
0037750 4b6f 0000 0304 fb4e 0501 b31f 0275 0300
0037760 fc21 0501 381f 013f 0300 fd25 0701 4b81
0037770 0000 0304 1429 1f05 3fa8 0001 2a03 01c3
0037780 0304 fe2b 0301 ff2a 0501 451e 0267 0300
0037790 8022 0502 c506 0061 0300 ff07 0301 01cb
00377a0 0281 cd07 004b 0300 671a 7107 002b 0400
00377b0 dd07 004b 0300 01c3 0282 1905 3d52 0001
00377c0 1b03 075a 205b 0000 0704 4c57 0000 a103
00377d0 8301 0702 4d2f 0000 2603 0284 4b07 004d
00377e0 0400 a307 004d 0400 a905 7701 020b 0400
00377f0 c703 8501 0702 4e25 0000 0304 01cb 0286
0037800 9b07 004e 0300 8740 0702 4eab 0000 0704
0037810 4ebb 0000 0404 0604 ee08 00ff 0400 fc07
0037820 004e 0400 2d05 f97a 0001 0304 882c 0702
0037830 4fea 0000 ca03 8901 0702 5054 0000 0304
0037840 01ce 028a 1603 075a 205b 0000 0704 51e5
0037850 0000 0704 5231 0000 e203 0301 4707 0037
0037860 0400 5807 0052 0300 04f6 028b 9407 0052
0037870 0400 8703 8c07 0502 7415 0235 0300 8d1b
0037880 0502 7215 007a 0400 0704 5ac6 0000 c203
0037890 8e09 0302 8f26 0702 5aed 0000 0404 0304
00378a0 902d 0302 9101 0502 dc13 0188 0300 9218
00378b0 0702 5b03 0000 1403 0293 1307 005b 0400
00378c0 0304 941d 0702 6479 0000 0404 0304 9531
00378d0 0502 e61f 01fa 0400 4f07 006e 0400 5f07
00378e0 006e 0400 0304 9652 0502 a71f 0267 0400
00378f0 5603 0297 1f05 f36e 0001 2403 0298 1f05
0037900 8e35 0000 2403 0299 3805 a017 0000 4103
0037910 029a 1f05 e406 0000 0504 fa46 0097 0400
0037920 0404 5703 029b 8d07 006e 0400 9003 9c01
0037930 0502 fa0b 0101 0300 4b0d 0b05 9915 0000
0037940 0404 9405 9b01 01b0 0400 0304 9d1f 0502
0037950 750d 0210 0300 4e0f 0d05 c532 0000 0304
0037960 4f10 0d05 8d90 0002 1003 029e 0d05 b320
0037970 0000 0f03 029f 1e05 9cf0 0000 2603 02a0
0037980 1f05 75fb 0002 0704 6e9d 0000 0404 1303
0037990 02a1 c307 006e 0400 1703 072d 6ed3 0000
00379a0 3203 0403 4205 9c1c 0000 0304 a218 0502
00379b0 f138 01ce 0300 2e43 fb07 006e 0400 4403
00379c0 02a3 3905 29f3 0001 0304 2f48 2807 006f
00379d0 0400 6805 1c4c 0002 0404 1303 02a4 0d05
00379e0 0a8e 0002 0304 a514 0502 b20d 0038 0300
00379f0 540f 0205 0d9b 0000 0304 a610 0502 900d
0037a00 01e9 0300 a70f 0502 1702 0210 0400 1003
0037a10 02a8 0e05 7b65 0000 0304 a911 0502 850d
0037a20 0097 0300 aa0f 0502 fc17 022c 0300 ab65
0037a30 0502 5517 005d 0300 ac19 0702 6f4e 0000
0037a40 0704 6f7f 0000 0704 6ff5 0000 d103 ad03
0037a50 0302 ae1f 0502 7003 00b7 0300 af05 0502
0037a60 5203 0043 0300 b005 0302 b101 0502 8a03
0037a70 01aa 0300 b207 0502 080a 028c 0300 b30c
0037a80 0702 710c 0000 0b03 02b4 0305 ef7f 0000
0037a90 0404 0404 0304 b509 0502 5d03 012e 0300
0037aa0 b605 0702 711c 0000 0704 7132 0000 2403
0037ab0 02b7 0703 02b8 4207 0071 0300 b912 0502
0037ac0 9f03 0184 0400 0404 0704 7158 0000 0704
0037ad0 717a 0000 0704 722d 0000 2703 02ba 1903
0037ae0 02bb 0304 bc1a 0402 0404 0404 1303 02bd
0037af0 0d05 117d 0001 0f03 0550 400d 0245 0400
0037b00 1003 02be 0d05 fe1e 0001 0304 fe14 0301
0037b10 ff2a 0401 0404 0304 a911 0402 1703 041c
0037b20 0304 bf1d 0502 181e 0006 0300 c02e 0502
0037b30 c31f 0236 0300 c123 0502 f720 0114 0400
0037b40 2603 02c2 3d07 0072 0400 f205 4705 004b
0037b50 0400 2f03 02c3 4d07 0072 0400 3103 02c4
0037b60 5e07 0072 0400 0504 4c21 0231 0400 2503
0037b70 0551 dc0d 00dd 0300 3010 6e07 0072 0400
0037b80 1303 0631 bf29 0071 0300 042b 7e07 0072
0037b90 0400 2e05 e722 0001 0704 72ca 0000 0304
0037ba0 c526 0502 6f1f 0105 0300 292c 1f05 5e8b
0037bb0 0000 0304 2a2d 1f05 7b2d 0000 2803 02c6
0037bc0 ec07 0072 0400 0304 c72e 0502 2e1f 01ac
0037bd0 0400 2f03 02c8 1f05 a0fc 0001 0504 f531
0037be0 0176 0400 2903 0555 a32a 013a 0300 0330
0037bf0 0304 c932 0702 7303 0000 0404 2b03 02ca
0037c00 1e05 9814 0001 2603 02cb 3805 147d 0000
0037c10 4003 02cc 1f05 8d56 0000 2403 02cd 1f05
0037c20 58b0 0000 0504 1be3 1202 0000 0304 ce4a
0037c30 0502 a80b 012b 0300 320d 2c05 5b77 0002
0037c40 3b03 02cf 1f05 2447 0000 0704 7331 0000
0037c50 0404 7207 0073 0400 2703 02d0 8207 0073
0037c60 0400 2f03 02d1 3805 0a86 0001 3c03 02d2
0037c70 3805 5b49 0001 4303 02d3 b307 0073 0400
0037c80 4503 02d4 3905 addb 0001 0504 4c5e 021c
0037c90 0400 3d03 02d5 3905 55ae 0002 0404 3403
0037ca0 02d6 3805 9eb4 0000 3c03 02d7 ca07 0073
0037cb0 0400 3d03 02d8 da07 0073 0400 3e03 02d9
0037cc0 3905 4c04 0002 0404 3503 0333 532a eb07
0037cd0 0073 0300 671a 7107 002b 0400 fb07 0073
0037ce0 0300 0321 4707 0037 0400 0b07 0074 0300
0037cf0 03ce 02da 2307 0074 0300 0317 4707 0037
0037d00 0400 1b05 376a 0001 0404 3307 0074 0400
0037d10 3a03 044c 3b03 0434 3c03 0516 f721 010a
0037d20 0300 0390 02db 0404 3d03 02dc 8f03 dd02
0037d30 0402 0304 de3e 0302 04ba 02df c107 0074
0037d40 0400 0304 e03f 0302 17ce 02e1 0404 4003
0037d50 02e2 b203 e302 0402 0404 2c03 02e4 d307
0037d60 0074 0400 2e03 01fe 2a03 01ff 0404 0004
0037d70 0005 0500 3200 0155 0500 1900 0068 0500
0037d80 0b00 017f 0500 7d00 0072 0500 9800 010f
0037d90 0500 9200 0087 0500 3600 0260 0500 7200
0037da0 0044 0500 0900 01fe 0500 e300 011f 0500
0037db0 e400 014b 0500 0500 0245 0500 eb00 0165
0037dc0 0500 f000 01df 0500 ee00 0289 0500 d100
0037dd0 000e 0500 3b00 00f6 0500 d100 01b3 0500
0037de0 2b00 0292 0500 d700 0289 0500 c600 00ce
0037df0 0500 fd00 028b 0500 8b00 027a 0500 7400
0037e00 010a 0500 3c00 0100 0500 1800 0292 0500
0037e10 7900 0107 0500 6a00 01ca 0500 0600 01d8
0037e20 0500 2c00 0286 0500 6900 0247 0500 f000
0037e30 011c 0500 4f00 0121 0500 2600 00b9 0500
0037e40 b700 000d 0500 d100 00a9 0500 0e00 009d
0037e50 0500 0000 026f 0500 6b00 01e0 0500 1300
0037e60 0252 0500 0000 027b 0500 7900 016d 0500
0037e70 7a00 021d 0500 aa00 025c 0500 d100 0105
0037e80 0500 8200 018c 0500 d100 01b1 0500 7f00
0037e90 0077 0500 a300 0278 0500 ed00 01c5 0500
0037ea0 d400 017d 0500 8200 0153 0500 2f00 01e9
0037eb0 0500 4000 018e 0500 1300 00c1 0500 fc00
0037ec0 01dd 0500 9000 004f 0500 1600 00a8 0500
0037ed0 2000 0269 0500 ab00 01e9 0500 3c00 014a
0037ee0 0500 db00 008a 0500 c500 0108 0500 cd00
0037ef0 00da 0500 3600 005b 0500 1d00 022b 0500
0037f00 de00 0160 0500 8400 0021 0500 eb00 0088
0037f10 0500 1a00 00fc 0500 4f00 0179 0500 0000
0037f20 0175 0500 8f00 01ed 0500 c900 0189 0500
0037f30 2a00 01cf 0500 a800 0122 0500 3600 0113
0037f40 0500 6e00 0106 0500 7700 00b8 0500 7200
0037f50 00aa 0500 c800 01dd 0500 1400 0039 0500
0037f60 e800 0280 0500 6f00 01b5 0500 7d00 000f
0037f70 0500 a900 019d 0500 3f00 010a 0500 1000
0037f80 026d 0500 6800 00ef 0500 e300 015d 0500
0037f90 a200 0070 0500 3800 01ad 0500 fa00 0286
0037fa0 0500 ee00 00ed 0500 9300 0117 0500 3500
0037fb0 0048 0500 f800 0043 0500 1c00 006b 0500
0037fc0 5000 01db 0500 3000 0009 0500 d300 01f8
0037fd0 0500 4300 012b 0500 cf00 00a5 0500 4100
0037fe0 001f 0500 f700 005d 0500 4700 010e 0500
0037ff0 4400 0275 0500 ea00 0017 0500 a300 00ec
0038000 0500 0a00 0258 0500 a900 01cd 0500 8700
0038010 0232 0500 8d00 01f9 0500 cd00 027a 0500
0038020 6700 0097 0500 9300 0253 0500 2d00 01c6
0038030 0500 3d00 018a 0500 3000 01d1 0500 7a00
0038040 00f1 0500 a300 0105 0500 8e00 018a 0500
0038050 2c00 01b2 0500 3800 0131 0500 f000 00f2
0038060 0500 df00 0006 0500 9d00 0220 0500 8100
0038070 0055 0500 7b00 00e2 0500 df00 0218 0500
0038080 6600 00bc 0500 4000 00c0 0500 5800 0067
0038090 0500 b300 0186 0500 8c00 01d0 0500 e500
00380a0 0003 0500 af00 0225 0500 2500 007f 0500
00380b0 0000 015f 0500 3d00 025d 0500 6100 01a2
00380c0 0500 9000 011e 0500 5400 01c7 0500 f400
00380d0 00ee 0500 6f00 010e 0500 5d00 0142 0500
00380e0 bd00 00fe 0500 4000 0201 0500 1000 021c
00380f0 0500 f100 0103 0500 1a00 01d4 0500 9400
0038100 00f2 0500 fb00 01af 0500 e700 0084 0500
0038110 4300 01fb 0500 d600 0053 0500 4700 0095
0038120 0500 9900 00f4 0500 2000 010d 0500 2600
0038130 0250 0500 bd00 008e 0500 b000 0207 0500
0038140 0a00 01c5 0500 cd00 01e0 0500 4200 0251
0038150 0500 2500 014a 0500 cf00 00bb 0500 4b00
0038160 012e 0500 6400 0059 0500 bd00 0224 0500
0038170 a700 01fd 0500 3d00 0268 0500 4400 0261
0038180 0500 fe00 023e 0500 8000 0280 0500 4100
0038190 020e 0500 bc00 0091 0500 2900 003b 0500
00381a0 4e00 00e2 0500 7a00 0268 0500 2300 0272
00381b0 0500 9700 00e3 0500 d000 0217 0500 9500
00381c0 00cb 0500 2900 0212 0500 e100 025b 0500
00381d0 a400 010c 0500 2f00 01a3 0500 7800 0289
00381e0 0500 cc00 0062 0500 7500 01cb 0500 f000
00381f0 00be 0500 9d00 005f 0500 4300 019b 0500
0038200 fa00 0170 0500 ef00 01fd 0500 e200 0172
0038210 0500 7800 0155 0500 5e00 0001 0500 3400
0038220 028f 0500 3400 0229 0500 2d00 0100 0500
0038230 9d00 0216 0500 1700 004d 0500 1b00 0114
0038240 0500 0300 0006 0500 e400 017f 0500 fe00
0038250 00bb 0500 c000 011a 0500 4100 009f 0500
0038260 9f00 0179 0500 1700 01da 0500 1b00 01a4
0038270 0500 b600 01ac 0500 3000 025c 0500 9c00
0038280 0043 0500 ad00 01f9 0500 5c00 00b4 0500
0038290 3500 0253 0500 2500 0158 0500 0a00 01c6
00382a0 0500 9000 0291 0500 8200 00ca 0500 c000
00382b0 0182 0500 8800 00af 0500 d100 0147 0500
00382c0 4a00 01b9 0500 4200 0067 0500 f800 01e8
00382d0 0500 3400 0022 0500 e000 003c 0500 e000
00382e0 00b8 0500 1800 0245 0500 4b00 0276 0500
00382f0 0000 0096 0500 df00 017e 0500 1e00 0185
0038300 0500 9100 01e0 0500 e500 01c7 0500 3400
0038310 0209 0500 4200 0163 0500 da00 01c6 0500
0038320 7300 01aa 0500 8200 0191 0500 9300 00e2
0038330 0500 6300 00cd 0500 b700 01c0 0500 9900
0038340 007c 0500 3700 0194 0500 d100 01cf 0500
0038350 4900 00b3 0500 a700 00ca 0500 6e00 012a
0038360 0500 4200 00c9 0500 6300 0278 0500 9300
0038370 016b 0500 a000 0125 0500 fe00 012e 0500
0038380 df00 008e 0500 a200 0165 0500 0b00 0248
0038390 0500 9500 0139 0500 2900 016a 0500 0b00
00383a0 00c2 0500 8100 0012 0500 3300 0008 0500
00383b0 b100 0221 0500 c700 0272 0500 7800 011e
00383c0 0500 5300 01a3 0500 fd00 0075 0500 7700
00383d0 01c8 0500 f500 0140 0500 eb00 015b 0500
00383e0 fe00 0165 0500 5100 00dd 0500 a400 0291
00383f0 0500 4400 0292 0500 7200 00af 0500 d200
0038400 025c 0500 cb00 027f 0500 0e00 014f 0500
0038410 8f00 0072 0500 d700 0261 0500 2a00 00bf
0038420 0500 5000 0110 0500 3000 0202 0500 b900
0038430 018b 0500 6000 0229 0500 2c00 00a2 0500
0038440 8d00 0159 0500 a600 001e 0500 dc00 017a
0038450 0500 9000 01df 0500 f600 025d 0500 5f00
0038460 0046 0500 1b00 008e 0500 e000 01a3 0500
0038470 fb00 00a1 0500 6100 00b1 0500 dc00 00c8
0038480 0500 1900 013e 0500 9400 017e 0500 e400
0038490 01ed 0500 6f00 00eb 0500 6a00 021a 0500
00384a0 c400 0280 0500 6700 008d 0500 5a00 015b
00384b0 0500 b800 022a 0500 2200 0082 0500 c600
00384c0 016e 0500 b000 005b 0500 4800 015e 0500
00384d0 6700 01eb 0500 6400 00ff 0500 9400 025d
00384e0 0500 2500 0059 0500 c000 0220 0500 5b00
00384f0 0096 0500 9e00 0229 0500 f200 0000 0500
0038500 aa00 016a 0500 ae00 01fc 0500 a400 0185
0038510 0500 cc00 0137 0500 2200 0085 0500 e200
0038520 0077 0500 3300 00be 0500 ee00 00c4 0500
0038530 8d00 0282 0500 b700 004d 0500 4900 006a
0038540 0500 1500 019e 0500 1900 00ef 0500 0d00
0038550 00a9 0500 f700 0130 0500 9c00 021e 0500
0038560 c500 01ce 0500 f900 001d 0500 cf00 01a5
0038570 0500 5300 01df 0500 3e00 01ab 0500 1d00
0038580 019d 0500 2300 00d0 0500 f100 00fe 0500
0038590 f400 020f 0500 9800 0213 0500 1b00 0048
00385a0 0500 a500 005c 0500 c200 014c 0500 d000
00385b0 0124 0500 3a00 00da 0500 fb00 0190 0500
00385c0 4c00 0256 0500 d200 028c 0500 f800 000e
00385d0 0500 d700 01ba 0500 e100 0083 0500 9000
00385e0 00a3 0500 ce00 013f 0500 3000 0214 0500
00385f0 8e00 0116 0500 5700 00fd 0500 3000 01f2
0038600 0500 e000 0178 0500 5700 017e 0500 4400
0038610 01f3 0500 c600 021c 0500 c200 0144 0500
0038620 bd00 0132 0500 c000 026c 0500 ca00 0266
0038630 0500 ae00 025d 0500 f000 00da 0500 f000
0038640 00de 0500 ba00 003b 0500 9500 01b1 0500
0038650 1600 0066 0500 9500 01e2 0500 0000 013b
0038660 0500 1300 00bf 0500 6d00 0111 0500 0e00
0038670 019a 0500 f300 01f2 0500 1500 0014 0500
0038680 9200 0182 0500 6e00 0064 0500 8a00 013f
0038690 0500 5700 009f 0500 5a00 026a 0500 6900
00386a0 0011 0500 cd00 0078 0500 dc00 0127 0500
00386b0 af00 0062 0500 3c00 00b0 0500 f500 023a
00386c0 0500 1100 0253 0500 2200 00c8 0500 9400
00386d0 010e 0500 b300 00bb 0500 1e00 0169 0500
00386e0 a600 01a2 0500 c200 016a 0500 5900 001d
00386f0 0500 4a00 0104 0500 7c00 0138 0500 ca00
0038700 011b 0500 1000 0091 0500 5e00 014b 0500
0038710 c800 0117 0500 b800 0167 0500 bf00 0185
0038720 0500 c000 006c 0500 2700 01fb 0500 6b00
0038730 0188 0500 6900 00b7 0500 eb00 000d 0500
0038740 a700 0083 0500 d900 0187 0500 f200 01b0
0038750 0500 9800 0049 0500 fe00 01fd 0500 c600
0038760 01c0 0500 7700 005b 0500 f600 0262 0500
0038770 4900 00fc 0500 0e00 013e 0500 cd00 022d
0038780 0500 ac00 01f7 0500 1b00 00e7 0500 7f00
0038790 0104 0500 1d00 00e7 0500 d100 0282 0500
00387a0 0900 0263 0500 d300 0282 0500 7000 0025
00387b0 0500 ad00 016e 0500 5b00 0136 0000 0005
00387c0 0500 fd13 023f 0500 7a26 0178 0500 9527
00387d0 0110 0500 0830 0004 0500 3231 024e 0500
00387e0 b53e 0205 0000 0005 0500 ce1f 010e 0500
00387f0 9422 021d 0500 e925 026d 0500 e92e 0217
0038800 0500 bd32 0050 0500 ef36 00b2 0500 d743
0038810 022d 0500 4a46 01b2 0500 8b58 007e 0500
0038820 b15c 0149 0500 9c5d 0013 0500 eb65 01bf
0038830 0500 3866 006c 0500 4f6d 00d3 0500 a56e
0038840 025a 0500 2975 01d9 0500 7876 0099 0500
0038850 147e 0088 0500 0183 91f3 0002 8f05 fa01
0038860 012a 0500 0190 eeb9 0001 9905 8c01 0231
0038870 0500 01a1 4dda 0001 a905 1801 01df 0500
0038880 01b1 47d2 0000 ba05 2401 01f4 0500 01bb
0038890 578d 0000 bc05 0501 01a5 0500 01bd 7ccc
00388a0 0000 c705 9801 0102 0500 01cc a6bd 0000
00388b0 d305 f801 00a9 0500 01d4 3e7a 0002 e405
00388c0 4001 023d 0500 02a0 bb9b 0000 a805 7302
00388d0 0045 0500 02b4 1fdb 0002 b505 df02 004d
00388e0 0500 02b6 a167 0001 b705 1902 01de 0500
00388f0 02c0 907a 0002 de05 5602 01ea 0500 02df
0038900 3c38 0002 9905 6403 026c 0500 039a 8033
0038910 0000 9b05 5103 0237 0500 03a4 c91a 0000
0038920 a505 1d03 01c9 0500 03a6 1655 0002 ab06
0038930 3003 01f1 0600 03b0 777f 0002 ce05 5a03
0038940 025d 0500 03cf 25a3 0000 d005 8703 005d
0038950 0500 03d4 9f9d 0001 d505 0c03 01a9 0500
0038960 03d6 81bd 0002 ec05 ac03 0113 0500 0492
0038970 7cb6 0002 ac05 1c04 022d 0500 04af 1a24
0038980 0002 b305 e304 0108 0500 04b4 906a 0001
0038990 b605 9b04 022b 0000 0005 0500 531f 006b
00389a0 0500 5225 0149 0000 0005 0500 af13 00ad
00389b0 0600 607e 0111 0600 b77f 011e 0600 0180
00389c0 1eaa 0001 8106 e901 0107 0600 0182 4ae8
00389d0 0002 8306 2001 022c 0600 0184 263b 0000
00389e0 8506 7901 00e6 0600 0186 12c3 0000 8706
00389f0 2501 0128 0600 0188 344e 0002 8906 2301
0038a00 0225 0600 018a 1aaf 0001 8b06 c801 0209
0038a10 0600 018c 0690 0001 8d06 0201 0064 0600
0038a20 018e 9e83 0000 8f06 8301 0166 0600 0190
0038a30 93ab 0000 9106 6f01 0138 0600 0192 0c6a
0038a40 0001 9306 f601 00cd 0600 0194 45f1 0000
0038a50 9506 b901 022f 0600 0196 e68b 0000 9706
0038a60 3201 01ce 0600 0198 885f 0000 9d05 7e01
0038a70 00dd 0500 01a8 64a5 0001 b605 6f01 0145
0038a80 0500 01ba 8f3d 0000 c906 5c01 003d 0500
0038a90 01ca a7b5 0000 cb06 3d01 000d 0500 01cc
0038aa0 658f 0000 cd06 9801 027b 0500 01ce dfa9
0038ab0 0001 cf06 8701 0006 0500 01d0 bc14 0000
0038ac0 d106 2d01 0148 0500 01d2 c430 0001 d306
0038ad0 3401 0004 0500 01d4 292d 0001 d506 4501
0038ae0 0042 0500 01d6 cc20 0000 d706 d701 0132
0038af0 0500 01d8 3eff 0000 d906 6401 022e 0500
0038b00 01da deda 0000 db06 c101 00a9 0500 01dc
0038b10 9802 0001 dd06 9f01 01fc 0500 01de 4f3a
0038b20 0001 df06 5a01 017a 0500 01e0 483b 0001
0038b30 eb06 c101 00a9 0500 01ec 9802 0001 f205
0038b40 ee01 0094 0500 01fa 50a4 0000 8105 7a02
0038b50 01bc 0500 0288 4317 0001 8e05 a402 0050
0038b60 0500 0293 051d 0001 9405 7a02 01bc 0600
0038b70 029f 482d 0001 a005 3002 01c4 0600 02a1
0038b80 0434 0000 a205 2d02 0129 0500 02c5 517b
0038b90 0001 c905 7f02 00c1 0500 02cd d146 0000
0038ba0 d105 fa02 0168 0500 02d5 3895 0002 d606
0038bb0 aa02 011e 0500 02d7 4317 0001 d806 b702
0038bc0 011e 0500 02d9 bc7a 0001 dd05 4702 0260
0038bd0 0600 02de fc9f 0001 df05 3a02 014f 0500
0038be0 02e3 0ab9 0002 e505 ef02 01ee 0500 02e6
0038bf0 c0b4 0000 e706 a702 0153 0500 02e8 488c
0038c00 0000 eb05 4702 0260 0500 02ec 6f5a 0001
0038c10 ee05 9502 0238 0500 02ef ba74 0000 f006
0038c20 aa02 011e 0500 02f1 4317 0001 f206 b702
0038c30 011e 0500 02f3 bc7a 0001 fd05 5702 0080
0038c40 0500 0381 0d87 0000 0500 0000 0405 77a2
0038c50 0001 0c05 9ac9 0000 0e05 1b28 0000 0500
0038c60 0000 8b05 eb03 01b8 0500 038f d420 0000
0038c70 9305 9903 00c0 0500 0397 0762 0000 ac05
0038c80 3d03 00c3 0500 03b4 8758 0000 cb05 4603
0038c90 01bc 0600 03d8 fb96 0001 d905 4403 0186
0038ca0 0500 03dd 1116 0001 de05 4d03 0229 0500
0038cb0 03e0 c9b7 0000 0500 0000 1405 093d 0001
0038cc0 2302 5f5f 0050 2406 0229 0001 2d05 246c
0038cd0 0001 3205 6b69 0000 3905 74ad 0000 4105
0038ce0 211d 0002 4205 e4e9 0000 5605 e1e6 0001
0038cf0 5a05 46a9 0001 5b05 ab12 0000 5c05 7913
0038d00 0000 7605 d121 0001 7705 8f5e 0000 7c05
0038d10 4091 0001 7d05 e69b 0001 8005 0401 00c1
0038d20 0500 0185 68bc 0002 8605 e501 0291 0500
0038d30 018e 626f 0000 8f05 a201 0208 0500 0197
0038d40 39c0 0000 9805 9f01 01bb 0500 019f 076e
0038d50 0000 a005 3801 004c 0500 01a7 5ebc 0000
0038d60 b005 5501 01ab 0500 01b9 7c81 0001 c305
0038d70 fb01 0198 0500 01cb 53a3 0000 cc05 ca01
0038d80 003a 0500 01dd 3fc1 0001 de05 4601 011c
0038d90 0500 01f7 d820 0001 f905 e101 0154 0500
0038da0 01fb ff0f 0000 8305 4202 018b 0500 0284
0038db0 fdcb 0000 9905 b902 01b8 0500 02a1 44d4
0038dc0 0000 aa05 9a02 01bc 0500 02b4 203e 0001
0038dd0 bb05 3702 0180 0500 02c1 0a07 0001 ca05
0038de0 b202 003c 0500 02cb 7655 0001 d305 b702
0038df0 0046 0500 02dd 6e2c 0002 ea05 4502 011b
0038e00 0500 02f4 8067 0001 8005 c403 0166 0500
0038e10 0386 ac85 0001 8d05 8e03 00ce 0500 0396
0038e20 5528 0000 9f05 cd03 0292 0600 03a7 bea7
0038e30 0000 a805 f803 0162 0500 03b1 a882 0001
0038e40 c305 ae03 0018 0500 03c4 8cce 0000 cd05
0038e50 7c03 0071 0500 03d3 26db 0001 d405 ca03
0038e60 0263 0500 03f2 c089 0000 fe05 db03 0152
0038e70 0500 03ff 9609 0001 9405 9404 0274 0600
0038e80 049a 56dd 0001 9e05 5104 013a 0000 0005
0038e90 0500 04e8 981b 0000 e905 3f04 0197 0500
0038ea0 04ea eac7 0001 eb05 7704 01fd 0500 04ec
0038eb0 9c17 0001 ed05 7404 01e6 0500 04ef b4bd
0038ec0 0000 f005 5e04 01c5 0500 04fb 3669 0001
0038ed0 fc05 a904 0014 0500 0590 8743 0002 9905
0038ee0 5305 0164 0500 05a1 459c 0000 a405 e805
0038ef0 00e9 0500 05b1 cb8c 0001 b305 6505 021e
0038f00 0500 05bc 117f 0002 0500 0000 0a05 6425
0038f10 0000 0b05 b641 0001 0c05 4080 0001 0d05
0038f20 249f 0001 0e05 dd9a 0001 0f05 49a0 0001
0038f30 1005 8b43 0000 1105 b833 0000 0500 0000
0038f40 2d06 9082 0001 3205 0550 0000 3705 6998
0038f50 0002 4405 6e81 0001 0500 0000 d205 7004
0038f60 025a 0500 04d9 7817 0002 e105 fb04 001b
0038f70 0500 04ee eb80 0001 ef05 d004 0071 0500
0038f80 04f4 85d0 0000 8105 4c05 0109 0500 0588
0038f90 823c 0002 8b02 6d05 6e69 0200 058c 616d
0038fa0 0078 9205 b005 0024 0500 0595 9107 0002
0038fb0 9805 0905 01e5 0500 059b 575b 0000 9e05
0038fc0 2f05 0069 0500 05b6 b895 0000 ba05 8305
0038fd0 019f 0500 05c1 843e 0000 c905 6905 0080
0038fe0 0500 05d0 2b17 0001 d805 bf05 0037 0500
0038ff0 05dd 4499 0001 e105 1405 0057 0500 05e5
0039000 79a8 0002 e905 b905 018f 0500 05ed 84c7
0039010 0000 f006 0d05 00c4 0500 05fd 2399 0001
0039020 8305 ae06 022c 0500 0686 5341 0000 8705
0039030 2c06 0281 0000 0005 0500 fb0b 00ca 0500
0039040 7c0e 01df 0500 060f 0019 0500 f610 024e
0039050 0500 c811 01d8 0500 371d 01a1 0500 4d24
0039060 0157 0500 bc27 0184 0500 d728 0133 0500
0039070 6a29 0008 0500 a530 000a 0500 2731 0139
0039080 0500 8736 00ac 0500 a940 0168 0500 cc41
0039090 00b6 0500 2742 0182 0500 9550 00dd 0500
00390a0 f858 0013 0500 4559 007d 0500 a55a 0072
00390b0 0500 365e 0189 0500 7060 0202 0500 e062
00390c0 0256 0500 9e64 00d2 0500 f165 0155 0500
00390d0 1e68 028d 0500 0d69 023e 0500 d76c 011a
00390e0 0500 0871 00db 0500 dd76 00b9 0500 007d
00390f0 011e 0500 f77e 01e0 0500 0188 46e1 0002
0039100 8e05 3e01 015c 0500 0195 f0eb 0000 9b05
0039110 3701 0213 0500 019e cd01 0000 a405 3201
0039120 012e 0500 01a5 d0ff 0001 a905 3601 0130
0039130 0500 01ab 2d95 0002 0500 0000 9205 1606
0039140 01b9 0500 0695 4df9 0001 9805 1106 01e8
0039150 0500 069b 3fd8 0000 9e05 bc06 0235 0500
0039160 06a1 be68 0001 a405 fd06 0191 0500 06a7
0039170 5fa7 0002 aa05 1006 01e9 0500 06ad ccbf
0039180 0001 b005 4506 0170 0500 06b3 10db 0000
0039190 b605 1406 007d 0500 06bc 7593 0000 bf05
00391a0 6206 0289 0500 06c2 0b34 0000 c505 4e06
00391b0 0158 0500 06c8 11cc 0000 cb05 ca06 0230
00391c0 0500 06ce e510 0000 d105 0206 0254 0500
00391d0 06d4 902c 0001 d705 e606 003e 0500 06da
00391e0 fd4d 0001 dd05 1006 01be 0500 06e0 e9cb
00391f0 0001 e305 a006 0178 0500 06e6 ccd5 0001
0039200 e905 6506 015f 0500 06ec 42e6 0001 ef05
0039210 7606 0101 0500 06f2 9bec 0001 f505 7f06
0039220 0024 0500 06f8 41cc 0002 fb05 3a06 0277
0039230 0500 06fe 1b26 0002 8105 7907 01a7 0500
0039240 0784 fc04 0000 8705 cb07 0083 0500 0790
0039250 3a3a 0001 9305 bb07 00bd 0500 0796 9d8b
0039260 0000 9905 5607 001b 0500 079c df37 0001
0039270 9f05 9207 0014 0500 07a2 3744 0001 a505
0039280 ed07 01e6 0500 07ab 55bd 0002 ae05 d907
0039290 00ac 0500 07b4 de85 0001 ba05 bb07 015d
00392a0 0500 07bd edc2 0000 c305 6d07 0021 0500
00392b0 07c6 3f20 0002 c905 1f07 004c 0500 07cc
00392c0 5c35 0000 cf05 8507 014f 0500 07d2 da9e
00392d0 0000 d505 b407 010e 0500 07d8 9a60 0001
00392e0 db05 aa07 009f 0500 07de beef 0001 e105
00392f0 7807 0146 0500 07e4 30e0 0002 e705 5207
0039300 00ec 0500 07ea 48fd 0000 ed05 c807 010f
0039310 0500 07f0 92ef 0002 f305 0907 00df 0500
0039320 07f6 916b 0001 f905 a907 01dd 0500 07fc
0039330 a87a 0000 ff05 9d07 003c 0500 0888 8ab4
0039340 0002 8b05 5708 0025 0500 088e a488 0000
0039350 9105 e108 006b 0500 0894 0a68 0000 9705
0039360 a208 022a 0500 089d 01a2 0002 a005 4208
0039370 00bf 0500 08a3 e619 0001 ac05 bf08 01f1
0039380 0500 08af c552 0000 b205 5808 00dc 0500
0039390 08b6 cb0b 0000 b905 dc08 0277 0500 08bc
00393a0 00cb 0002 c205 af08 0173 0500 08c5 b0f5
00393b0 0000 c805 6308 0197 0500 08cb 6673 0000
00393c0 ce05 4808 00bd 0500 08d1 47b9 0001 d405
00393d0 3b08 00ce 0500 08d7 c862 0001 da05 6008
00393e0 0144 0500 08dd ca6c 0000 e005 5d08 015c
00393f0 0500 08e6 dd7f 0001 e905 aa08 0139 0500
0039400 08ec bcea 0000 ef05 3708 023f 0500 08f2
0039410 879e 0000 f505 6808 0012 0500 08f8 cece
0039420 0000 fb05 6b08 01b9 0500 08fe 4e44 0001
0039430 8105 9509 00a9 0500 0984 8ad4 0001 8705
0039440 2b09 00c1 0500 098a 32b2 0002 8d05 d809
0039450 0250 0500 0990 4124 0000 9305 2d09 0170
0039460 0500 0997 6c9e 0001 9d05 0609 014d 0500
0039470 09a0 a124 0000 a905 9309 0127 0500 09ac
0039480 cf94 0001 af05 ca09 017f 0500 09b2 0796
0039490 0002 b505 9709 000f 0500 09b8 01c5 0001
00394a0 bb05 ef09 022c 0500 09be 39f8 0002 c105
00394b0 db09 01b3 0500 09c4 69c1 0002 c705 3d09
00394c0 001a 0500 09cd 70e2 0001 d005 2f09 0186
00394d0 0500 09d3 f8cd 0000 d605 f609 0080 0500
00394e0 09d9 163a 0001 dc05 ec09 009b 0500 09df
00394f0 bc25 0000 e205 e209 015e 0500 09e5 40ac
0039500 0002 e805 b409 0094 0500 09eb 5f59 0002
0039510 ee05 d109 000d 0500 09f4 1fcb 0001 f705
0039520 2309 019b 0500 09fa cf51 0001 fd05 a809
0039530 00a3 0500 0a80 f60d 0001 8305 560a 0186
0039540 0500 0a86 995f 0000 8c05 d10a 0211 0500
0039550 0bd5 6da0 0000 d805 db0b 016b 0500 0bdc
0039560 de16 0000 e205 e70b 010b 0500 0be5 d787
0039570 0001 e805 db0b 0203 0500 0beb 43a8 0001
0039580 ee05 ce0b 0142 0500 0bf1 f8e3 0000 8305
0039590 800c 0269 0500 0c8a 10a7 0000 9305 b60c
00395a0 00e1 0500 0c97 b9a1 0001 9b05 a60c 0217
00395b0 0500 0c9f ea31 0000 a305 570c 00a1 0500
00395c0 0ca8 b466 0001 ac05 cc0c 028e 0500 0cb0
00395d0 b90b 0000 b405 a70c 015f 0500 0cb8 c722
00395e0 0001 bb05 250c 0206 0500 0cc2 41f8 0002
00395f0 c505 270c 004d 0500 0cc8 1364 0001 d005
0039600 dd0c 0012 0500 0cdc b792 0001 e205 160c
0039610 024c 0500 0ce5 7e2c 0000 e805 ef0c 0195
0039620 0500 0ceb cf30 0000 f105 250c 00e7 0500
0039630 0cfb 3f6b 0001 ff05 e60c 010e 0500 0d84
0039640 9cd1 0000 8805 440d 01f0 0500 0d8c 5971
0039650 0001 9005 ec0d 0060 0500 0d94 40af 0000
0039660 9805 320d 00b1 0500 0d9c 2dfb 0001 a305
0039670 0e0d 0282 0500 0da6 14d9 0001 aa05 920d
0039680 013c 0500 0dae f257 0001 b105 f50d 017e
0039690 0500 0db4 0fc4 0002 b705 da0d 01e3 0500
00396a0 0dba 70c8 0001 bd05 020d 0129 0500 0dc0
00396b0 a0f5 0000 c305 fe0d 0142 0500 0dc6 9141
00396c0 0001 c905 400d 025f 0500 0dcc 84db 0002
00396d0 d205 600d 022c 0500 0dd5 242c 0002 d905
00396e0 4d0d 00f8 0500 0ddc 75db 0002 e005 da0d
00396f0 0272 0500 0de3 61ad 0000 e605 580d 0260
0039700 0500 0de9 9e61 0001 ef05 dc0d 0216 0500
0039710 0df5 05eb 0002 fb05 400d 0286 0500 0dfe
0039720 25e7 0001 8205 e40e 005c 0500 0e85 c0e1
0039730 0001 8805 d90e 010c 0500 0e8b 3ea0 0002
0039740 8e05 d50e 0255 0500 0e91 69d3 0001 0500
0039750 0000 1805 8021 0002 1a05 1d11 0002 0500
0039760 0000 1f06 584c 0000 2506 c5a8 0001 2805
0039770 4a16 0000 4306 63ac 0002 4505 527b 0002
0039780 4906 9dc8 0001 4b05 eafe 0001 4f06 789e
0039790 0000 5105 19d6 0001 5a06 216c 0001 5c05
00397a0 6d7e 0000 6006 52c5 0002 6205 7929 0001
00397b0 6906 6787 0002 6b05 4c57 0002 0500 0000
00397c0 1405 4885 0002 2005 47e9 0002 2805 c543
00397d0 0001 3005 a45d 0000 3605 01cd 0002 3f05
00397e0 6eda 0002 4b05 52a3 0001 0500 0000 2205
00397f0 7d15 0002 2305 021f 0002 2405 90ce 0001
0039800 2505 5875 0002 2605 0728 0000 3405 37ce
0039810 0002 3505 779c 0000 3605 8dfe 0002 3705
0039820 d7ae 0001 3805 1c99 0000 3905 7421 0002
0039830 3f05 79dc 0001 4805 9252 0000 5b05 41bb
0039840 0001 6605 6013 0000 6f05 868a 0001 7805
0039850 cf19 0000 9505 a801 0203 0500 01a0 7cb1
0039860 0000 a905 0701 027f 0500 01b2 39fa 0001
0039870 0500 0000 2005 8186 0002 2105 32a2 0002
0039880 2205 e539 0001 0500 0000 b505 5b01 0217
0039890 0500 01b6 bdfd 0000 b705 c801 012e 0500
00398a0 01b8 3e91 0000 b905 dc01 0219 0500 01ba
00398b0 5e70 0000 bb05 4001 0104 0500 01bc 1da5
00398c0 0000 bd05 a101 001d 0500 01be d307 0000
00398d0 bf05 6b01 0288 0500 01c0 d303 0000 c105
00398e0 9f01 0219 0500 01c2 8374 0001 c305 c401
00398f0 012e 0500 01c4 06d7 0002 cb05 2c01 0260
0039900 0600 01e7 5907 0000 8405 4f02 021a 0500
0039910 0285 0923 0000 8605 5f02 0065 0500 0287
0039920 7fe4 0002 8805 7f02 01e3 0500 0289 6cab
0039930 0000 8a05 9e02 01cd 0500 028b cd9a 0001
0039940 8c05 e902 018e 0500 028d 871b 0002 8e05
0039950 1902 0062 0500 028f 5e79 0000 9005 1402
0039960 0062 0500 0291 655b 0000 9205 7e02 0233
0039970 0600 029f 0f8a 0001 d406 4e02 0045 0600
0039980 0386 0e6a 0001 8805 0203 00fd 0600 0391
0039990 0e63 0001 0500 0000 2206 71bf 0000 2705
00399a0 9e9d 0000 0500 0000 1405 866d 0001 2205
00399b0 7225 0001 2a05 3ef8 0001 0500 0000 0205
00399c0 d2f0 0000 0a05 dcea 0001 0500 0000 3605
00399d0 6cef 0000 3b05 cd32 0001 3c05 bc8a 0000
00399e0 4005 fe87 0001 c005 1304 01cf 0000 0005
00399f0 0500 ee30 0085 0600 0744 01f6 0600 d045
0039a00 0091 0600 0446 0092 0600 f547 0014 0600
0039a10 bb48 0016 0600 1149 0154 0600 de4a 019c
0039a20 0600 d84b 022f 0600 d14c 0091 0600 514d
0039a30 017a 0600 924e 0272 0600 0a4f 00f5 0600
0039a40 5650 014b 0600 2351 023b 0600 f652 0014
0039a50 0600 7853 0048 0600 1b54 00fd 0600 2b55
0039a60 00b8 0600 b956 0106 0600 dd57 019c 0600
0039a70 0659 01f9 0600 1a5b 00fd 0600 5f5d 0084
0039a80 0600 9c5f 0133 0600 4b61 0162 0600 8b63
0039a90 028c 0600 6464 0191 0600 3c65 019b 0600
0039aa0 a466 01a1 0600 2b67 0080 0600 b568 01a6
0039ab0 0600 0969 01e8 0600 126a 023d 0600 c86b
0039ac0 0231 0600 4d6c 0169 0600 446d 0177 0600
0039ad0 d46e 017a 0600 776f 0211 0600 9270 00c2
0039ae0 0600 7171 00a0 0600 b672 0224 0600 6a73
0039af0 022b 0600 f974 027f 0600 0076 0280 0600
0039b00 0778 0280 0600 0e79 0280 0600 fe7a 00e3
0039b10 0600 bc7b 021f 0600 4c7c 01f1 0600 c77d
0039b20 00a5 0600 b57e 00ab 0600 217f 00b0 0600
0039b30 0180 cceb 0001 8106 7a01 0125 0600 0182
0039b40 9cdf 0001 8306 ca01 004c 0600 01f0 d15a
0039b50 0000 f106 6f01 00d1 0600 01f2 3ff4 0000
0039b60 0500 0000 1f05 c838 0001 2805 70df 0000
0039b70 2905 e269 0001 2a05 5008 0002 0500 0000
0039b80 2705 9426 0000 2805 4f42 0000 2a05 9421
0039b90 0000 8305 8b01 01d3 0500 0184 a8c8 0001
0039ba0 8505 8301 01ed 0500 0186 48ab 0002 8705
0039bb0 2801 003d 0500 0188 3d24 0000 8905 da01
0039bc0 009e 0500 018a d387 0001 8b05 5001 00f9
0039bd0 0600 019b b527 0000 e706 0701 0059 0600
0039be0 02d4 454e 0000 8606 6a03 010e 0500 0388
0039bf0 fd02 0000 9106 6303 010e 0500 0396 b485
0039c00 0000 9b05 0603 01ef 0500 03b0 400e 0002
0039c10 0500 0000 2a05 df00 0001 2b05 5b87 0000
0039c20 0500 0000 4405 f82f 0000 4c05 50ec 0001
0039c30 0500 0000 2405 f388 0001 bd05 1001 0212
0039c40 0500 01e2 ebbf 0001 0500 0000 1e05 09d2
0039c50 0000 4905 8b91 0000 5f05 da80 0001 b005
0039c60 7201 013e 0500 0492 41f9 0000 fe05 2505
0039c70 00c2 0500 0bd8 ad58 0001 9e05 450c 016b
0039c80 0500 12c3 3931 0000 a705 6414 0244 0500
0039c90 14cf 4d56 0002 b405 8a15 00ab 0500 17b8
0039ca0 70c1 0000 8805 6518 0238 0500 19ca 4131
0039cb0 0001 dd05 5819 01d9 0500 19eb fb6a 0001
0039cc0 8005 651a 01d8 0500 1a88 600f 0002 9b05
0039cd0 2f1a 008d 0500 1ab4 221c 0002 d705 a81a
0039ce0 0114 0000 0005 0500 0185 e2bb 0001 a605
0039cf0 6a01 0086 0500 01a7 0d10 0000 a805 e601
0039d00 0219 0000 0005 0500 ec31 0011 0600 028f
0039d10 52de 0000 0500 0000 2105 3cfd 0002 ff05
0039d20 4c01 0181 0600 029a e706 0000 0500 0000
0039d30 1e05 2531 0002 5f05 25c8 0002 8306 5701
0039d40 00f7 0500 018b 8656 0002 8f05 6d01 01f5
0039d50 0500 0193 cfa6 0000 9605 2001 0081 0600
0039d60 01b3 a303 0000 b406 4e01 015d 0600 01b5
0039d70 da27 0000 b606 af01 00fb 0000 0005 0500
0039d80 221f 0189 0500 4532 00e7 0000 0005 0500
0039d90 1e1f 0123 0500 c626 005a 0500 01bc 0048
0039da0 0000 0500 0000 1f05 6e9d 0001 3c05 2f18
0039db0 0002 0500 0000 1f05 1cbf 0001 3005 1cdd
0039dc0 0002 3105 4616 0002 3205 ec67 0000 3305
0039dd0 cdaf 0000 3405 309f 0002 0500 0000 1e05
0039de0 f34f 0000 2405 f76d 0000 2505 4622 0001
0039df0 2605 1d1c 0000 2b05 6755 0002 2c05 378e
0039e00 0000 2d05 0069 0001 0500 0000 3d05 77c0
0039e10 0000 4a05 ae80 0000 4b05 55eb 0002 0500
0039e20 0000 d505 cb04 01da 0500 0b85 11e8 0002
0039e30 a405 4513 0129 0500 13a5 349c 0002 0500
0039e40 0000 1e05 c08a 0001 4205 c878 0000 4305
0039e50 4338 0002 4405 ee20 0001 4505 e003 0001
0039e60 4605 7021 0000 4705 6253 0001 4805 44e8
0039e70 0001 4905 51bf 0002 4a05 7c53 0002 4b05
0039e80 c69f 0001 4c05 dca9 0000 4d05 92e8 0000
0039e90 4e05 b587 0001 4f05 4273 0001 5005 738c
0039ea0 0002 5105 4340 0001 5205 a833 0000 5305
0039eb0 27e2 0002 5405 8a99 0000 5505 5ae9 0002
0039ec0 5605 59bc 0002 0500 0000 9005 0e05 00ee
0039ed0 0500 0783 c976 0001 f105 ac0c 00e3 0000
0039ee0 0005 0500 cf2f 021b 0500 028e f662 0000
0039ef0 0500 0000 0406 d3eb 0001 0505 82dc 0001
0039f00 0606 6918 0000 0705 dab5 0000 0500 0000
0039f10 1705 1275 0000 1905 1d11 0002 0500 0000
0039f20 6d05 dba0 0000 6e05 1d7d 0000 6f05 3b14
0039f30 0002 7005 a2eb 0000 7105 7b4b 0000 7205
0039f40 15c5 0001 8005 cc01 0089 0500 0181 ca07
0039f50 0001 8205 4701 007c 0500 0183 2370 0000
0039f60 8405 5501 008b 0500 0185 2171 0002 8605
0039f70 b901 003e 0500 0187 30cd 0001 8905 7a01
0039f80 0175 0000 0005 0500 ba18 00ba 0500 1222
0039f90 013f 0500 c323 0095 0500 6326 024a 0500
0039fa0 1d27 017f 0500 5f28 018a 0500 a829 0266
0039fb0 0500 1b2a 01a1 0500 3e2b 00a1 0500 c72d
0039fc0 00f4 0500 e02e 0106 0500 d233 0175 0500
0039fd0 cb34 01a4 0500 4c35 0246 0500 b636 023e
0039fe0 0500 9c37 022f 0500 ef38 021a 0500 9239
0039ff0 013e 0500 aa3a 015a 0500 c53b 012b 0500
003a000 f43c 000d 0500 eb3d 01a1 0500 2c3e 008b
003a010 0500 523f 0192 0500 d540 0254 0500 1741
003a020 0276 0500 5142 005c 0500 8b43 00e0 0500
003a030 c744 0194 0500 4c45 0177 0500 4846 0150
003a040 0500 8f47 025a 0500 9748 01a0 0500 7649
003a050 01d9 0500 184a 0229 0500 b14b 0204 0500
003a060 7151 0225 0500 7c54 0122 0500 e757 0005
003a070 0500 f65a 01b3 0500 c25d 00f0 0500 0a67
003a080 001d 0000 0005 0500 9118 0103 0500 281e
003a090 00f3 0000 0005 0500 9f58 0186 0500 5e6a
003a0a0 0001 0500 fe6b 00bb 0500 c774 01cd 0500
003a0b0 1475 0102 0500 8c76 01fa 0500 7e77 01ca
003a0c0 0500 6f79 00c0 0500 347a 01b5 0500 297b
003a0d0 01b1 0500 ac7c 01ba 0500 ca7f 0173 0500
003a0e0 0180 8657 0000 8105 7e01 00e4 0500 0182
003a0f0 71d0 0002 8605 ae01 00df 0500 0187 0fe7
003a100 0001 8805 f601 0245 0500 0189 8361 0002
003a110 8b05 9c01 01ef 0500 018c df84 0000 8d05
003a120 ab01 0231 0500 018e 7f4e 0002 9105 fc01
003a130 0104 0500 0192 4ee8 0000 9305 2401 01ec
003a140 0500 0194 7f7f 0002 9805 7701 0284 0500
003a150 019a 73e8 0000 9b05 3001 0050 0500 01a0
003a160 f6fe 0001 a205 6601 01a6 0500 01a4 8493
003a170 0000 a505 7401 023f 0500 01aa c3f2 0001
003a180 ad05 7d01 0043 0500 01af 2e3b 0002 b005
003a190 c301 015f 0500 01b5 a594 0000 ba05 d901
003a1a0 00e3 0500 01bb fec4 0001 bc05 a101 021c
003a1b0 0500 01c5 a0cd 0001 c705 b701 0198 0500
003a1c0 01ca e03a 0000 d105 6701 01ce 0500 01d2
003a1d0 3e30 0000 de05 d701 0091 0500 01df b952
003a1e0 0000 e305 5701 001a 0500 01f4 7a6f 0002
003a1f0 f505 a501 0091 0500 01f8 0030 0001 f905
003a200 1a01 004d 0500 01fa fdf1 0001 fc05 6001
003a210 0001 0500 0282 002f 0001 8305 1902 004d
003a220 0500 0284 0605 0000 8605 0002 00bc 0500
003a230 028d 3f00 0002 8e05 4302 020e 0500 0296
003a240 37e9 0000 9705 e802 0037 0500 0298 bce4
003a250 0001 9905 e302 01bc 0500 029a ba1b 0001
003a260 9b05 1a02 01ba 0500 029c 826e 0002 9d05
003a270 6d02 0282 0500 029f 1bb7 0001 a005 b602
003a280 011b 0500 02a1 3d3d 0001 a205 3c02 013d
003a290 0500 02a3 657d 0001 a405 7c02 0165 0500
003a2a0 02a5 28de 0002 a605 dd02 0228 0500 02a8
003a2b0 f89b 0001 a905 9a02 01f8 0500 02aa 0ff6
003a2c0 0000 ab05 f502 000f 0500 02ac f3e6 0001
003a2d0 ad05 e502 01f3 0500 02ae 1832 0000 af05
003a2e0 3102 0018 0500 02b1 848d 0002 b205 8c02
003a2f0 0284 0500 02b4 3a6f 0000 b505 6e02 003a
003a300 0500 02b7 397c 0001 b805 3702 00e9 0500
003a310 02b9 802c 0002 ba05 2902 023c 0500 02bb
003a320 8a13 0001 0500 0000 1705 df16 0000 1b05
003a330 e539 0001 0500 0000 9b06 2701 00b5 0600
003a340 01e7 5907 0000 d406 4e02 0045 0600 0386
003a350 0e6a 0001 8805 0203 00fd 0600 0391 0e63
003a360 0001 9605 8503 00b4 0000 0005 0500 da18
003a370 0058 0500 c81a 0082 0500 651b 0000 0500
003a380 d01c 0182 0500 c21d 0150 0500 bd1e 01a0
003a390 0500 7d1f 0282 0500 1020 01a1 0500 be21
003a3a0 0083 0500 cf22 010a 0500 5023 0010 0500
003a3b0 f724 0264 0500 5825 0262 0500 3a26 0078
003a3c0 0000 0005 0500 c823 00c8 0500 fd24 013c
003a3d0 0500 4025 00b9 0500 0b26 0225 0500 ce27
003a3e0 013e 0500 0428 0188 0500 cd29 0208 0500
003a3f0 d82a 0060 0500 1d2b 01a3 0500 3d2c 0155
003a400 0500 872d 024b 0500 412e 005a 0500 aa2f
003a410 01e6 0500 0194 74e0 0001 9505 3201 01ea
003a420 0500 0196 8a6c 0000 9705 c901 01c5 0500
003a430 0198 547b 0001 9905 8a01 0066 0500 019a
003a440 2552 0001 9b05 1501 005d 0500 019c bc42
003a450 0000 9d05 1501 001a 0500 019e 4f16 0000
003a460 9f05 b301 0213 0500 01a0 695f 0000 bf05
003a470 9701 0166 0000 0005 0500 ac2d 026d 0600
003a480 c430 011e 0600 a031 00af 0000 0005 0500
003a490 0f2b 00b5 0500 1e2d 0044 0000 0005 0500
003a4a0 d914 023c 0500 b01e 01ce 0500 ae1f 0148
003a4b0 0500 3b20 0173 0000 0005 0500 bd02 025c
003a4c0 0500 8f09 004b 0000 0005 0500 b928 0187
003a4d0 0500 022c 003e 0000 0005 0500 132b 00f7
003a4e0 0500 e263 0079 0500 d164 010d 0500 7366
003a4f0 011f 0500 019b 3458 0001 f105 f801 0004
003a500 0500 01f4 f860 0001 0500 0000 2d05 c199
003a510 0001 3006 4b72 0000 3106 eeec 0000 3206
003a520 613c 0002 3306 5eda 0001 3406 0550 0001
003a530 3506 ad81 0001 3606 cf08 0000 3706 5d65
003a540 0001 3806 00e0 0002 3906 4648 0001 3a06
003a550 2300 0000 3b06 9e95 0000 3c06 e7a5 0000
003a560 5306 9b5c 0001 0500 0000 1b05 e36c 0000
003a570 2005 ae3c 0001 2105 87a0 0001 0500 0000
003a580 1405 45eb 0002 1b05 8186 0002 1c05 e539
003a590 0001 0500 0000 1505 45e6 0002 1c05 8a77
003a5a0 0001 1d05 3cf0 0001 1e05 0214 0002 2005
003a5b0 6972 0002 2105 e7e2 0001 2205 57a9 0002
003a5c0 2305 8f86 0000 2505 7ba7 0002 2a05 4455
003a5d0 0000 2b05 2ad1 0002 2c05 7866 0001 2d05
003a5e0 5664 0002 2e05 2ed1 0001 2f05 cfba 0001
003a5f0 3105 500c 0001 3205 6ad8 0002 3405 be2b
003a600 0001 3605 6615 0002 3705 ac6e 0001 3805
003a610 9392 0000 3905 8487 0001 3a05 1122 0001
003a620 3c05 36b1 0001 3e05 ade8 0001 3f05 0cbf
003a630 0001 4105 1319 0002 4305 1fa1 0002 4405
003a640 eb4f 0001 4505 f946 0001 4605 cc07 0001
003a650 4705 5445 0002 4805 9643 0000 4905 2ca5
003a660 0001 0500 0000 1505 1790 0000 1c05 fede
003a670 0000 1d05 af24 0001 2305 cabe 0000 2405
003a680 0a97 0001 2e05 223d 0002 3a05 31cf 0002
003a690 4105 3542 0001 4805 8f4d 0002 5005 a07b
003a6a0 0000 5405 19f2 0001 6305 6af9 0002 6e05
003a6b0 23be 0000 7005 048b 0001 7105 70e9 0000
003a6c0 0500 0000 2f05 1ec1 0000 3005 1ebf 0000
003a6d0 5b05 1fa1 0001 5c05 ab46 0000 5d05 8ea5
003a6e0 0001 5e05 bd00 0000 6005 c142 0000 6105
003a6f0 68d7 0002 6305 58b8 0002 6405 f001 0001
003a700 6505 920b 0000 6705 fa0e 0001 6805 8886
003a710 0001 6a05 f6aa 0001 6c05 a726 0001 6f05
003a720 b85a 0001 7105 4b69 0001 7305 e5e4 0000
003a730 7505 5064 0001 7705 22c1 0001 7905 8d8f
003a740 0000 7c05 2f95 0001 7d05 8981 0000 7e05
003a750 be43 0001 0500 0000 1705 8a58 0002 1b05
003a760 8186 0002 1c05 e539 0001 0500 0000 1805
003a770 8a53 0002 2205 28f3 0002 2e05 472d 0001
003a780 3005 821b 0002 3205 d6ed 0001 3405 a61a
003a790 0000 3605 458f 0001 3805 2326 0002 3a05
003a7a0 e398 0001 3c05 baf1 0001 3e05 9ec3 0000
003a7b0 4005 c51b 0000 4205 4b07 0001 4505 2ff7
003a7c0 0002 0500 0000 5805 146b 0000 5905 5ad1
003a7d0 0001 5a05 08eb 0000 5b05 641f 0001 5c05
003a7e0 67bd 0000 5d05 c92d 0000 5e05 3a38 0000
003a7f0 5f05 3961 0000 6005 f702 0000 6105 8fe2
003a800 0000 6205 b524 0001 6305 945a 0001 6405
003a810 6433 0001 6705 9d4c 0001 6805 cf4a 0000
003a820 6905 39a6 0000 6a05 a83a 0001 6b05 aaa0
003a830 0001 6c05 175a 0000 6d05 bf58 0001 6e05
003a840 4fae 0001 6f05 c8f5 0000 7005 9aee 0001
003a850 7105 806e 0002 7505 167f 0001 7605 7356
003a860 0000 7705 6128 0000 7805 bf77 0001 7a05
003a870 0a7e 0000 7b05 b43f 0000 7c05 ade0 0000
003a880 7d05 4807 0000 7f05 740c 0002 8005 f201
003a890 01c9 0500 0181 a484 0001 8205 6501 01a8
003a8a0 0500 0184 e36b 0001 8505 c601 0119 0500
003a8b0 0186 315e 0001 8705 0901 008b 0500 018a
003a8c0 2810 0002 0500 0000 4105 c07e 0000 ef05
003a8d0 2d01 0175 0000 0005 0500 b519 005d 0500
003a8e0 8f1a 00e5 0500 0e1b 018b 0500 4b1c 01b7
003a8f0 0500 ff29 0066 0500 942a 00cd 0500 862b
003a900 01a1 0500 922c 01dc 0500 5d2d 007c 0500
003a910 2c2f 01ab 0500 7930 007e 0000 0005 0500
003a920 3a14 0216 0500 6b25 0006 0500 1838 00ad
003a930 0000 0005 0500 c815 00c3 0500 4828 018c
003a940 0500 2f3a 0102 0000 0005 0500 6c02 014e
003a950 0500 f104 0233 0000 0005 0500 a016 0048
003a960 0500 391a 016a 0000 0005 0500 9a28 00f9
003a970 0500 912a 023a 0500 655a 003f 0500 075d
003a980 0167 0500 045f 012a 0500 bb61 0238 0500
003a990 1772 0103 0500 4375 009a 0500 017f 0100
003a9a0 0500 0181 5076 0000 8905 5001 009d 0500
003a9b0 018b 90a2 0001 9305 3401 01c0 0500 0195
003a9c0 7774 0001 9b05 0001 0000 0500 01ab 1882
003a9d0 0000 ad05 0d01 0173 0500 01b2 a59f 0001
003a9e0 b405 4b01 019f 0500 01b6 8bea 0000 ba05
003a9f0 5501 0169 0500 01c1 cbff 0000 a605 0803
003aa00 00f3 0500 04a8 2e19 0001 d005 7e04 01be
003aa10 0500 04d6 6c16 0001 de05 8604 026f 0500
003aa20 04e6 10fe 0000 0500 0000 3905 d335 0001
003aa30 3b05 744c 0002 3c05 fcc6 0000 3d05 4689
003aa40 0000 4105 a502 0000 4505 1ac6 0000 4605
003aa50 7b91 0000 5f05 714c 0001 6005 0f4e 0001
003aa60 6405 71e7 0000 0500 0000 1e05 40c5 0002
003aa70 2405 43a7 0002 2605 6521 0001 0500 0000
003aa80 3405 2f6d 0002 8a06 ec02 004a 0000 0005
003aa90 0500 b739 028b 0500 01f1 8e19 0001 0500
003aaa0 0000 2c05 5ffc 0002 4a05 9b02 0001 0500
003aab0 0000 1d05 8186 0002 1e05 32a2 0002 1f05
003aac0 e539 0001 0500 0000 1905 7f73 0001 1a05
003aad0 7b06 0000 1e05 8623 0000 1f05 e43a 0000
003aae0 2005 9f8e 0000 2105 074f 0001 2405 ee61
003aaf0 0000 2605 9fd7 0001 2705 f35a 0001 0500
003ab00 0000 1c05 24de 0000 1f05 0703 0000 2205
003ab10 862e 0000 2505 bf9e 0000 2805 4178 0000
003ab20 2c05 3bf8 0002 3105 62f6 0000 3505 fc54
003ab30 0000 3805 3719 0001 3905 c665 0001 3a05
003ab40 eeda 0001 3b05 58a3 0001 0500 0000 2c05
003ab50 afd0 0001 2d05 9fd6 0000 2e05 733c 0002
003ab60 2f05 4439 0001 3005 88f7 0001 3105 2af4
003ab70 0002 3305 0640 0002 4805 ce9d 0001 5205
003ab80 273e 0001 5705 3dd0 0002 5c05 ec19 0000
003ab90 5d05 884e 0001 6105 cd0b 0001 0500 0000
003aba0 1705 69ce 0002 2805 7fb9 0002 3305 196b
003abb0 0002 3705 7132 0001 3c05 283a 0001 4105
003abc0 2bc3 0002 4605 4e82 0001 4b05 21a3 0000
003abd0 5005 f989 0000 5905 185a 0000 5d05 09d7
003abe0 0002 6805 1369 0002 6d05 5e18 0000 7405
003abf0 4442 0000 7a05 e82f 0001 8705 e901 01d0
003ac00 0500 018b 8f1d 0002 8f05 8601 0281 0000
003ac10 0005 0500 f313 003e 0500 1a1b 0012 0500
003ac20 941c 0290 0500 401d 0075 0500 9b1e 01bf
003ac30 0000 0005 0500 5b18 01dd 0500 df1e 0279
003ac40 0500 552c 0079 0500 883b 0001 0000 0005
003ac50 0500 2227 0096 0500 4428 003f 0500 1929
003ac60 0161 0500 522a 00c4 0500 7e2c 021c 0500
003ac70 242d 000e 0500 f52e 0025 0500 852f 00a1
003ac80 0500 6e31 01db 0500 f032 0252 0500 6433
003ac90 0063 0500 2634 004b 0000 0005 0500 9a19
003aca0 00c2 0500 3f20 0172 0500 d122 0123 0500
003acb0 f824 0254 0000 0005 0600 2234 0194 0500
003acc0 5236 01f1 0500 f637 006b 0500 7338 0260
003acd0 0500 f641 00ac 0500 9849 00c1 0500 1a50
003ace0 0194 0500 6055 0230 0500 c456 00df 0500
003acf0 dc57 011b 0500 a058 0073 0000 0005 0500
003ad00 01ba bf86 0001 c105 5d01 00a0 0500 01c5
003ad10 1cb4 0000 c905 7401 010f 0000 0005 0500
003ad20 f313 0064 0500 8617 0281 0000 0005 0600
003ad30 de1d 0088 0500 ce23 0129 0000 0005 0500
003ad40 291f 0289 0500 0225 019b 0600 532a 0224
003ad50 0200 612c 7362 0000 0005 0600 7950 024c
003ad60 0600 8b52 0011 0600 ff54 01d7 0600 2257
003ad70 01c4 0600 b45a 0158 0600 b95b 0158 0600
003ad80 be5c 0158 0600 a75d 0281 0600 145e 006c
003ad90 0200 645f 7669 0600 3960 0125 0600 cc61
003ada0 010d 0600 b362 01cf 0600 2c63 00cb 0600
003adb0 4e64 01df 0600 8c65 016b 0600 9166 00c7
003adc0 0600 1d67 0045 0600 0668 01f6 0600 e669
003add0 004a 0600 256c 01c4 0600 a46f 019d 0600
003ade0 1b70 0127 0600 a371 019d 0600 9572 013a
003adf0 0600 de73 013a 0600 f174 01f4 0600 a275
003ae00 00e6 0600 d676 0279 0600 7677 013c 0600
003ae10 01ba 63f5 0000 bb06 2b01 00cb 0600 01bc
003ae20 df4d 0001 bd06 b901 0084 0600 01be e948
003ae30 0001 bf06 9801 021c 0600 01c0 3a9c 0001
003ae40 c106 2701 01e9 0000 0005 0500 1cbc a8cf
003ae50 0000 d005 c32d 0126 0000 0005 0500 0e1f
003ae60 0180 0500 01ed 5255 0001 c305 3d02 0063
003ae70 0000 0005 0500 ea1f 0183 0500 a52e 0133
003ae80 0500 0396 e5ba 0000 0500 0000 1f05 c353
003ae90 0000 7305 2d3d 0001 bf06 3a01 0142 0000
003aea0 0005 0500 701e 00fd 0500 1532 026f 0000
003aeb0 0005 0500 f137 01d9 0500 4f39 0284 0500
003aec0 02dd f83d 0001 fd05 c602 00a7 0000 0005
003aed0 0500 4c18 00fd 0500 111a 021d 0000 0005
003aee0 0500 861f 0281 0500 3920 01e5 0000 0005
003aef0 0500 3613 0140 0500 0a66 01fc 0500 da6a
003af00 0173 0500 216f 005c 0500 5070 0161 0500
003af10 fc72 017b 0500 a573 00d0 0500 b875 0078
003af20 0000 0005 0500 5c35 01ac 0500 015d 00af
003af30 0500 425e 007b 0500 ad5f 021a 0500 1b63
003af40 0182 0500 4c68 027d 0500 bf6d 01f8 0500
003af50 3b6e 007e 0500 fe6f 0195 0500 d271 00fe
003af60 0500 3c72 01ca 0500 1c78 0286 0000 0005
003af70 0500 2613 0142 0500 5c19 00ef 0500 311a
003af80 0245 0500 321b 000f 0500 211e 018f 0500
003af90 4520 00dd 0600 e424 01b4 0500 1725 015f
003afa0 0000 0005 0500 018a 8726 0001 9305 5501
003afb0 0155 0500 0194 2ec9 0002 9505 f901 0204
003afc0 0500 01a4 afab 0000 a505 d601 01be 0500
003afd0 01a6 5fec 0001 b406 cf01 01c7 0500 01b5
003afe0 5ce2 0002 0500 0000 2d05 f8ad 0001 3406
003aff0 e41b 0000 3506 c7de 0001 3606 01ab 0001
003b000 3706 b9d5 0001 3806 cf29 0000 3906 1d9b
003b010 0000 3a06 8970 0001 3b06 1daf 0000 3c06
003b020 83c6 0001 3d06 1b1e 0002 3e06 4e7d 0002
003b030 3f06 4e83 0002 4006 129d 0000 4106 5409
003b040 0001 4206 75dd 0000 4306 9934 0000 4406
003b050 508c 0002 4506 1f5a 0001 4606 919e 0000
003b060 4706 1d9c 0000 4806 cd48 0001 4c06 3b47
003b070 0000 4d06 1b1f 0002 4e06 4e7e 0002 4f06
003b080 3fe3 0001 5006 4e84 0002 5106 9333 0001
003b090 5206 b762 0000 5306 834c 0002 5406 75de
003b0a0 0000 5506 796c 0001 5606 1bd4 0001 5706
003b0b0 1a1c 0002 5806 40df 0002 5906 46af 0000
003b0c0 5a06 369c 0001 5b06 e477 0000 5c06 1b1d
003b0d0 0002 5d06 6587 0000 5e06 1a1b 0002 9706
003b0e0 0c01 019e 0600 0198 75dc 0000 9906 8201
003b0f0 0046 0600 019a 9e0b 0001 9b06 de01 0240
003b100 0000 0005 0500 e203 018c 0500 fc05 00bf
003b110 0500 5e06 01a1 0500 8307 00fd 0500 dd08
003b120 01d7 0500 7c09 0244 0500 c40a 0043 0500
003b130 c80b 01af 0500 7d0c 013c 0500 420d 00cf
003b140 0500 530e 01c3 0500 4e0f 01bf 0500 3510
003b150 017f 0500 f211 0169 0500 3512 0272 0500
003b160 b213 01dc 0500 e314 01bb 0500 f615 015e
003b170 0500 f716 00f9 0500 8e17 00c1 0500 9818
003b180 0259 0500 dc19 0183 0500 931a 01eb 0500
003b190 d91b 022c 0500 731c 0237 0500 101d 01ba
003b1a0 0500 621e 028a 0500 431f 013c 0500 7f20
003b1b0 024c 0500 4a21 0097 0500 8f22 0163 0500
003b1c0 fd23 005c 0500 1024 0068 0500 4a25 00b5
003b1d0 0500 a326 00b7 0000 0005 0500 e907 0038
003b1e0 0500 b308 0109 0500 8809 0228 0500 b112
003b1f0 01d9 0500 8914 01fb 0500 4315 00bb 0500
003b200 4f16 0116 0500 5517 027d 0500 3b18 0196
003b210 0500 1319 0221 0500 ac1a 0246 0500 d21b
003b220 00bd 0500 001c 00f5 0500 f61d 0083 0500
003b230 ab1e 01c1 0500 161f 0269 0500 eb20 023a
003b240 0500 e821 0115 0500 3522 020d 0500 8323
003b250 0098 0500 d524 017e 0500 a525 005b 0500
003b260 c226 004b 0500 f428 007a 0500 6d2a 005b
003b270 0500 ef2b 026a 0500 042c 00dd 0500 852d
003b280 00ce 0500 ca2e 01f8 0500 c02f 00e2 0500
003b290 6e30 00c8 0500 2131 00a2 0500 bf32 0048
003b2a0 0500 3e33 0003 0500 c634 0256 0500 1035
003b2b0 00cf 0500 c436 0237 0500 9a37 00be 0500
003b2c0 ad38 0137 0500 8039 00e0 0500 a73a 017b
003b2d0 0500 163b 0096 0500 dc3c 01b9 0500 a03d
003b2e0 0155 0500 443e 0284 0500 7f3f 0265 0500
003b2f0 f440 024a 0500 8a41 013a 0500 d542 01c0
003b300 0500 3843 0211 0500 8444 0201 0500 6a45
003b310 0095 0500 3446 025a 0500 f947 01f4 0500
003b320 e848 013e 0500 9c49 0203 0500 1c4a 0091
003b330 0500 ca4b 01c3 0500 dc4c 00ec 0500 604d
003b340 011f 0500 524e 000f 0500 764f 0039 0500
003b350 5450 012f 0500 ec51 017d 0500 5c52 0239
003b360 0500 af53 0235 0500 b554 00db 0500 5355
003b370 0039 0500 4356 0040 0500 3557 0292 0500
003b380 5758 0159 0500 1259 004e 0500 495a 01cb
003b390 0500 185b 008b 0500 b85c 0009 0500 735d
003b3a0 0123 0500 d25e 015d 0500 aa5f 010f 0500
003b3b0 d760 027e 0500 4c61 01a0 0500 b662 0093
003b3c0 0500 6563 005e 0500 0564 0107 0500 db65
003b3d0 006c 0500 bf66 000a 0500 2267 0175 0500
003b3e0 0268 01ba 0500 5969 0113 0500 4c6b 00bb
003b3f0 0500 0b6c 00c5 0500 ac6d 01ca 0500 b86e
003b400 022b 0500 0b6f 016e 0500 2c70 013d 0500
003b410 0a71 01ce 0500 d174 005d 0500 dd75 01ce
003b420 0500 a777 01ae 0500 de79 009b 0000 0005
003b430 0500 6c22 0120 0500 c231 0247 0600 06d5
003b440 f5e1 0000 0500 0000 1805 8015 0002 3105
003b450 76b6 0000 0500 0000 3605 9221 0001 3906
003b460 972f 0000 3a06 3e05 0001 3c06 e859 0001
003b470 3e06 1c33 0000 3f06 2094 0002 4006 a879
003b480 0001 4106 14d0 0001 4206 3393 0001 4306
003b490 0541 0001 4406 8a85 0001 4506 356b 0002
003b4a0 4606 70b7 0001 4706 f3b6 0000 4806 cc46
003b4b0 0001 4906 82b7 0001 4a06 c476 0001 4b06
003b4c0 cc48 0001 4c06 2096 0002 0500 0000 3705
003b4d0 538c 0000 3a05 5241 0002 3e05 c1b6 0001
003b4e0 4505 3007 0002 0500 0000 2205 887c 0002
003b4f0 2b05 80d4 0001 c006 5c09 0292 0000 0005
003b500 0500 0226 0286 0500 8d50 0101 0500 5e59
003b510 0201 0500 a95c 01ad 0500 265f 01a0 0500
003b520 7667 01e4 0500 b36a 01bf 0500 086d 0186
003b530 0500 6c75 007d 0500 c478 0245 0500 167b
003b540 0013 0500 0180 6d35 0000 8205 c101 0265
003b550 0500 0185 65a0 0000 8905 6f01 0167 0500
003b560 018d 5492 0002 9005 6401 0257 0500 0192
003b570 e97c 0000 9405 8501 020f 0500 0196 48f8
003b580 0002 9805 6e01 0170 0500 019b b194 0000
003b590 c805 530b 0026 0500 0cd2 32e0 0002 d705
003b5a0 130c 0204 0600 0cfd e706 0000 fe06 ac0c
003b5b0 0124 0600 0cff 7abd 0002 c906 860d 0039
003b5c0 0600 0dca 8b18 0002 cb06 e00d 011d 0600
003b5d0 0e94 85e7 0001 9506 ef0e 0018 0600 0e96
003b5e0 6c77 0002 df06 b20e 0086 0600 0ee0 c649
003b5f0 0001 e106 180e 016d 0600 0ee6 cc20 0001
003b600 e706 840e 01f1 0600 0ee8 e68d 0001 e906
003b610 150e 0142 0600 0eea da27 0000 eb06 4e0e
003b620 015d 0000 0005 0500 092d 00a6 0600 5130
003b630 00eb 0600 c931 0009 0600 6e32 0210 0600
003b640 7c33 017c 0600 bf34 0084 0600 c135 0084
003b650 0600 fe36 0218 0600 5137 0078 0600 5138
003b660 0194 0600 414c 0234 0000 0005 0500 02da
003b670 2753 0002 bb05 0a06 00af 0600 06e5 b80d
003b680 0001 e805 7718 00cd 0000 0005 0500 c115
003b690 010e 0500 eb1b 0201 0500 601f 00db 0000
003b6a0 0005 0500 018e 553e 0002 f305 7e01 00d2
003b6b0 0500 029d 197c 0002 be05 f402 00a7 0500
003b6c0 02ff aa58 0000 8a05 d503 00c0 0500 03d1
003b6d0 12f6 0000 0500 0000 1e05 77cb 0002 8805
003b6e0 b503 001d 0000 0005 0500 1b2c 007a 0500
003b6f0 0b8e d27e 0000 b805 980e 011a 0500 0ece
003b700 5d73 0002 0500 0000 3905 8f97 0000 fb05
003b710 a206 006a 0000 0005 0500 6d1e 01df 0500
003b720 cc45 00bf 0500 02ba 3893 0001 f205 1a02
003b730 01d3 0500 038c d3fa 0000 0500 0000 1f05
003b740 c93c 0001 4f05 17d5 0001 5d05 4253 0000
003b750 6d06 8ba2 0001 6e06 316e 0001 0500 0000
003b760 8c05 3e01 00f4 0500 06af 2ea0 0002 0500
003b770 0000 1f05 c9d4 0001 3105 07e2 0000 3205
003b780 1eed 0002 3305 3820 0001 3505 ea8f 0001
003b790 3705 37e6 0001 3805 0f08 0001 3905 b71e
003b7a0 0000 3a05 15f1 0001 3b05 a02b 0000 3c05
003b7b0 abf5 0000 3d05 711b 0002 0500 0000 1705
003b7c0 3254 0001 1905 1d11 0002 0500 0000 2005
003b7d0 c455 0001 8405 0501 003a 0500 0187 f114
003b7e0 0001 8a05 7701 00d1 0500 0193 7e1f 0000
003b7f0 9605 1e01 007e 0500 0199 393a 0002 9c05
003b800 3b01 01c1 0500 019f c13a 0001 a205 1401
003b810 025d 0500 01a5 5d13 0002 a805 a201 0160
003b820 0500 01ab 60a1 0001 ae05 b501 0043 0500
003b830 01b1 43b4 0000 ba05 3801 0040 0500 01bd
003b840 5a2e 0001 0500 0000 2005 e601 0001 2305
003b850 0423 0000 2605 6df7 0001 2a05 37b8 0001
003b860 3005 e9bb 0000 3405 6256 0000 3705 7a2f
003b870 0001 3a05 e27d 0001 3d05 4a7d 0002 4105
003b880 bc65 0001 4405 c905 0000 4705 58e4 0001
003b890 4a05 fe3f 0000 4e05 d19d 0001 5505 520b
003b8a0 0000 5d05 4e0f 0001 6105 82f1 0001 6405
003b8b0 0b8a 0002 6805 6d26 0002 6b05 d94c 0000
003b8c0 6e05 d319 0000 7105 88c3 0000 7405 3d15
003b8d0 0001 7705 e91a 0000 7a05 3829 0002 7d05
003b8e0 a0be 0000 8105 3101 01cc 0500 0184 b80e
003b8f0 0000 8705 8a01 0073 0500 018b 788a 0000
003b900 9205 cd01 01ed 0500 0196 1ab6 0002 9905
003b910 f401 006a 0500 019d 7ad7 0000 0500 0000
003b920 1905 9d7a 0000 1c05 6549 0000 1f05 3ac1
003b930 0002 2205 805d 0002 0500 0000 0305 2417
003b940 0001 0505 f45b 0001 0705 888f 0002 0805
003b950 f90f 0001 0905 6cb3 0002 0a05 4a84 0002
003b960 0b05 bc6c 0001 0c05 71a1 0002 0d05 782c
003b970 0000 0e05 885d 0001 0f05 719b 0002 1005
003b980 f5f1 0001 1105 4fd8 0001 1305 7014 0000
003b990 0500 0000 2a06 d1c1 0001 2b06 d1b9 0001
003b9a0 2f06 e8a1 0001 3006 85d6 0001 3406 b4e5
003b9b0 0001 3506 3c65 0001 3906 e13d 0001 3a06
003b9c0 458c 0000 3e05 8dfe 0001 4005 4bac 0000
003b9d0 4305 895b 0000 4505 bdce 0001 4805 10f9
003b9e0 0001 4a06 8452 0001 4e05 a952 0000 5405
003b9f0 78c6 0001 5705 96cd 0001 5a05 8b45 0002
003ba00 5d05 883d 0001 6005 0c05 0001 6305 8cec
003ba10 0002 0500 0000 1705 a4df 0000 1b05 342a
003ba20 0002 1e05 37f6 0000 2105 3796 0002 2405
003ba30 e7ee 0001 2805 8f22 0000 2c05 3a7f 0000
003ba40 2f05 ca26 0001 3305 6565 0001 3705 57ec
003ba50 0002 3f05 bb02 0001 4205 02bf 0001 4505
003ba60 b67c 0000 4805 9490 0000 4b05 7688 0000
003ba70 4e05 df60 0000 5105 2024 0001 5405 6f6e
003ba80 0001 5805 12a3 0000 0500 0000 1e05 3b6b
003ba90 0002 3e05 1199 0000 0500 0000 1405 a722
003baa0 0000 1e05 efb1 0001 0500 0000 4205 f9e3
003bab0 0001 4905 fdb2 0000 4c05 bace 0000 4f05
003bac0 c490 0001 5405 e703 0001 5805 3c8d 0002
003bad0 5b05 6106 0001 5e05 e431 0000 7205 f01f
003bae0 0000 8905 5101 00a4 0000 0005 0500 153c
003baf0 0272 0600 363f 01b8 0500 3440 00a6 0600
003bb00 6448 0170 0500 7a49 00d0 0600 8d4a 0172
003bb10 0500 d44b 022b 0600 fd4e 0058 0500 fc52
003bb20 0193 0600 6560 0170 0500 5b61 0170 0600
003bb30 8e62 0172 0500 8463 0172 0600 bd67 005f
003bb40 0500 fd68 004a 0600 2069 0095 0500 d56a
003bb50 0087 0600 1f6d 0095 0500 9f71 005e 0600
003bb60 8975 008b 0500 bd76 00ab 0600 9a77 01c4
003bb70 0500 cc78 0094 0600 a67b 0040 0500 967c
003bb80 0151 0600 0180 88ee 0001 8105 8401 00a7
003bb90 0600 0182 0b81 0002 8305 2901 0095 0600
003bba0 0186 bb34 0001 8705 b501 0051 0600 0197
003bbb0 88e9 0001 9805 7b01 0251 0600 0199 6381
003bbc0 0001 9a05 5301 003e 0600 019d 6380 0001
003bbd0 9e05 5201 0277 0000 0005 0500 6617 025f
003bbe0 0500 0d22 0151 0500 0e35 00ca 0500 6143
003bbf0 008c 0500 af46 013a 0500 3a4a 0099 0500
003bc00 3f4e 004d 0500 f652 01b6 0500 6856 028d
003bc10 0500 ea5a 023c 0500 4e64 0140 0500 3c67
003bc20 0187 0500 f268 01de 0500 2d69 023b 0500
003bc30 f66c 0091 0500 f970 00c6 0500 6d73 015d
003bc40 0000 0005 0500 8d14 021f 0500 3717 0246
003bc50 0500 c71a 0020 0500 5020 017f 0500 1323
003bc60 000f 0500 3e26 0147 0500 e229 00bb 0500
003bc70 342c 0276 0500 172f 017b 0500 c332 0158
003bc80 0500 a835 0247 0500 1139 0177 0500 de3c
003bc90 00f2 0500 0f3f 00dd 0500 ad42 0283 0500
003bca0 6a45 01bf 0500 6848 01b3 0500 db4b 006d
003bcb0 0500 154c 0216 0500 524f 0139 0500 d952
003bcc0 023e 0500 6755 0250 0500 0e58 0018 0500
003bcd0 c65c 01d0 0500 0960 00be 0500 8f63 0128
003bce0 0500 5167 013f 0500 766a 0207 0500 cd6d
003bcf0 0257 0500 8b6e 00fd 0500 0470 007a 0500
003bd00 6172 0024 0500 c775 0283 0500 2978 014f
003bd10 0500 5779 010c 0500 b97a 0117 0500 c07d
003bd20 025e 0500 0180 14d8 0002 8305 7801 022e
003bd30 0500 0186 83cc 0001 8905 6b01 0091 0500
003bd40 018c 64e4 0000 8f05 0a01 008f 0500 0192
003bd50 1b98 0000 9505 e101 0262 0500 0198 7eea
003bd60 0000 9b05 3101 0210 0500 019e f625 0001
003bd70 a105 5101 01c9 0500 01a4 8600 0000 a705
003bd80 5801 00e4 0500 01aa 00d5 0000 ad05 7901
003bd90 0213 0500 01b0 f36d 0000 b305 6701 0261
003bda0 0500 01b6 f7bc 0001 b705 1301 0022 0500
003bdb0 01ba b1f4 0001 bb05 1b01 0254 0500 01bc
003bdc0 9657 0001 bd05 7f01 0084 0500 01c0 80a5
003bdd0 0002 0500 0000 3805 80ba 0001 3905 4177
003bde0 0001 3a05 deb4 0001 3d05 57b6 0002 3e05
003bdf0 1672 0002 3f05 4605 0000 5f05 82df 0000
003be00 6005 0d18 0002 6505 93b4 0001 6605 1cd2
003be10 0001 6805 4e58 0000 6905 1dff 0002 0500
003be20 0000 d205 4f01 0201 0500 01d3 3b19 0000
003be30 d405 5301 024a 0500 01e0 8186 0002 e105
003be40 3901 01e5 0000 0005 0500 0293 2361 0002
003be50 9905 d802 0006 0500 029a 9ead 0000 9b05
003be60 ae02 01a6 0500 029c eddd 0001 c705 b802
003be70 014a 0500 02c8 46d1 0002 c905 b802 010f
003be80 0000 0005 0500 151b 011f 0500 bc1d 003f
003be90 0500 2d1f 022c 0500 d421 01c1 0500 4b23
003bea0 00e9 0500 bb25 01b9 0500 af27 013c 0500
003beb0 6029 00a8 0500 f42b 018b 0500 c42d 0188
003bec0 0500 0f2f 0026 0500 6231 003c 0500 4a33
003bed0 0008 0500 6835 0078 0500 4537 01aa 0500
003bee0 b339 0151 0500 a53b 0282 0500 213d 010e
003bef0 0500 8c3f 0064 0500 8a41 01e8 0500 4343
003bf00 00ee 0500 2d4a 01e1 0500 d54c 0045 0500
003bf10 984e 00b0 0500 f950 0009 0500 2652 0143
003bf20 0500 2054 01c3 0500 d156 027d 0500 7d58
003bf30 015d 0500 715a 023c 0500 165c 0104 0500
003bf40 e45e 000a 0500 c660 0179 0500 4362 01e0
003bf50 0500 bc64 00d3 0500 5f66 024b 0500 d068
003bf60 001d 0500 396a 01ed 0500 876c 0179 0500
003bf70 e16e 001f 0500 3e70 020d 0500 2d72 0152
003bf80 0500 8874 00ee 0500 f576 0237 0500 7678
003bf90 0192 0500 ed7a 013d 0500 9e7c 00b6 0500
003bfa0 8d7e 0109 0500 0180 0c16 0002 8205 9901
003bfb0 00d1 0500 0184 98e3 0001 8605 7601 0017
003bfc0 0500 0187 2723 0001 8905 3701 024a 0500
003bfd0 018b f2ba 0000 8d05 2101 00dd 0500 018f
003bfe0 ac29 0000 9105 cf01 0067 0500 0196 16c2
003bff0 0000 9805 9c01 003b 0500 019a aa36 0000
003c000 9c05 b601 013d 0500 019e 9da5 0000 a005
003c010 1e01 01f9 0500 01a2 1e82 0000 a405 fc01
003c020 00fd 0500 01a6 7f99 0000 a805 5a01 00bb
003c030 0500 01ab 68e5 0000 ad05 4e01 0003 0500
003c040 01af 2381 0001 b105 ac01 0004 0500 01b3
003c050 0d02 0001 b505 e901 012c 0500 01b7 1fa3
003c060 0000 ba05 8e01 0091 0500 01bc ad20 0001
003c070 be05 eb01 010d 0500 01c0 3720 0002 c205
003c080 3e01 001b 0500 01c4 11bf 0002 c605 2c01
003c090 008c 0500 01c8 6569 0000 ca05 9001 01a7
003c0a0 0500 01cc 643e 0000 ce05 0701 0205 0500
003c0b0 01d0 5870 0001 d205 6301 0061 0500 01d4
003c0c0 e4a4 0000 d605 fa01 00dd 0500 01da 9cac
003c0d0 0000 dc05 8301 028b 0500 01de 10b7 0002
003c0e0 e005 5001 01ee 0500 01e2 60b8 0001 e405
003c0f0 9d01 01eb 0500 01e6 bd79 0000 e805 6301
003c100 004d 0500 01ea 6555 0002 ec05 3d01 0091
003c110 0500 01ee 989f 0000 f005 7c01 0058 0500
003c120 01f2 59f6 0002 f405 3b01 023b 0500 01f6
003c130 1238 0000 f805 7301 0010 0500 01fb 2b40
003c140 0002 fd05 fd01 018c 0500 01ff fea6 0001
003c150 8105 0502 00e8 0500 0283 bd8e 0001 8505
003c160 5f02 00bd 0500 0288 b1c6 0000 8a05 ac02
003c170 0214 0500 028c ddaf 0000 8e05 8402 00c5
003c180 0500 0290 b298 0000 9205 eb02 0047 0500
003c190 0295 e525 0000 9705 3402 0132 0500 0299
003c1a0 1a5f 0001 9c05 7f02 00aa 0500 029e d92e
003c1b0 0000 a005 d602 0093 0500 02a3 b825 0001
003c1c0 a505 7702 003b 0500 02a7 20ad 0000 a905
003c1d0 1802 01fd 0500 02ab 8b79 0000 ad05 1102
003c1e0 020e 0500 02af 2412 0002 b105 4302 0014
003c1f0 0500 02b3 810c 0000 b505 1e02 01a8 0500
003c200 02b7 f95e 0001 b905 2102 018a 0500 02bb
003c210 8508 0000 bd05 ac02 005f 0500 02bf 58eb
003c220 0000 c105 9502 0040 0500 02c3 bb22 0001
003c230 c505 0d02 0095 0500 02c8 b9e6 0001 ca05
003c240 2c02 01b9 0500 02cc 90df 0001 ce05 e002
003c250 01e8 0500 02d0 f003 0000 d205 a902 0260
003c260 0500 02d5 91b5 0001 d705 4d02 00ea 0500
003c270 02d9 49db 0000 db05 c602 0159 0500 02de
003c280 1739 0002 e005 0402 009f 0500 02e2 721a
003c290 0000 e505 ca02 0141 0500 02e7 5cbf 0001
003c2a0 e905 bf02 0246 0500 02eb f786 0001 ed05
003c2b0 8002 015a 0500 02ef 61ec 0000 f105 c902
003c2c0 0262 0500 02f3 7049 0002 f505 1802 01ef
003c2d0 0500 02f7 deca 0001 f905 2902 0178 0500
003c2e0 02fb 0029 0002 fd05 7302 014f 0500 02ff
003c2f0 5c2c 0001 8105 ed03 0002 0500 0383 1095
003c300 0002 8505 9303 0275 0500 0387 3da8 0002
003c310 8905 4c03 01fe 0500 038b 0138 0000 8d05
003c320 a203 025e 0500 038f 4778 0002 9105 3403
003c330 0192 0500 0393 37ae 0002 9505 e703 0051
003c340 0500 0397 e444 0000 9905 6703 0077 0500
003c350 039b cdd7 0001 9d05 e003 0206 0500 039f
003c360 89a1 0002 a105 6703 01d4 0500 03a3 6ad7
003c370 0001 a505 e103 00ca 0500 03a7 7fb7 0000
003c380 a905 8903 01ad 0500 03ab 55b5 0001 ad05
003c390 8803 01db 0500 03af 74ca 0000 b105 dd03
003c3a0 0269 0500 03b3 6a73 0001 b505 0303 016b
003c3b0 0500 03b7 60c7 0002 b905 cf03 0005 0500
003c3c0 03bb 27fb 0001 be05 ba03 00b8 0500 03c0
003c3d0 91bd 0002 c205 3303 0025 0500 03c4 2d58
003c3e0 0002 c705 6403 00f4 0500 03c9 7aec 0002
003c3f0 cb05 e603 006f 0500 03cd b500 0001 cf05
003c400 d503 0267 0500 03d2 309f 0001 d405 9703
003c410 0172 0500 03d6 39c2 0002 d805 c003 01ef
003c420 0500 03da e775 0000 dc05 c103 01e5 0500
003c430 03de 1c93 0001 e005 e703 0086 0500 03e2
003c440 85b1 0002 e405 6103 0109 0500 03e6 8f8b
003c450 0001 e805 5c03 0291 0500 03ea 10b4 0001
003c460 ec05 4e03 000b 0500 03ee a67a 0001 f205
003c470 ff03 0064 0500 03f4 2fc4 0001 f705 f403
003c480 0077 0500 03f9 4e55 0002 fb05 7e03 0070
003c490 0500 03fd 0334 0002 8005 6504 020f 0500
003c4a0 0483 5694 0002 8505 cc04 01c4 0500 0487
003c4b0 6d55 0001 8905 1904 010b 0500 048c 258b
003c4c0 0002 8f05 8804 001a 0500 0491 7a31 0002
003c4d0 9405 d504 00a0 0500 0497 ec7f 0001 9e05
003c4e0 a804 00f2 0500 04a1 ae02 0001 a205 5e04
003c4f0 016c 0500 04a5 5bdb 0000 a705 4804 01dc
003c500 0500 04aa 43eb 0001 ab05 5004 01e9 0500
003c510 04ae 39c0 0001 af05 1704 010c 0500 04b2
003c520 b8f8 0001 b405 4704 0225 0500 04b6 3b17
003c530 0001 b805 6504 00f9 0500 04ba 7db2 0001
003c540 bc05 f504 0136 0500 04be 824f 0002 c005
003c550 8304 0198 0500 04c3 f7b5 0000 c505 de04
003c560 020c 0500 04c7 2bec 0002 c905 6f04 0020
003c570 0500 04cb 82da 0002 cd05 fa04 013f 0500
003c580 04cf 07f8 0001 d105 9a04 0249 0500 04d3
003c590 64c1 0002 d505 f904 0089 0500 04d7 f1d4
003c5a0 0001 d905 4b04 00ac 0500 04db 2d03 0001
003c5b0 dd05 1004 0256 0500 04df ec99 0001 e105
003c5c0 8f04 00a8 0500 04e4 d95f 0000 e605 3004
003c5d0 010d 0500 04e8 6e1b 0001 ea05 fa04 0200
003c5e0 0500 04ec 4cfb 0002 ee05 a704 01d3 0500
003c5f0 04f0 b05a 0000 f205 2f04 020b 0500 04f4
003c600 2e73 0001 f605 d404 0056 0500 04f8 088b
003c610 0001 fa05 5204 0068 0500 04fc 212f 0002
003c620 fe05 0904 0157 0500 0580 795b 0002 8205
003c630 ea05 00ba 0500 0585 d01f 0001 8705 4a05
003c640 01fa 0500 0589 2f31 0002 8b05 f405 0226
003c650 0500 058d 062c 0001 8f05 1605 0017 0500
003c660 0591 734d 0001 9305 cc05 0072 0500 0595
003c670 e7a4 0001 9705 7c05 020d 0500 0599 d42d
003c680 0001 9b05 6905 0157 0500 059d 22e4 0002
003c690 9f05 4905 0240 0500 05a1 b1ea 0000 a305
003c6a0 ac05 0290 0500 05a6 67eb 0000 a805 9005
003c6b0 0161 0000 0005 0500 08d4 e73b 0000 d505
003c6c0 4608 00f3 0500 08d6 5bf7 0002 d705 1408
003c6d0 021b 0500 08ee 09ea 0002 0500 0000 0305
003c6e0 0cec 0001 0605 91df 0001 0905 1812 0002
003c6f0 0500 0000 0305 2eb1 0001 0d05 9d2f 0001
003c700 0500 0000 0205 de73 0001 0405 66e1 0002
003c710 0505 19cf 0002 0605 a7e8 0000 0705 73a2
003c720 0001 0805 e2d1 0000 0905 aba8 0000 0a05
003c730 e0ea 0001 0b05 9c31 0001 0c05 5189 0001
003c740 0d05 66f3 0000 0e05 a854 0001 0f05 6247
003c750 0000 1005 9a33 0001 1105 8a2f 0002 1205
003c760 8b2b 0001 1305 fd9d 0000 1405 3a1b 0001
003c770 1505 5c01 0002 1605 0881 0002 1705 70dc
003c780 0002 1805 eadc 0000 1905 eff4 0000 1a05
003c790 8be0 0002 1b05 7999 0002 1c05 3948 0002
003c7a0 1d05 29bf 0001 1e05 5d07 0000 1f05 c07a
003c7b0 0001 2005 8bed 0002 2105 8398 0000 2205
003c7c0 3a47 0000 2305 8028 0001 2405 fd0e 0000
003c7d0 2505 3f13 0002 2605 f695 0001 2705 7b95
003c7e0 0001 2805 6498 0002 2905 12cf 0000 2a05
003c7f0 5990 0000 2b05 81ff 0002 2c05 e2aa 0001
003c800 2d05 31e7 0001 2e05 6592 0001 2f05 7e70
003c810 0001 3005 1d6e 0000 3105 24cf 0002 3205
003c820 b681 0001 3305 31fd 0001 3405 0aa8 0002
003c830 3505 e424 0000 3605 b3c2 0001 3705 7498
003c840 0001 3805 34f8 0002 3905 cffe 0000 3a05
003c850 b2cd 0001 3b05 58fa 0001 3c05 0408 0001
003c860 3d05 6dea 0001 3e05 545d 0002 3f05 1d5f
003c870 0001 4005 5863 0001 4105 c535 0001 4205
003c880 5438 0002 4305 1a51 0001 4405 372d 0000
003c890 4505 9e53 0001 4605 9ce7 0001 4705 4a56
003c8a0 0000 4805 b08c 0001 4905 3742 0002 4a05
003c8b0 86d8 0000 4b05 9b05 0000 4c05 f5c6 0000
003c8c0 4d05 60e7 0002 4e05 b8ac 0000 4f05 7901
003c8d0 0000 5005 7d04 0002 5105 7e3a 0001 5205
003c8e0 682c 0002 5305 ed74 0001 5405 c35d 0001
003c8f0 5505 f335 0001 5605 4664 0002 5705 dfe2
003c900 0001 5805 5464 0001 5905 4dd1 0000 5a05
003c910 0493 0002 5b05 5bcc 0000 5c05 6698 0002
003c920 5d05 3a29 0001 5e05 84ee 0002 5f05 2ae5
003c930 0002 6005 a4f4 0000 6105 4cb2 0000 6205
003c940 f1b0 0001 6305 0f44 0000 6405 b667 0000
003c950 6505 d9df 0001 6605 2629 0000 6705 4b16
003c960 0000 6805 9f9b 0000 6905 3917 0001 6a05
003c970 b55f 0001 6b05 f55d 0001 6c05 1c66 0001
003c980 6d05 1e13 0000 6e05 6b35 0001 6f05 8990
003c990 0002 7005 41aa 0001 7105 c015 0001 7205
003c9a0 10ca 0000 7305 3ed5 0000 7405 bbc0 0001
003c9b0 7505 6b23 0001 7605 cd50 0001 7705 fbc8
003c9c0 0000 7805 40e2 0001 7905 8ac8 0000 7a05
003c9d0 1ef2 0000 7b05 f59d 0000 7c05 912a 0000
003c9e0 7d05 c1b0 0000 7e05 073b 0000 7f05 781a
003c9f0 0000 8005 2901 00df 0500 0181 a4a1 0000
003ca00 8205 cd01 019c 0500 0183 2c49 0002 8405
003ca10 4601 01b5 0500 0185 10e0 0001 8605 7801
003ca20 01ea 0500 0187 e760 0000 8805 8a01 008a
003ca30 0500 0189 0c36 0002 8a05 f701 004c 0500
003ca40 018b 7fb5 0001 8c05 7901 001a 0500 018d
003ca50 2752 0001 8e05 7f01 01c4 0500 018f 6801
003ca60 0000 9005 0001 00ba 0500 0191 fbef 0000
003ca70 9205 d901 0155 0500 0193 d3e2 0000 9405
003ca80 2701 01cb 0500 0195 f206 0001 9605 3201
003ca90 00cc 0500 0197 a44d 0001 9805 4901 000a
003caa0 0500 0199 6aca 0000 9a05 2301 0285 0500
003cab0 019b 56a3 0001 9c05 bd01 008b 0500 019d
003cac0 0a63 0001 9e05 0501 0020 0500 019f 7dfa
003cad0 0001 a005 c501 009f 0500 01a1 6d6f 0000
003cae0 a205 ac01 01bd 0500 01a3 0d6a 0002 a405
003caf0 4401 0196 0500 01a5 fd3c 0000 a605 e001
003cb00 0094 0500 01a7 81af 0002 a805 ec01 01bb
003cb10 0500 01a9 dcf5 0000 aa05 6801 008b 0500
003cb20 01ab 4063 0001 ac05 8701 008c 0500 01ad
003cb30 0ec1 0000 ae05 1801 0129 0500 01af ce1b
003cb40 0001 b005 5301 0283 0500 01b1 5ee5 0002
003cb50 b205 f401 00c7 0500 01b3 265d 0001 b405
003cb60 9b01 0038 0500 01b5 71e0 0001 b605 8701
003cb70 00f5 0500 01b7 1af3 0000 b805 4a01 008e
003cb80 0500 01b9 6529 0000 ba05 8a01 022b 0500
003cb90 01bb 345b 0002 bc05 f601 014a 0500 01bd
003cba0 24e0 0002 be05 df01 00b2 0500 01bf 69c0
003cbb0 0001 c005 8d01 0098 0500 01c1 693a 0001
003cbc0 c205 bb01 013e 0500 01c3 8a01 0002 c405
003cbd0 8101 00f2 0500 01c5 bb88 0000 c605 6a01
003cbe0 000f 0500 01c7 ae1b 0000 c805 f101 016b
003cbf0 0500 01c9 1c1e 0000 ca05 d601 019b 0500
003cc00 01cb f3f7 0000 cc05 ef01 0153 0500 01cd
003cc10 2473 0002 ce05 2101 0214 0500 01cf 3550
003cc20 0002 d005 e101 0210 0500 01d1 769d 0000
003cc30 d205 9c01 00df 0500 01d3 4425 0001 d405
003cc40 fe01 0177 0500 01d5 f3d2 0001 d605 b201
003cc50 0252 0500 01d7 58c1 0000 d805 ef01 01c6
003cc60 0500 01d9 9b14 0000 da05 6b01 0018 0500
003cc70 01db f545 0001 dc05 4201 01ac 0500 01dd
003cc80 6329 0000 de05 5f01 00bf 0500 01df 2b71
003cc90 0002 e005 a001 01de 0500 01e1 5a1b 0001
003cca0 e205 b001 00f5 0500 01e3 1385 0000 e405
003ccb0 fc01 0189 0500 01e5 6b39 0000 e605 dd01
003ccc0 0208 0500 01e7 5e8b 0002 e805 6801 0003
003ccd0 0500 01e9 872d 0002 ea05 7b01 0256 0500
003cce0 01eb 3dee 0000 ec05 2c01 024c 0500 01ed
003ccf0 41e6 0000 ee05 4901 0048 0500 01ef 09e9
003cd00 0000 f005 6101 006f 0500 01f1 699f 0001
003cd10 f205 3e01 016d 0500 01f3 71fe 0002 f405
003cd20 6501 0207 0500 01f5 4164 0001 f605 c401
003cd30 026e 0500 01f7 3a55 0000 f805 7201 00a1
003cd40 0500 01f9 eea2 0001 fa05 9901 0061 0500
003cd50 01fb 48ed 0000 fc05 e401 00ab 0500 01fd
003cd60 5924 0001 fe05 6301 0148 0500 01ff 68e6
003cd70 0001 8005 d202 0168 0500 0281 455d 0000
003cd80 8205 e502 013a 0500 0283 1a7e 0001 8405
003cd90 3402 00a7 0500 0285 4d07 0000 8605 e902
003cda0 0286 0500 0287 6247 0002 8805 4a02 01d7
003cdb0 0500 0289 067d 0001 8a05 8902 0216 0500
003cdc0 028b 8714 0001 8c05 af02 00a9 0500 028d
003cdd0 d397 0001 8e05 a802 01b7 0500 028f 5560
003cde0 0002 9005 c902 006d 0500 0291 93a1 0001
003cdf0 9205 cf02 01ec 0500 0293 2104 0002 9405
003ce00 8902 01bc 0500 0295 e840 0001 9605 8d02
003ce10 0221 0500 0297 56d0 0002 9805 5b02 0078
003ce20 0500 0299 ce4e 0001 9a05 3b02 0241 0500
003ce30 029b 41e4 0002 9c05 4d02 0230 0500 029d
003ce40 4f01 0000 9e05 b402 01d0 0500 029f 8395
003ce50 0002 a005 7202 01a5 0500 02a1 64f9 0001
003ce60 a205 8d02 01a3 0500 02a3 a5f0 0000 a405
003ce70 1902 000a 0500 02a5 5f94 0001 a605 1102
003ce80 00d0 0500 02a7 8d07 0002 a805 a302 0136
003ce90 0500 02a9 e389 0001 aa05 5602 0021 0500
003cea0 02ab 77d2 0000 ac05 c102 0047 0500 02ad
003ceb0 40c7 0001 ae05 9f02 0258 0500 02af 4822
003cec0 0002 b005 6d02 01a4 0500 02b1 7e62 0000
003ced0 b205 1102 01af 0500 02b3 919a 0001 b405
003cee0 9202 0268 0500 02b5 9f2a 0000 b605 ff02
003cef0 00b4 0500 02b7 7def 0002 b805 8602 01b9
003cf00 0500 02b9 6d3c 0002 ba05 a102 016f 0500
003cf10 02bb c707 0001 bc05 2502 0062 0500 02bd
003cf20 0172 0000 be05 4202 0211 0500 02bf 177c
003cf30 0001 c005 ba02 0201 0500 02c1 75ca 0002
003cf40 c205 ae02 01e5 0500 02c3 658a 0002 c405
003cf50 3702 0010 0500 02c5 70cf 0002 c605 d402
003cf60 006f 0500 02c7 5377 0000 c805 5402 00b8
003cf70 0500 02c9 c7bf 0001 ca05 6d02 028a 0500
003cf80 02cb 0bb5 0001 cc05 0f02 0214 0500 02cd
003cf90 64cd 0000 ce05 db02 00fb 0500 02cf 6a97
003cfa0 0001 d005 ed02 01dd 0500 02d1 6ac1 0002
003cfb0 d205 6302 0159 0500 02d3 dcf4 0001 d405
003cfc0 5b02 0066 0500 02d5 c4f2 0001 d605 4902
003cfd0 0154 0500 02d7 9754 0000 d805 8b02 01c6
003cfe0 0500 02d9 1723 0001 da05 9c02 014f 0500
003cff0 02db bb63 0001 dc05 4e02 01a1 0500 02dd
003d000 6233 0000 de05 8702 00e3 0500 02df 3bb3
003d010 0002 e005 a002 0204 0500 02e1 e862 0001
003d020 e205 b902 00d1 0500 02e3 273a 0002 e405
003d030 5702 025c 0500 02e5 74ac 0001 e605 bb02
003d040 0124 0500 02e7 8466 0001 e805 5102 00ca
003d050 0500 02e9 eaeb 0000 ea05 0c02 027b 0500
003d060 02eb b6a3 0001 0500 0000 0805 4d22 0001
003d070 1f05 7ce2 0000 2305 8b2e 0002 2705 0c7c
003d080 0000 2b05 84a5 0002 2f05 18cc 0002 3b05
003d090 2876 0001 3f05 f5eb 0000 4305 0bc6 0001
003d0a0 4705 4da2 0000 5b05 cb56 0001 7705 25e2
003d0b0 0000 7b05 2013 0001 8705 b201 0097 0500
003d0c0 0193 8f6f 0000 9705 9b01 0252 0500 019b
003d0d0 a63f 0001 9f05 eb01 00f4 0500 01a3 fbb7
003d0e0 0001 ab05 c901 028b 0500 01af 69fc 0001
003d0f0 b705 ad01 0111 0500 01bf 413e 0000 c705
003d100 1a01 009a 0500 01cf 1012 0000 d705 3a01
003d110 0121 0500 01df 8468 0000 e305 b701 006b
003d120 0500 01e7 cc67 0001 ef05 9d01 00f3 0500
003d130 01f3 f468 0001 f705 8001 022d 0500 01fb
003d140 41c1 0000 ff05 0d01 00f4 0500 0287 51d6
003d150 0000 8b05 ad02 00b7 0500 028f c4a2 0001
003d160 9305 7a02 003c 0500 0297 becb 0000 9b05
003d170 1802 01f3 0500 029f 3d1b 0002 a305 a502
003d180 005a 0500 02a7 2853 0001 ab05 ed02 014f
003d190 0500 02af 9cf6 0001 b305 5e02 01e1 0500
003d1a0 02b7 9273 0002 c305 3102 015e 0500 02c7
003d1b0 9789 0001 cb05 2b02 0125 0500 02cf 4659
003d1c0 0001 d305 7602 011c 0500 02d7 5618 0000
003d1d0 db05 3202 01eb 0500 02e3 e0ad 0000 e705
003d1e0 2c02 00ca 0500 02eb 7bff 0000 ef05 fd02
003d1f0 0040 0500 02f3 b17e 0001 f705 4202 0280
003d200 0500 02fb 738b 0001 8305 1203 007b 0500
003d210 0387 c440 0001 8f05 1803 0024 0500 0393
003d220 fd30 0001 9705 2103 0160 0500 039b 7ee8
003d230 0002 9f05 a803 021d 0500 03a3 0074 0000
003d240 af05 b403 0206 0500 03b3 8e5e 0000 b705
003d250 9803 00f7 0500 03bb e145 0001 bf05 bd03
003d260 01c9 0500 03c3 64aa 0002 c705 4803 0022
003d270 0500 03d3 e643 0000 db05 1403 01b1 0500
003d280 03e3 1d42 0002 eb05 0903 008c 0500 03f7
003d290 9ee9 0001 fb05 e403 023d 0500 03ff 1b91
003d2a0 0001 8305 af04 01fa 0500 0487 3b4e 0000
003d2b0 8f05 9504 026d 0500 0493 2376 0002 9705
003d2c0 9f04 023c 0500 049b 685b 0002 a705 5704
003d2d0 025a 0500 04af 53b9 0001 b705 5204 023f
003d2e0 0500 04bf 5059 0000 cb05 f704 0186 0500
003d2f0 04d3 b2be 0000 d705 d504 00c4 0500 04db
003d300 5a3e 0002 df05 c104 0106 0500 04e3 c70b
003d310 0000 e705 7b04 0274 0500 04eb 0c83 0001
003d320 ef05 ee04 00c1 0500 04f3 401b 0000 fb05
003d330 4704 0151 0500 0583 85e5 0002 8705 d005
003d340 01e6 0500 058b 3088 0002 8f05 6405 00ce
003d350 0500 0593 0ac7 0002 9705 be05 0267 0500
003d360 059b ec43 0001 9f05 8c05 00ec 0500 05ab
003d370 52c3 0000 c305 3f05 019a 0500 05c7 d05f
003d380 0001 cb05 3e05 0223 0500 05cf 49a3 0000
003d390 d305 4b05 01e4 0500 05d7 8fc5 0000 db05
003d3a0 bb05 00de 0500 05df 16b9 0002 e305 4905
003d3b0 0210 0500 05eb fe16 0000 ef05 7605 0285
003d3c0 0500 05f3 70ea 0002 f705 bd05 01dc 0500
003d3d0 05fb 41ee 0001 ff05 b005 027d 0500 0683
003d3e0 926e 0000 8705 8506 027b 0500 068b cca0
003d3f0 0001 8f05 e206 00d8 0500 0697 1002 0001
003d400 9f05 5306 0117 0500 06a3 c8b1 0001 a705
003d410 5806 0138 0500 06ab 4218 0002 af05 f406
003d420 0093 0500 06b3 4673 0002 b705 c306 0097
003d430 0500 06bb 5979 0000 c305 5c06 00e6 0500
003d440 06c7 49c8 0000 cb05 5006 00b6 0500 06cf
003d450 d232 0000 d305 d206 0153 0500 06d7 0cbf
003d460 0002 e305 be06 0003 0500 06e7 ec2f 0000
003d470 eb05 a406 00cc 0500 06ef 4176 0002 f305
003d480 e706 00bf 0500 06fb 9cab 0001 ff05 e406
003d490 001d 0500 0783 0814 0000 8705 2407 007c
003d4a0 0500 078b 2293 0002 9305 9807 007d 0500
003d4b0 0797 56f0 0001 9b05 8c07 0193 0500 079f
003d4c0 8af5 0001 a305 1407 0178 0500 07a7 4f87
003d4d0 0002 ab05 b207 00f4 0500 07af f731 0001
003d4e0 b305 ff07 01d3 0500 07b7 75a9 0000 bf05
003d4f0 5907 0048 0500 07c3 6d4c 0002 c705 3e07
003d500 01bb 0500 07cb 0ca0 0002 cf05 bc07 0284
003d510 0500 07d3 601e 0000 db05 2d07 0068 0500
003d520 07df 5dfc 0001 e305 2107 0239 0500 07e7
003d530 414d 0002 ef05 bd07 007d 0500 07f7 504a
003d540 0002 fb05 6507 00e9 0500 07ff edb6 0001
003d550 8305 5008 01cc 0500 0887 5561 0001 8b05
003d560 4008 024c 0500 088f a1a6 0000 9705 0508
003d570 00b7 0500 089b 4a92 0002 9f05 f408 01cc
003d580 0500 08a3 c1c1 0000 a705 ea08 00e8 0500
003d590 08ab 3a98 0000 af05 2208 001f 0500 08db
003d5a0 1edf 0000 df05 8508 0086 0500 08e3 21b6
003d5b0 0000 e705 e008 022f 0500 08eb 3c58 0002
003d5c0 ab05 7f0c 017e 0500 0cbb b360 0000 c705
003d5d0 320c 009c 0500 0ccb 7a9c 0002 cf05 5b0c
003d5e0 023e 0500 0cd3 1b6b 0000 d705 1f0c 0265
003d5f0 0500 0cdb f388 0000 df05 8d0c 0240 0500
003d600 0ce3 a3fc 0001 e705 b40c 010d 0500 0ceb
003d610 a4b1 0000 ef05 110c 00a1 0500 0cf3 5b34
003d620 0001 fb05 3b0c 009d 0500 0cff 9143 0002
003d630 8305 690d 00e0 0500 0d87 7cfb 0000 8b05
003d640 1c0d 0283 0500 0d8f 59f2 0001 9305 100d
003d650 017c 0500 0d97 8715 0000 9b05 500d 0072
003d660 0500 0da7 7492 0000 af05 920d 0090 0500
003d670 0db3 24f2 0002 b705 7e0d 001c 0500 0dbb
003d680 8d27 0001 bf05 3f0d 01b8 0500 0dc3 d249
003d690 0000 c705 b70d 0090 0500 0dcb cd62 0001
003d6a0 cf05 2e0d 0105 0500 0dd3 96dd 0001 db05
003d6b0 e60d 00cc 0500 0ddf cdeb 0001 e305 d70d
003d6c0 0040 0500 0de7 06a2 0001 ef05 770d 01b7
003d6d0 0500 0df3 72c7 0001 fb05 660d 01ec 0500
003d6e0 0dff c843 0000 8305 e70e 00ce 0500 0e87
003d6f0 b752 0000 8b05 bb0e 016f 0500 0e8f b161
003d700 0001 9305 950e 027c 0500 0e97 b2e0 0001
003d710 9f05 dd0e 00e2 0500 0ea3 c84f 0001 a705
003d720 e50e 0213 0500 0eab 08c6 0000 af05 730e
003d730 004e 0500 0eb3 ffc5 0000 b705 290e 021c
003d740 0500 0ebb 8f66 0001 bf05 2c0e 0079 0500
003d750 0ec7 f9ca 0000 e705 b30e 004f 0500 0eeb
003d760 a8d5 0001 ef05 c40e 0081 0500 0ef3 07ae
003d770 0000 f705 790e 019a 0500 0efb f048 0000
003d780 ff05 060e 00f6 0500 0f8b 27af 0001 8f05
003d790 310f 0278 0500 0f93 c3e6 0000 9705 b70f
003d7a0 0104 0500 0f9b a2c0 0001 9f05 970f 0024
003d7b0 0500 0fa3 cccb 0000 a705 e20f 0089 0500
003d7c0 0fab fe70 0001 af05 460f 0124 0500 0fb3
003d7d0 4e34 0000 b705 980f 006b 0500 0fc3 ab11
003d7e0 0001 cb05 620f 0043 0500 0fcf 1621 0001
003d7f0 d305 040f 0127 0500 0fd7 8efc 0001 db05
003d800 a40f 0195 0500 0fdf 77a2 0002 e305 f20f
003d810 00ad 0500 0feb 203b 0000 ef05 670f 0153
003d820 0500 0ff7 6ad9 0000 ff05 510f 028d 0500
003d830 1087 0edb 0000 9305 e310 0187 0500 1097
003d840 b309 0001 9b05 4d10 0007 0500 109f 757a
003d850 0000 a705 4010 01b1 0500 10ab 7c7e 0000
003d860 b305 1b10 006c 0500 10bb 6133 0001 c305
003d870 5f10 021d 0500 10cb 0631 0000 cf05 b510
003d880 01c4 0500 10d3 cdd7 0000 d705 a310 0228
003d890 0500 10db 3cd9 0001 e305 d110 0150 0500
003d8a0 10eb 5352 0001 ef05 8b10 004d 0500 10f3
003d8b0 dc43 0000 f705 3410 01ef 0500 10fb d76c
003d8c0 0001 8305 a011 0265 0500 118b c569 0000
003d8d0 8f05 6611 015e 0500 11a3 689b 0000 ab05
003d8e0 ba11 023c 0500 11af 0926 0001 bf05 4911
003d8f0 003d 0500 11c7 8fae 0000 cf05 3011 0267
003d900 0500 11e3 dbc5 0000 e705 0511 009c 0500
003d910 11ef 4c37 0001 f305 c711 014b 0500 11f7
003d920 bdea 0000 fb05 8a11 0126 0500 1283 fb10
003d930 0001 9b05 ff12 0201 0500 129f c51c 0001
003d940 a305 0b12 00c8 0500 12ab ab35 0000 af05
003d950 7e12 012f 0500 12b3 7c6e 0001 b705 c712
003d960 016d 0500 12bb 5d64 0000 bf05 1e12 0240
003d970 0500 12c3 a328 0000 cb05 0012 007f 0500
003d980 12d7 a8e6 0000 db05 1512 0003 0500 12e3
003d990 5ef5 0002 eb05 0c12 0165 0500 12ef dc94
003d9a0 0000 f305 a212 00ae 0500 12fb 7119 0001
003d9b0 8b05 5b13 023d 0500 1393 4191 0001 9705
003d9c0 7a13 004b 0500 139b 1fc4 0002 9f05 1213
003d9d0 01b4 0500 13a3 6dae 0001 a705 2213 0166
003d9e0 0500 13ab 8377 0000 b705 9913 016d 0500
003d9f0 13bb c33e 0001 bf05 ce13 00a2 0500 13c7
003da00 cd83 0001 cf05 cc13 0043 0500 13d3 f9f5
003da10 0001 df05 cc13 0274 0500 13e3 c3d9 0001
003da20 e705 f913 0171 0500 13eb faf9 0001 f305
003da30 b713 028e 0500 13f7 5de0 0000 0500 0000
003da40 3305 3e73 0000 3b05 86d9 0001 0500 0000
003da50 9b05 d901 0109 0500 019c 720e 0001 9f05
003da60 ac01 0262 0500 01c1 31d0 0001 de05 7601
003da70 0144 0600 0aaf 3597 0002 0500 0000 1f05
003da80 01e3 0001 3c05 a64a 0000 0500 0000 4a05
003da90 5154 0002 b505 8f09 01d4 0600 09d5 250f
003daa0 0000 fa05 1e0c 0052 0600 0d87 250f 0000
003dab0 0500 0000 1e05 ece1 0001 3d05 92d4 0002
003dac0 0500 0000 2805 78ee 0000 2c06 454e 0000
003dad0 2d06 b527 0000 2e06 5907 0000 2f06 0e63
003dae0 0001 3006 e49d 0001 0500 0000 3905 6b73
003daf0 0001 8805 4202 008c 0500 0289 5b74 0001
003db00 8a05 bc02 0075 0500 028b 5739 0000 8c05
003db10 aa02 0116 0000 0005 0500 2739 006d 0600
003db20 07f1 7726 0001 f206 4607 007e 0600 07f3
003db30 4782 0000 f406 c607 0278 0000 0005 0500
003db40 a518 0238 0500 194d 015e 0500 df4e 004c
003db50 0500 724f 0126 0500 01a0 2c90 0001 a105
003db60 c501 020d 0500 01a3 a316 0000 0500 0000
003db70 1d05 a7a4 0000 2005 6483 0001 2105 3940
003db80 0001 2205 00e8 0002 2305 72fb 0001 2405
003db90 4670 0000 2505 15a0 0001 2605 e907 0000
003dba0 2a05 7654 0000 2b05 ea79 0000 2c05 7de9
003dbb0 0000 3005 4114 0000 3105 3391 0002 3205
003dbc0 1150 0001 3305 e4fa 0001 3405 0a2a 0000
003dbd0 3505 6355 0000 3805 429a 0001 3905 a978
003dbe0 0000 0500 0000 6805 4e89 0002 6905 8d5b
003dbf0 0001 6a05 8195 0002 6b05 3a1e 0000 6c05
003dc00 b4ee 0001 6e05 5a00 0000 7105 b538 0000
003dc10 7505 d7c9 0001 7b05 5af7 0001 7d05 90e4
003dc20 0000 7e05 3f18 0000 7f05 7b54 0001 8005
003dc30 7001 0234 0500 0182 d901 0000 8505 7901
003dc40 005c 0500 018e 5b22 0002 9805 0201 01f4
003dc50 0500 0199 d9bb 0001 9a05 0e01 00b1 0500
003dc60 01a0 c0c3 0000 a105 ae01 0169 0500 01a5
003dc70 2d0a 0002 a805 4901 0279 0500 01a9 3dda
003dc80 0001 aa05 6701 021c 0500 01ac 87eb 0000
003dc90 af05 2601 027d 0500 01b0 62da 0000 b105
003dca0 b501 00ff 0500 01b4 c73d 0001 b505 6f01
003dcb0 0281 0500 01b6 590d 0001 b805 0e01 0251
003dcc0 0500 01ba 4692 0001 bb05 c601 0228 0500
003dcd0 01bc c8b1 0000 be05 eb01 011a 0500 01c3
003dce0 88a1 0002 c405 9401 014e 0500 01c5 167d
003dcf0 0000 c705 7d01 027a 0000 0005 0500 6f03
003dd00 00a4 0500 ee06 01ef 0000 0005 0500 e603
003dd10 015a 0500 441a 00de 0500 0c2a 01a2 0000
003dd20 0005 0600 a316 00c1 0500 0a17 001d 0000
003dd30 0005 0500 3303 005d 0500 a60d 0089 0500
003dd40 9510 000c 0000 0005 0500 9514 0190 0500
003dd50 5316 0100 0500 1b2b 01b7 0500 992c 01a4
003dd60 0500 172d 0154 0000 0005 0500 018d 460b
003dd70 0001 8e05 6401 0151 0500 018f de49 0001
003dd80 9005 ee01 009e 0500 0191 0e2b 0002 9205
003dd90 8d01 0171 0500 0193 eb57 0000 9405 ea01
003dda0 01a5 0500 0195 c064 0001 9605 fa01 020d
003ddb0 0500 0197 7a3d 0000 9805 c501 01f9 0500
003ddc0 0199 3ad3 0002 9a05 4b01 014f 0500 019c
003ddd0 250f 0001 a305 c501 01ad 0500 01b3 1ef4
003dde0 0001 b405 1401 000b 0500 01b5 1f05 0000
003ddf0 b605 b801 0087 0500 01b7 4799 0001 b805
003de00 bb01 0152 0500 01b9 b1b0 0001 ba05 5501
003de10 013e 0500 01bb cbed 0001 0500 0000 2105
003de20 1d3d 0000 2205 cc57 0000 0500 0000 2005
003de30 3feb 0001 2505 a4e7 0001 0500 0000 1f05
003de40 8d1d 0000 be05 6103 0273 0000 0005 0500
003de50 aa1f 00e2 0500 4c2c 021c 0000 0005 0500
003de60 b71f 00cb 0500 fe29 026d 0000 0005 0500
003de70 2c1f 0194 0500 5320 00ce 0600 bf22 0071
003de80 0500 442f 0190 0500 9230 01f1 0500 1e31
003de90 025f 0500 9434 0009 0500 9236 0009 0500
003dea0 a469 00c5 0500 a36c 009e 0500 d872 01fa
003deb0 0500 5f75 014e 0000 0005 0500 6719 0171
003dec0 0500 861a 016f 0500 401b 023e 0500 a71d
003ded0 01f0 0500 ca21 00e0 0000 0005 0500 3520
003dee0 01dc 0500 2f57 00d4 0500 018c 6df8 0000
003def0 0500 0000 1f05 8a86 0002 2905 7567 0002
003df00 2a05 2c86 0002 2b05 829d 0000 2c05 7c3b
003df10 0001 2d05 1ffe 0002 3205 84fc 0002 0500
003df20 0000 5605 03c2 0002 5805 546b 0002 8905
003df30 ca04 0221 0600 059b b029 0000 b505 7806
003df40 00cb 0500 07b1 14fc 0000 c006 dc07 020f
003df50 0500 07dd 0a8d 0000 e905 ae07 0056 0000
003df60 0005 0500 9e4b 0047 0500 9b4f 01b0 0000
003df70 0005 0500 6c2b 00d2 0500 9039 021b 0500
003df80 9a3a 0096 0500 0b3e 01bf 0600 0c94 d21c
003df90 0000 9506 d60c 01a9 0600 0c96 32ee 0001
003dfa0 0500 0000 3905 8d80 0000 5c05 396d 0002
003dfb0 9106 be12 01a9 0000 0005 0500 1e3b 008c
003dfc0 0500 0e50 017e 0000 0005 0500 7339 0140
003dfd0 0500 059c 9dea 0001 0500 0000 1705 5901
003dfe0 0002 1905 1d11 0002 0500 0000 1f05 8186
003dff0 0002 2005 e539 0001 0500 0000 2605 fbe8
003e000 0001 c905 0101 027e 0500 01d3 35d2 0002
003e010 0500 0000 1305 a9a2 0000 1605 8186 0002
003e020 0500 0000 2d05 c463 0001 3006 a5c8 0000
003e030 3106 abb6 0000 3206 b022 0000 3306 ccec
003e040 0001 3406 257b 0001 3506 4bcd 0000 3606
003e050 56a7 0000 3706 5d4e 0000 3806 9781 0001
003e060 3906 6185 0000 3a06 7acf 0000 3b06 75e4
003e070 0000 3c06 ec28 0000 3d06 8314 0002 3e06
003e080 913b 0002 3f06 0346 0000 4006 a449 0000
003e090 4106 ddc0 0001 4206 df22 0000 4306 e545
003e0a0 0000 4406 3ad7 0001 4506 b14e 0000 0500
003e0b0 0000 a205 c902 01d1 0600 02e9 6d10 0000
003e0c0 0500 0000 1e05 07d3 0000 4505 9f78 0000
003e0d0 0000 0000 0000 0000 0000 0000 0000 0000
*
003e0f0 0001 0000 0004 fff1 0000 0000 0000 0000
003e100 0000 0000 0000 0000 0009 0000 0001 0004
003e110 038c 0000 0000 0000 0020 0000 0000 0000
003e120 0013 0000 0004 fff1 0000 0000 0000 0000
003e130 0000 0000 0000 0000 001e 0000 0002 0010
003e140 10b0 0000 0000 0000 0000 0000 0000 0000
003e150 0020 0000 0002 0010 10e0 0000 0000 0000
003e160 0000 0000 0000 0000 0033 0000 0002 0010
003e170 1120 0000 0000 0000 0000 0000 0000 0000
003e180 0049 0000 0001 001a 4010 0000 0000 0000
003e190 0001 0000 0000 0000 0055 0000 0001 0016
003e1a0 3da0 0000 0000 0000 0000 0000 0000 0000
003e1b0 007c 0000 0002 0010 1160 0000 0000 0000
003e1c0 0000 0000 0000 0000 0088 0000 0001 0015
003e1d0 3d90 0000 0000 0000 0000 0000 0000 0000
003e1e0 00a7 0000 0004 fff1 0000 0000 0000 0000
003e1f0 0000 0000 0000 0000 00b0 0000 0001 001a
003e200 4011 0000 0000 0000 0001 0000 0000 0000
003e210 00bf 0000 0001 0012 2008 0000 0000 0000
003e220 0004 0000 0000 0000 00e6 0000 0001 0012
003e230 2010 0000 0000 0000 0008 0000 0000 0000
003e240 0112 0000 0001 0012 2018 0000 0000 0000
003e250 0004 0000 0000 0000 013e 0000 0001 0012
003e260 201c 0000 0000 0000 0004 0000 0000 0000
003e270 0164 0000 0001 0012 2020 0000 0000 0000
003e280 0001 0000 0000 0000 0182 0000 0001 0012
003e290 2021 0000 0000 0000 0001 0000 0000 0000
003e2a0 01a0 0000 0001 0012 2022 0000 0000 0000
003e2b0 0001 0000 0000 0000 01c4 0000 0001 0012
003e2c0 2023 0000 0000 0000 0001 0000 0000 0000
003e2d0 01e4 0000 0001 0012 2024 0000 0000 0000
003e2e0 0004 0000 0000 0000 0203 0000 0001 0012
003e2f0 2028 0000 0000 0000 0008 0000 0000 0000
003e300 021d 0000 0001 0012 2030 0000 0000 0000
003e310 0008 0000 0000 0000 0238 0000 0001 0012
003e320 2038 0000 0000 0000 0008 0000 0000 0000
003e330 0257 0000 0001 0012 2040 0000 0000 0000
003e340 0008 0000 0000 0000 0271 0000 0001 0012
003e350 2048 0000 0000 0000 0008 0000 0000 0000
003e360 028d 0000 0001 0012 2050 0000 0000 0000
003e370 0008 0000 0000 0000 02a9 0000 0001 0012
003e380 2058 0000 0000 0000 0008 0000 0000 0000
003e390 02cb 0000 0001 0012 2060 0000 0000 0000
003e3a0 0008 0000 0000 0000 02ed 0000 0001 0012
003e3b0 2068 0000 0000 0000 0008 0000 0000 0000
003e3c0 030e 0000 0001 0012 2070 0000 0000 0000
003e3d0 0004 0000 0000 0000 0336 0000 0001 0012
003e3e0 2074 0000 0000 0000 0004 0000 0000 0000
003e3f0 035c 0000 0001 0012 2078 0000 0000 0000
003e400 0004 0000 0000 0000 0383 0000 0001 0012
003e410 207c 0000 0000 0000 0004 0000 0000 0000
003e420 03ab 0000 0001 0012 2080 0000 0000 0000
003e430 0004 0000 0000 0000 03d1 0000 0001 0012
003e440 2084 0000 0000 0000 0004 0000 0000 0000
003e450 03f7 0000 0001 0012 2088 0000 0000 0000
003e460 0004 0000 0000 0000 041d 0000 0001 0012
003e470 208c 0000 0000 0000 0004 0000 0000 0000
003e480 0446 0000 0001 0012 2090 0000 0000 0000
003e490 0004 0000 0000 0000 046c 0000 0001 0012
003e4a0 2094 0000 0000 0000 0004 0000 0000 0000
003e4b0 0492 0000 0001 0012 2098 0000 0000 0000
003e4c0 0004 0000 0000 0000 04bc 0000 0001 0012
003e4d0 209c 0000 0000 0000 0004 0000 0000 0000
003e4e0 04e7 0000 0001 0012 20a0 0000 0000 0000
003e4f0 0004 0000 0000 0000 050d 0000 0001 0012
003e500 20a8 0000 0000 0000 0008 0000 0000 0000
003e510 0533 0000 0002 0010 1178 0000 0000 0000
003e520 0056 0000 0000 0000 0563 0000 0002 0010
003e530 11ce 0000 0000 0000 0019 0000 0000 0000
003e540 0013 0000 0004 fff1 0000 0000 0000 0000
003e550 0000 0000 0000 0000 0577 0000 0001 0014
003e560 21e0 0000 0000 0000 0000 0000 0000 0000
003e570 0000 0000 0004 fff1 0000 0000 0000 0000
003e580 0000 0000 0000 0000 0585 0000 0000 0013
003e590 20b0 0000 0000 0000 0000 0000 0000 0000
003e5a0 0598 0000 0001 0017 3da8 0000 0000 0000
003e5b0 0000 0000 0000 0000 05a1 0000 0001 0018
003e5c0 3fa8 0000 0000 0000 0000 0000 0000 0000
003e5d0 05b7 0000 0010 0019 4010 0000 0000 0000
003e5e0 0000 0000 0000 0000 0645 0000 0020 0019
003e5f0 4000 0000 0000 0000 0000 0000 0000 0000
003e600 05be 0000 0011 0012 2000 0000 0000 0000
003e610 0004 0000 0000 0000 05cd 0000 0022 0000
003e620 0000 0000 0000 0000 0000 0000 0000 0000
003e630 0572 0000 0012 0010 1169 0000 0000 0000
003e640 000f 0000 0000 0000 05e8 0000 0211 0019
003e650 4008 0000 0000 0000 0000 0000 0000 0000
003e660 05f5 0000 0212 0011 11e8 0000 0000 0000
003e670 0000 0000 0000 0000 05fb 0000 0012 0000
003e680 0000 0000 0000 0000 0000 0000 0000 0000
003e690 0618 0000 0012 0000 0000 0000 0000 0000
003e6a0 0000 0000 0000 0000 0649 0000 0012 0010
003e6b0 1080 0000 0000 0000 0026 0000 0000 0000
003e6c0 0631 0000 0212 000c 1000 0000 0000 0000
003e6d0 0000 0000 0000 0000 0637 0000 0211 0019
003e6e0 4010 0000 0000 0000 0000 0000 0000 0000
003e6f0 0643 0000 0010 0019 4000 0000 0000 0000
003e700 0000 0000 0000 0000 0650 0000 0010 001a
003e710 4018 0000 0000 0000 0000 0000 0000 0000
003e720 0655 0000 0010 001a 4010 0000 0000 0000
003e730 0000 0000 0000 0000 0661 0000 0012 0000
003e740 0000 0000 0000 0000 0000 0000 0000 0000
003e750 0685 0000 0020 0000 0000 0000 0000 0000
003e760 0000 0000 0000 0000 06a1 0000 0020 0000
003e770 0000 0000 0000 0000 0000 0000 0000 0000
003e780 06b0 0000 0020 0000 0000 0000 0000 0000
003e790 0000 0000 0000 0000 06ca 0000 0012 0000
003e7a0 0000 0000 0000 0000 0000 0000 0000 0000
003e7b0 5300 7263 3174 6f2e 5f00 615f 6962 745f
003e7c0 6761 6300 7472 7473 6675 2e66 0063 6564
003e7d0 6572 6967 7473 7265 745f 5f6d 6c63 6e6f
003e7e0 7365 5f00 645f 5f6f 6c67 626f 6c61 645f
003e7f0 6f74 7372 615f 7875 6300 6d6f 6c70 7465
003e800 6465 302e 5f00 645f 5f6f 6c67 626f 6c61
003e810 645f 6f74 7372 615f 7875 665f 6e69 5f69
003e820 7261 6172 5f79 6e65 7274 0079 7266 6d61
003e830 5f65 7564 6d6d 0079 5f5f 7266 6d61 5f65
003e840 7564 6d6d 5f79 6e69 7469 615f 7272 7961
003e850 655f 746e 7972 6d00 6961 2e6e 7063 0070
003e860 5a5f 7453 384c 5f5f 6f69 6e69 7469 5f00
003e870 4e5a 5f39 675f 756e 635f 7878 324c 5f31
003e880 645f 6665 7561 746c 6c5f 636f 5f6b 6f70
003e890 696c 7963 0045 5a5f 534e 3874 5f5f 6564
003e8a0 6174 6c69 324c 5f35 705f 616c 6674 726f
003e8b0 5f6d 6177 7469 615f 696c 6e67 656d 746e
003e8c0 0045 5a5f 534e 3874 5f5f 6564 6174 6c69
003e8d0 324c 5f35 615f 6f74 696d 5f63 7073 6e69
003e8e0 635f 756f 746e 725f 6c65 7861 0045 5a5f
003e8f0 534e 3874 5f5f 6564 6174 6c69 314c 5f39
003e900 615f 6f74 696d 5f63 7073 6e69 635f 756f
003e910 746e 0045 5a5f 364e 5f5f 7370 6c74 6539
003e920 6578 7563 6974 6e6f 7632 4c31 7333 7165
003e930 0045 5a5f 364e 5f5f 7370 6c74 6539 6578
003e940 7563 6974 6e6f 7632 4c31 7033 7261 0045
003e950 5a5f 364e 5f5f 7370 6c74 6539 6578 7563
003e960 6974 6e6f 7632 4c31 7039 7261 755f 736e
003e970 7165 0045 5a5f 364e 5f5f 7370 6c74 6539
003e980 6578 7563 6974 6e6f 7632 4c31 7535 736e
003e990 7165 0045 5a5f 354e 6974 656d 4c5f 3731
003e9a0 4544 4146 4c55 5f54 4954 454d 555f 494e
003e9b0 4554 5f00 4e5a 7435 6d69 5f65 314c 4432
003e9c0 4645 5541 544c 595f 4145 4552 5f00 4e5a
003e9d0 7435 6d69 5f65 314c 4433 4645 5541 544c
003e9e0 4d5f 4e4f 4854 0045 5a5f 354e 6974 656d
003e9f0 4c5f 3731 4544 4146 4c55 5f54 4f4d 544e
003ea00 5f48 4144 4559 5f00 4e5a 7435 6d69 5f65
003ea10 314c 4432 4645 5541 544c 485f 554f 4552
003ea20 5f00 4e5a 7435 6d69 5f65 314c 4434 4645
003ea30 5541 544c 4d5f 4e49 5455 4545 5f00 4e5a
003ea40 7435 6d69 5f65 314c 4434 4645 5541 544c
003ea50 535f 4345 4e4f 4544 5f00 4e5a 7435 6d69
003ea60 5f65 324c 4430 4645 5541 544c 4d5f 4c49
003ea70 494c 535f 4345 4e4f 4544 5f00 4e5a 7435
003ea80 6d69 5f65 324c 4430 4645 5541 544c 4d5f
003ea90 4349 4f52 535f 4345 4e4f 4544 5f00 4e5a
003eaa0 7435 6d69 5f65 314c 4439 4645 5541 544c
003eab0 4e5f 4e41 5f4f 4553 4f43 444e 0045 5a5f
003eac0 534e 3174 7235 6765 7865 635f 6e6f 7473
003ead0 6e61 7374 314c 6533 7272 726f 635f 6c6f
003eae0 616c 6574 0045 5a5f 534e 3174 7235 6765
003eaf0 7865 635f 6e6f 7473 6e61 7374 314c 6531
003eb00 7272 726f 635f 7974 6570 0045 5a5f 534e
003eb10 3174 7235 6765 7865 635f 6e6f 7473 6e61
003eb20 7374 314c 6532 7272 726f 655f 6373 7061
003eb30 4565 5f00 4e5a 7453 3531 6572 6567 5f78
003eb40 6f63 736e 6174 746e 4c73 3331 7265 6f72
003eb50 5f72 6162 6b63 6572 4566 5f00 4e5a 7453
003eb60 3531 6572 6567 5f78 6f63 736e 6174 746e
003eb70 4c73 3131 7265 6f72 5f72 7262 6361 456b
003eb80 5f00 4e5a 7453 3531 6572 6567 5f78 6f63
003eb90 736e 6174 746e 4c73 3131 7265 6f72 5f72
003eba0 6170 6572 456e 5f00 4e5a 7453 3531 6572
003ebb0 6567 5f78 6f63 736e 6174 746e 4c73 3131
003ebc0 7265 6f72 5f72 7262 6361 4565 5f00 4e5a
003ebd0 7453 3531 6572 6567 5f78 6f63 736e 6174
003ebe0 746e 4c73 3431 7265 6f72 5f72 6162 6264
003ebf0 6172 6563 0045 5a5f 534e 3174 7235 6765
003ec00 7865 635f 6e6f 7473 6e61 7374 314c 6531
003ec10 7272 726f 725f 6e61 6567 0045 5a5f 534e
003ec20 3174 7235 6765 7865 635f 6e6f 7473 6e61
003ec30 7374 314c 6531 7272 726f 735f 6170 6563
003ec40 0045 5a5f 534e 3174 7235 6765 7865 635f
003ec50 6e6f 7473 6e61 7374 314c 6535 7272 726f
003ec60 625f 6461 6572 6570 7461 0045 5a5f 534e
003ec70 3174 7235 6765 7865 635f 6e6f 7473 6e61
003ec80 7374 314c 6536 7272 726f 635f 6d6f 6c70
003ec90 7865 7469 4579 5f00 4e5a 7453 3531 6572
003eca0 6567 5f78 6f63 736e 6174 746e 4c73 3131
003ecb0 7265 6f72 5f72 7473 6361 456b 5f00 4e5a
003ecc0 7453 5f38 645f 7465 6961 4c6c 3931 535f
003ecd0 695f 766e 6c61 6469 735f 6174 6574 695f
003ece0 4564 5f00 345a 5f31 735f 6174 6974 5f63
003ecf0 6e69 7469 6169 696c 617a 6974 6e6f 615f
003ed00 646e 645f 7365 7274 6375 6974 6e6f 305f
003ed10 6969 5f00 4c47 424f 4c41 5f5f 7573 5f62
003ed20 5f49 616d 6e69 5f00 465f 4152 454d 455f
003ed30 444e 5f5f 5f00 475f 554e 455f 5f48 5246
003ed40 4d41 5f45 4448 0052 445f 4e59 4d41 4349
003ed50 5f00 4c47 424f 4c41 4f5f 4646 4553 5f54
003ed60 4154 4c42 5f45 5f00 6465 7461 0061 495f
003ed70 5f4f 7473 6964 5f6e 7375 6465 5f00 635f
003ed80 6178 665f 6e69 6c61 7a69 4065 4c47 4249
003ed90 5f43 2e32 2e32 0035 5f5f 7364 5f6f 6168
003eda0 646e 656c 5f00 6966 696e 5f00 6c5f 6269
003edb0 5f63 7473 7261 5f74 616d 6e69 4740 494c
003edc0 4342 325f 332e 0034 5f5f 7863 5f61 7461
003edd0 7865 7469 4740 494c 4342 325f 322e 352e
003ede0 5f00 6e69 7469 5f00 545f 434d 455f 444e
003edf0 5f5f 5f00 645f 7461 5f61 7473 7261 0074
003ee00 655f 646e 5f00 625f 7373 735f 6174 7472
003ee10 5f00 4e5a 7453 6938 736f 625f 7361 3465
003ee20 6e49 7469 3143 7645 4740 494c 4342 5858
003ee30 335f 342e 5f00 5449 5f4d 6564 6572 6967
003ee40 7473 7265 4d54 6c43 6e6f 5465 6261 656c
003ee50 5f00 675f 6f6d 5f6e 7473 7261 5f74 005f
003ee60 495f 4d54 725f 6765 7369 6574 5472 434d
003ee70 6f6c 656e 6154 6c62 0065 5a5f 534e 3874
003ee80 6f69 5f73 6162 6573 4934 696e 4474 4531
003ee90 4076 4c47 4249 5843 5f58 2e33 0034 2e00
003eea0 7973 746d 6261 2e00 7473 7472 6261 2e00
003eeb0 6873 7473 7472 6261 2e00 6e69 6574 7072
003eec0 2e00 6f6e 6574 672e 756e 702e 6f72 6570
003eed0 7472 0079 6e2e 746f 2e65 6e67 2e75 7562
003eee0 6c69 2d64 6469 2e00 6f6e 6574 412e 4942
003eef0 742d 6761 2e00 6e67 2e75 6168 6873 2e00
003ef00 7964 736e 6d79 2e00 7964 736e 7274 2e00
003ef10 6e67 2e75 6576 7372 6f69 006e 672e 756e
003ef20 762e 7265 6973 6e6f 725f 2e00 6572 616c
003ef30 642e 6e79 2e00 6572 616c 702e 746c 2e00
003ef40 6e69 7469 2e00 6c70 2e74 6f67 0074 702e
003ef50 746c 732e 6365 2e00 6574 7478 2e00 6966
003ef60 696e 2e00 6f72 6164 6174 2e00 6865 665f
003ef70 6172 656d 685f 7264 2e00 6865 665f 6172
003ef80 656d 2e00 6e69 7469 615f 7272 7961 2e00
003ef90 6966 696e 615f 7272 7961 2e00 7964 616e
003efa0 696d 0063 642e 7461 0061 622e 7373 2e00
003efb0 6f63 6d6d 6e65 0074 642e 6265 6775 615f
003efc0 6172 676e 7365 2e00 6564 7562 5f67 6e69
003efd0 6f66 2e00 6564 7562 5f67 6261 7262 7665
003efe0 2e00 6564 7562 5f67 696c 656e 2e00 6564
003eff0 7562 5f67 7473 0072 642e 6265 6775 6c5f
003f000 6e69 5f65 7473 0072 642e 6265 6775 6d5f
003f010 6361 6f72 0000 0000 0000 0000 0000 0000
003f020 0000 0000 0000 0000 0000 0000 0000 0000
*
003f050 0000 0000 0000 0000 001b 0000 0001 0000
003f060 0002 0000 0000 0000 0318 0000 0000 0000
003f070 0318 0000 0000 0000 001c 0000 0000 0000
003f080 0000 0000 0000 0000 0001 0000 0000 0000
003f090 0000 0000 0000 0000 0023 0000 0007 0000
003f0a0 0002 0000 0000 0000 0338 0000 0000 0000
003f0b0 0338 0000 0000 0000 0030 0000 0000 0000
003f0c0 0000 0000 0000 0000 0008 0000 0000 0000
003f0d0 0000 0000 0000 0000 0036 0000 0007 0000
003f0e0 0002 0000 0000 0000 0368 0000 0000 0000
003f0f0 0368 0000 0000 0000 0024 0000 0000 0000
003f100 0000 0000 0000 0000 0004 0000 0000 0000
003f110 0000 0000 0000 0000 0049 0000 0007 0000
003f120 0002 0000 0000 0000 038c 0000 0000 0000
003f130 038c 0000 0000 0000 0020 0000 0000 0000
003f140 0000 0000 0000 0000 0004 0000 0000 0000
003f150 0000 0000 0000 0000 0057 0000 fff6 6fff
003f160 0002 0000 0000 0000 03b0 0000 0000 0000
003f170 03b0 0000 0000 0000 0024 0000 0000 0000
003f180 0006 0000 0000 0000 0008 0000 0000 0000
003f190 0000 0000 0000 0000 0061 0000 000b 0000
003f1a0 0002 0000 0000 0000 03d8 0000 0000 0000
003f1b0 03d8 0000 0000 0000 00d8 0000 0000 0000
003f1c0 0007 0000 0001 0000 0008 0000 0000 0000
003f1d0 0018 0000 0000 0000 0069 0000 0003 0000
003f1e0 0002 0000 0000 0000 04b0 0000 0000 0000
003f1f0 04b0 0000 0000 0000 00e0 0000 0000 0000
003f200 0000 0000 0000 0000 0001 0000 0000 0000
003f210 0000 0000 0000 0000 0071 0000 ffff 6fff
003f220 0002 0000 0000 0000 0590 0000 0000 0000
003f230 0590 0000 0000 0000 0012 0000 0000 0000
003f240 0006 0000 0000 0000 0002 0000 0000 0000
003f250 0002 0000 0000 0000 007e 0000 fffe 6fff
003f260 0002 0000 0000 0000 05a8 0000 0000 0000
003f270 05a8 0000 0000 0000 0050 0000 0000 0000
003f280 0007 0000 0002 0000 0008 0000 0000 0000
003f290 0000 0000 0000 0000 008d 0000 0004 0000
003f2a0 0002 0000 0000 0000 05f8 0000 0000 0000
003f2b0 05f8 0000 0000 0000 00f0 0000 0000 0000
003f2c0 0006 0000 0000 0000 0008 0000 0000 0000
003f2d0 0018 0000 0000 0000 0097 0000 0004 0000
003f2e0 0042 0000 0000 0000 06e8 0000 0000 0000
003f2f0 06e8 0000 0000 0000 0030 0000 0000 0000
003f300 0006 0000 0018 0000 0008 0000 0000 0000
003f310 0018 0000 0000 0000 00a1 0000 0001 0000
003f320 0006 0000 0000 0000 1000 0000 0000 0000
003f330 1000 0000 0000 0000 001b 0000 0000 0000
003f340 0000 0000 0000 0000 0004 0000 0000 0000
003f350 0000 0000 0000 0000 009c 0000 0001 0000
003f360 0006 0000 0000 0000 1020 0000 0000 0000
003f370 1020 0000 0000 0000 0030 0000 0000 0000
003f380 0000 0000 0000 0000 0010 0000 0000 0000
003f390 0010 0000 0000 0000 00a7 0000 0001 0000
003f3a0 0006 0000 0000 0000 1050 0000 0000 0000
003f3b0 1050 0000 0000 0000 0010 0000 0000 0000
003f3c0 0000 0000 0000 0000 0010 0000 0000 0000
003f3d0 0010 0000 0000 0000 00b0 0000 0001 0000
003f3e0 0006 0000 0000 0000 1060 0000 0000 0000
003f3f0 1060 0000 0000 0000 0020 0000 0000 0000
003f400 0000 0000 0000 0000 0010 0000 0000 0000
003f410 0010 0000 0000 0000 00b9 0000 0001 0000
003f420 0006 0000 0000 0000 1080 0000 0000 0000
003f430 1080 0000 0000 0000 0167 0000 0000 0000
003f440 0000 0000 0000 0000 0010 0000 0000 0000
003f450 0000 0000 0000 0000 00bf 0000 0001 0000
003f460 0006 0000 0000 0000 11e8 0000 0000 0000
003f470 11e8 0000 0000 0000 000d 0000 0000 0000
003f480 0000 0000 0000 0000 0004 0000 0000 0000
003f490 0000 0000 0000 0000 00c5 0000 0001 0000
003f4a0 0002 0000 0000 0000 2000 0000 0000 0000
003f4b0 2000 0000 0000 0000 00b0 0000 0000 0000
003f4c0 0000 0000 0000 0000 0008 0000 0000 0000
003f4d0 0000 0000 0000 0000 00cd 0000 0001 0000
003f4e0 0002 0000 0000 0000 20b0 0000 0000 0000
003f4f0 20b0 0000 0000 0000 0044 0000 0000 0000
003f500 0000 0000 0000 0000 0004 0000 0000 0000
003f510 0000 0000 0000 0000 00db 0000 0001 0000
003f520 0002 0000 0000 0000 20f8 0000 0000 0000
003f530 20f8 0000 0000 0000 00ec 0000 0000 0000
003f540 0000 0000 0000 0000 0008 0000 0000 0000
003f550 0000 0000 0000 0000 00e5 0000 000e 0000
003f560 0003 0000 0000 0000 3d90 0000 0000 0000
003f570 2d90 0000 0000 0000 0010 0000 0000 0000
003f580 0000 0000 0000 0000 0008 0000 0000 0000
003f590 0008 0000 0000 0000 00f1 0000 000f 0000
003f5a0 0003 0000 0000 0000 3da0 0000 0000 0000
003f5b0 2da0 0000 0000 0000 0008 0000 0000 0000
003f5c0 0000 0000 0000 0000 0008 0000 0000 0000
003f5d0 0008 0000 0000 0000 00fd 0000 0006 0000
003f5e0 0003 0000 0000 0000 3da8 0000 0000 0000
003f5f0 2da8 0000 0000 0000 0200 0000 0000 0000
003f600 0007 0000 0000 0000 0008 0000 0000 0000
003f610 0010 0000 0000 0000 00ab 0000 0001 0000
003f620 0003 0000 0000 0000 3fa8 0000 0000 0000
003f630 2fa8 0000 0000 0000 0058 0000 0000 0000
003f640 0000 0000 0000 0000 0008 0000 0000 0000
003f650 0008 0000 0000 0000 0106 0000 0001 0000
003f660 0003 0000 0000 0000 4000 0000 0000 0000
003f670 3000 0000 0000 0000 0010 0000 0000 0000
003f680 0000 0000 0000 0000 0008 0000 0000 0000
003f690 0000 0000 0000 0000 010c 0000 0008 0000
003f6a0 0003 0000 0000 0000 4010 0000 0000 0000
003f6b0 3010 0000 0000 0000 0008 0000 0000 0000
003f6c0 0000 0000 0000 0000 0001 0000 0000 0000
003f6d0 0000 0000 0000 0000 0111 0000 0001 0000
003f6e0 0030 0000 0000 0000 0000 0000 0000 0000
003f6f0 3010 0000 0000 0000 002b 0000 0000 0000
003f700 0000 0000 0000 0000 0001 0000 0000 0000
003f710 0001 0000 0000 0000 011a 0000 0001 0000
003f720 0000 0000 0000 0000 0000 0000 0000 0000
003f730 303b 0000 0000 0000 0030 0000 0000 0000
003f740 0000 0000 0000 0000 0001 0000 0000 0000
003f750 0000 0000 0000 0000 0129 0000 0001 0000
003f760 0000 0000 0000 0000 0000 0000 0000 0000
003f770 306b 0000 0000 0000 8437 0000 0000 0000
003f780 0000 0000 0000 0000 0001 0000 0000 0000
003f790 0000 0000 0000 0000 0135 0000 0001 0000
003f7a0 0000 0000 0000 0000 0000 0000 0000 0000
003f7b0 b4a2 0000 0000 0000 090a 0000 0000 0000
003f7c0 0000 0000 0000 0000 0001 0000 0000 0000
003f7d0 0000 0000 0000 0000 0143 0000 0001 0000
003f7e0 0000 0000 0000 0000 0000 0000 0000 0000
003f7f0 bdac 0000 0000 0000 07c1 0000 0000 0000
003f800 0000 0000 0000 0000 0001 0000 0000 0000
003f810 0000 0000 0000 0000 014f 0000 0001 0000
003f820 0030 0000 0000 0000 0000 0000 0000 0000
003f830 c56d 0000 0000 0000 930d 0002 0000 0000
003f840 0000 0000 0000 0000 0001 0000 0000 0000
003f850 0001 0000 0000 0000 015a 0000 0001 0000
003f860 0030 0000 0000 0000 0000 0000 0000 0000
003f870 587a 0003 0000 0000 1374 0000 0000 0000
003f880 0000 0000 0000 0000 0001 0000 0000 0000
003f890 0001 0000 0000 0000 016a 0000 0001 0000
003f8a0 0000 0000 0000 0000 0000 0000 0000 0000
003f8b0 6bee 0003 0000 0000 74e3 0000 0000 0000
003f8c0 0000 0000 0000 0000 0001 0000 0000 0000
003f8d0 0000 0000 0000 0000 0001 0000 0002 0000
003f8e0 0000 0000 0000 0000 0000 0000 0000 0000
003f8f0 e0d8 0003 0000 0000 06d8 0000 0000 0000
003f900 0024 0000 0035 0000 0008 0000 0000 0000
003f910 0018 0000 0000 0000 0009 0000 0003 0000
003f920 0000 0000 0000 0000 0000 0000 0000 0000
003f930 e7b0 0003 0000 0000 06ee 0000 0000 0000
003f940 0000 0000 0000 0000 0001 0000 0000 0000
003f950 0000 0000 0000 0000 0011 0000 0003 0000
003f960 0000 0000 0000 0000 0000 0000 0000 0000
003f970 ee9e 0003 0000 0000 0177 0000 0000 0000
003f980 0000 0000 0000 0000 0001 0000 0000 0000
003f990 0000 0000 0000 0000                    
003f998
